# https://github.com/mikedh/trimesh
v 0.90176191 1.85024893 0.61994521
v 0.93239982 1.83022882 0.69138510
v 1.59773408 1.97170232 0.53680273
v 1.57477334 1.97830708 0.46671630
v 0.96063506 1.80724816 0.76497352
v 1.62384318 1.94610154 0.60142588
v 2.18099389 2.07409601 0.30554811
v 2.19655433 2.07164882 0.36421579
v 2.30283648 2.11083620 0.32648195
v 2.25237169 2.09231670 0.29920474
v 2.21524226 2.04578722 0.41590473
v 2.28107472 2.07049580 0.38040884
v 0.84615813 1.80140862 0.47249921
v 0.85878887 1.83146362 0.55460751
v 1.33724054 1.95763336 0.46586889
v 1.33341635 1.93742006 0.40047250
v 0.87163894 1.83579179 0.62951123
v 1.34896842 1.94735967 0.52674478
v 1.66962247 2.02946832 0.31616126
v 1.67723945 2.03878685 0.37689867
v 1.77231487 2.07310961 0.35908362
v 1.73038669 2.04953534 0.32251175
v 1.68848380 2.02935753 0.43600719
v 1.74630364 2.04867639 0.40940854
v 0.94460603 1.83115339 0.68171993
v 0.97024477 1.81675880 0.74949774
v 1.42852157 1.94822090 0.59846865
v 1.40605097 1.96012705 0.54043900
v 0.98988571 1.80070968 0.81522914
v 1.45385202 1.92135761 0.65094445
v 1.73692923 2.04064499 0.42520842
v 1.75595321 2.03724021 0.48403363
v 1.85034431 2.07076640 0.45556385
v 1.79867211 2.05719426 0.42300021
v 1.77852907 2.01507508 0.53725819
v 1.82544916 2.03985086 0.50177420
v 1.14959253 1.81388345 0.31215794
v 1.09505815 1.82071740 0.39575664
v 1.26083671 1.90217968 0.38695667
v 1.27389344 1.86970597 0.32457366
v 1.01299580 1.81558109 0.46145558
v 1.25202977 1.91598627 0.45130142
v 1.34966758 1.94574793 0.37244585
v 1.32308715 1.90817476 0.33461015
v 1.30804606 1.94043959 0.42456873
v 1.10183883 1.88031043 0.48363192
v 1.05301425 1.88389865 0.55760408
v 1.22307072 1.95597690 0.54223933
v 1.22984262 1.92778524 0.48875038
v 0.97839448 1.88351375 0.62717383
v 1.22198924 1.96332826 0.60204523
v 1.22994397 1.96511072 0.59588933
v 1.30505047 1.99845529 0.52285559
v 1.27952765 1.96318656 0.49373669
v 1.27037594 1.99153579 0.57270352
v 1.07875094 1.93187392 0.60146231
v 1.07713163 1.93476872 0.60570199
v 1.10210968 1.92437829 0.67736793
v 1.10204854 1.92006534 0.67347377
v 1.10251203 1.92188493 0.67468805
v 1.21089023 1.96750534 0.62737023
v 1.19784647 1.96576620 0.56961991
v 1.12897521 1.90467777 0.74400739
v 1.12655481 1.90103117 0.74303454
v 1.23171073 1.95273437 0.68148152
v 1.27857763 2.02025260 0.60410783
v 1.24785288 1.99571470 0.57501629
v 1.26872166 1.98539732 0.65110470
v 0.54232198 1.36980990 0.53183024
v 0.81602396 1.85780334 0.70104241
v 0.81449752 1.85390489 0.69896321
v 0.81427915 1.85447315 0.69969803
v 0.59866101 1.28210595 0.55646221
v 0.84335795 1.83776865 0.80265080
v 0.84318863 1.83518521 0.80044817
v 0.84342749 1.83618570 0.80113148
v 0.84502872 1.83970083 0.80278602
v 0.84393212 1.83737037 0.80172338
v 0.59866101 1.28210595 0.55646221
v 0.84383147 1.83795887 0.80236147
v 0.86833524 1.80085934 0.88318607
v 0.86811550 1.79988336 0.88250651
v 0.62676299 1.19912996 0.58546718
v 0.86824055 1.80080847 0.88323217
v 0.86645186 1.79858669 0.88294695
v 1.08446704 1.92275859 0.62990254
v 1.08304398 1.92416584 0.63258629
v 1.10893488 1.90688148 0.70253271
v 1.10893859 1.90414242 0.70001796
v 1.10904830 1.90419011 0.69995424
v 1.24888215 1.94847489 0.65078173
v 1.13673743 1.88151316 0.76792099
v 1.13495998 1.87975792 0.76805247
v 1.27255047 1.91544406 0.69673296
v 1.29910921 1.98128621 0.63608758
v 1.26124976 1.97426768 0.61035120
v 1.28909845 1.93876193 0.67787329
v 1.11063930 1.89100547 0.74397479
v 1.08586105 1.90385241 0.66783821
v 1.13670854 1.86165805 0.81547362
v 1.25133694 1.94567089 0.63616134
v 1.27013679 1.93027294 0.68521140
v 1.32458457 1.95224929 0.67094023
v 1.27902282 1.94839480 0.64140352
v 1.29352478 1.89895780 0.73423992
v 1.31314259 1.90881661 0.70802585
v 0.21147700 2.30856462 1.66601542
v 0.21147700 2.30856462 1.66601542
v 0.29194501 2.25152965 1.65644433
v 0.29194501 2.25152965 1.65644433
v 0.33553001 2.23525474 1.54471137
v 0.33553001 2.23525474 1.54471137
v 0.33553001 2.23525474 1.54471137
v 0.24831100 2.29665874 1.50676838
v 0.24831100 2.29665874 1.50676838
v 0.24831100 2.29665874 1.50676838
v 0.35976401 2.16850781 1.41081036
v 0.35976401 2.16850781 1.41081036
v 0.35976401 2.16850781 1.41081036
v 0.26294199 2.23097182 1.38042738
v 0.26294199 2.23097182 1.38042738
v 0.26294199 2.23097182 1.38042738
v 0.40067101 1.96461478 1.23689339
v 0.40067101 1.96461478 1.23689339
v 0.40067101 1.96461478 1.23689339
v 0.26248401 2.08311776 1.20373129
v 0.26248401 2.08311776 1.20373129
v 0.26248401 2.08311776 1.20373129
v 0.37196100 1.79068881 1.08844930
v 0.37196100 1.79068881 1.08844930
v 0.37196100 1.79068881 1.08844930
v 0.37196100 1.79068881 1.08844930
v 0.25402299 1.85320586 1.03073628
v 0.25402299 1.85320586 1.03073628
v 0.25402299 1.85320586 1.03073628
v 0.36774600 1.69957383 0.99985628
v 0.36774600 1.69957383 0.99985628
v 0.36774600 1.69957383 0.99985628
v 0.36774600 1.69957383 0.99985628
v 0.25483900 1.78450987 0.87007529
v 0.25483900 1.78450987 0.87007529
v 0.25483900 1.78450987 0.87007529
v 0.15707600 2.27457064 1.80436244
v 0.15707600 2.27457064 1.80436244
v 0.15707600 2.27457064 1.80436244
v 0.22398999 2.23247761 1.76289036
v 0.22398999 2.23247761 1.76289036
v 0.22398999 2.23247761 1.76289036
v 0.10208300 2.18895976 1.88134838
v 0.10208300 2.18895976 1.88134838
v 0.10208300 2.18895976 1.88134838
v 0.13084801 2.16842668 1.86217941
v 0.13084801 2.16842668 1.86217941
v 0.13084801 2.16842668 1.86217941
v 0.13084801 2.16842668 1.86217941
v 0.25867301 2.18896075 1.65305031
v 0.25867301 2.18896075 1.65305031
v 0.25867301 2.18896075 1.65305031
v 0.25867301 2.18896075 1.65305031
v 0.24747799 2.14792677 1.62609232
v 0.24747799 2.14792677 1.62609232
v 0.24747799 2.14792677 1.62609232
v 0.24747799 2.14792677 1.62609232
v 0.24747799 2.14792677 1.62609232
v 0.34338200 2.01348375 1.50913034
v 0.34338200 2.01348375 1.50913034
v 0.34338200 2.01348375 1.50913034
v 0.34338200 2.01348375 1.50913034
v 0.43139699 1.81864275 1.31455536
v 0.43139699 1.81864275 1.31455536
v 0.43139699 1.81864275 1.31455536
v 0.35281599 2.11840867 1.48212635
v 0.35281599 2.11840867 1.48212635
v 0.35281599 2.11840867 1.48212635
v 0.35281599 2.11840867 1.48212635
v 0.33019301 1.89301679 1.56388637
v 0.33019301 1.89301679 1.56388637
v 0.40959299 1.70788681 1.43641930
v 0.40959299 1.70788681 1.43641930
v 0.40959299 1.70788681 1.43641930
v 0.24620900 1.77926167 1.65307433
v 0.24620900 1.77926167 1.65307433
v 0.24620900 1.77926167 1.65307433
v 0.29532701 1.61487076 1.58905521
v 0.29532701 1.61487076 1.58905521
v 0.29532701 1.61487076 1.58905521
v 0.10102500 1.71570070 1.70978933
v 0.10102500 1.71570070 1.70978933
v 0.10102500 1.71570070 1.70978933
v 0.13813600 1.57388874 1.65437022
v 0.13813600 1.57388874 1.65437022
v 0.13813600 1.57388874 1.65437022
v 0.18664700 2.00360960 1.77254734
v 0.18664700 2.00360960 1.77254734
v 0.18664700 2.00360960 1.77254734
v 0.18664700 2.00360960 1.77254734
v 0.18664700 2.00360960 1.77254734
v 0.15934700 1.90573174 1.78220733
v 0.15934700 1.90573174 1.78220733
v 0.15934700 1.90573174 1.78220733
v 0.15934700 1.90573174 1.78220733
v 0.06161800 1.85789066 1.80557628
v 0.06161800 1.85789066 1.80557628
v 0.06161800 1.85789066 1.80557628
v 0.20153700 2.04952282 1.75610338
v 0.20153700 2.04952282 1.75610338
v 0.20153700 2.04952282 1.75610338
v 0.20153700 2.04952282 1.75610338
v 0.46857101 1.67517081 1.22847025
v 0.46857101 1.67517081 1.22847025
v 0.46857101 1.67517081 1.22847025
v 0.46857101 1.67517081 1.22847025
v 0.44403899 1.58446778 1.36955729
v 0.44403899 1.58446778 1.36955729
v 0.44403899 1.58446778 1.36955729
v 0.44403899 1.58446778 1.36955729
v 0.31901100 1.49547873 1.53638829
v 0.31901100 1.49547873 1.53638829
v 0.31901100 1.49547873 1.53638829
v 0.31901100 1.49547873 1.53638829
v 0.16370299 1.45735678 1.60520328
v 0.16370299 1.45735678 1.60520328
v 0.16370299 1.45735678 1.60520328
v 0.23692299 2.18944878 1.71017433
v 0.23692299 2.18944878 1.71017433
v 0.23692299 2.18944878 1.71017433
v 0.24747799 2.10005375 1.65057540
v 0.24747799 2.10005375 1.65057540
v 0.24747799 2.10005375 1.65057540
v 0.24747799 2.10005375 1.65057540
v 0.22005400 2.09799762 1.70137131
v 0.22005400 2.09799762 1.70137131
v 0.22005400 2.09799762 1.70137131
v 0.22005400 2.09799762 1.70137131
v 0.20201300 2.14146966 1.73082435
v 0.20201300 2.14146966 1.73082435
v 0.20201300 2.14146966 1.73082435
v 0.16927400 2.09025281 1.80883538
v 0.16927400 2.09025281 1.80883538
v 0.16927400 2.09025281 1.80883538
v 0.25397801 2.14493961 1.68798435
v 0.13673601 2.32408475 1.49507335
v 0.13673601 2.32408475 1.49507335
v 0.11677300 2.33190580 1.66923443
v 0.11677300 2.33190580 1.66923443
v 0.13606399 2.25834084 1.36206438
v 0.13606399 2.25834084 1.36206438
v 0.13801800 2.12800077 1.19497430
v 0.13801800 2.12800077 1.19497430
v 0.14204700 1.89973278 0.98350831
v 0.14204700 1.89973278 0.98350831
v 0.32296977 1.73147420 0.26147727
v 0.14655700 1.85188482 0.81748332
v 0.14655700 1.85188482 0.81748332
v 0.08864600 2.29426878 1.81889644
v 0.08864600 2.29426878 1.81889644
v 0.05606200 2.20994965 1.89996542
v 0.05606200 2.20994965 1.89996542
v 0.07979600 2.13922563 1.97888542
v 0.07979600 2.13922563 1.97888542
v 0.07979600 2.13922563 1.97888542
v 0.07979600 2.13922563 1.97888542
v 0.10987500 2.11394372 1.96069836
v 0.10987500 2.11394372 1.96069836
v 0.10987500 2.11394372 1.96069836
v 0.10987500 2.11394372 1.96069836
v 0.16878299 2.02945368 1.87040232
v 0.16878299 2.02945368 1.87040232
v 0.16878299 2.02945368 1.87040232
v 0.16878299 2.02945368 1.87040232
v 0.12967500 1.94003264 1.87334630
v 0.12967500 1.94003264 1.87334630
v 0.12967500 1.94003264 1.87334630
v 0.12967500 1.94003264 1.87334630
v 0.05326700 1.89825873 1.89021035
v 0.05326700 1.89825873 1.89021035
v 0.05326700 1.89825873 1.89021035
v 0.14255400 2.07323256 1.92537939
v 0.14255400 2.07323256 1.92537939
v 0.14255400 2.07323256 1.92537939
v 0.14255400 2.07323256 1.92537939
v 0.04850000 2.07408155 2.08260333
v 0.04850000 2.07408155 2.08260333
v 0.06862400 2.06045354 2.06799733
v 0.06862400 2.06045354 2.06799733
v 0.11303200 2.02337756 1.98317037
v 0.11303200 2.02337756 1.98317037
v 0.11303200 2.02337756 1.98317037
v 0.07452000 1.97494867 1.99929438
v 0.07452000 1.97494867 1.99929438
v 0.03611100 1.94560172 2.00894126
v 0.03611100 1.94560172 2.00894126
v 0.08866100 2.04338373 2.04819833
v 0.08866100 2.04338373 2.04819833
v 0.04856200 2.15466776 1.98929537
v 0.04856200 2.15466776 1.98929537
v 0.02587300 2.08352864 2.08737027
v 0.10917100 2.02164854 2.01000629
v 0.10917100 2.02164854 2.01000629
v 0.10917100 2.02164854 2.01000629
v 0.00000000 1.70869572 1.71813123
v 0.00000000 1.70869572 1.71813123
v 0.00000000 1.56734677 1.66426327
v 0.00000000 1.56734677 1.66426327
v 0.00000000 1.84639566 1.81130333
v 0.00000000 1.84639566 1.81130333
v 0.00000000 1.45811471 1.61912323
v 0.00000000 1.45811471 1.61912323
v 0.00000000 1.88421968 1.89798029
v 0.00000000 1.88421968 1.89798029
v 0.00000000 1.92929866 2.00705728
v 0.00000000 1.88027583 0.79404934
v 0.00000000 1.88027583 0.79404934
v 0.00000000 1.93188484 0.94441232
v 0.00000000 1.93188484 0.94441232
v 0.00000000 2.16527990 1.18959034
v 0.00000000 2.16527990 1.18959034
v 0.00000000 2.27592779 1.34949436
v 0.00000000 2.27592779 1.34949436
v 0.00000000 2.34577774 1.48541240
v 0.00000000 2.34577774 1.48541240
v 0.00000000 2.34925862 1.67314843
v 0.00000000 2.34925862 1.67314843
v 0.00000000 2.30661075 1.82902935
v 0.00000000 2.30661075 1.82902935
v 0.00000000 2.21968070 1.90938939
v 0.00000000 2.21968070 1.90938939
v 0.00000000 2.16232362 1.99377633
v 0.00000000 2.16232362 1.99377633
v 0.00000000 2.09297670 2.08515346
v 0.00000000 1.99263858 2.17970524
v 0.00000000 1.99263858 2.17970524
v 0.00000000 1.99263858 2.17970524
v 0.00000000 1.99828768 2.13418136
v 0.00000000 1.99828768 2.13418136
v 0.00000000 1.99828768 2.13418136
v 0.00000000 2.02969567 1.87331031
v 0.00000000 2.02969567 1.87331031
v 0.00000000 2.00360960 1.77254734
v 0.00000000 2.02342167 1.99957929
v 0.00000000 2.02342167 1.99957929
v 0.52962399 1.54031782 1.15147426
v 0.52962399 1.54031782 1.15147426
v 0.52962399 1.54031782 1.15147426
v 0.52962399 1.54031782 1.15147426
v 0.48833299 1.46059384 1.31048930
v 0.48833299 1.46059384 1.31048930
v 0.48833299 1.46059384 1.31048930
v 0.48833299 1.46059384 1.31048930
v 0.34610900 1.37181674 1.47510421
v 0.34610900 1.37181674 1.47510421
v 0.34610900 1.37181674 1.47510421
v 0.34610900 1.37181674 1.47510421
v 0.19040801 1.33038471 1.54434525
v 0.19040801 1.33038471 1.54434525
v 0.19040801 1.33038471 1.54434525
v 0.19040801 1.33038471 1.54434525
v 0.00000000 1.31495974 1.56567119
v 0.00000000 1.31495974 1.56567119
v 0.44483700 1.61636684 0.85580126
v 0.44483700 1.61636684 0.85580126
v 0.44483700 1.61636684 0.85580126
v 0.44483700 1.61636684 0.85580126
v 0.51195428 1.80907373 0.43100454
v 0.31020999 1.68247187 0.69503628
v 0.31020999 1.68247187 0.69503628
v 0.31020999 1.68247187 0.69503628
v 0.30693755 1.78086797 0.39500126
v 0.49971997 1.84765752 0.37861559
v 0.30132401 1.74208487 0.66764432
v 0.14407000 1.76353695 0.58718431
v 0.14407000 1.76353695 0.58718431
v 0.56109991 1.78396257 0.22421908
v 0.14407000 1.76353695 0.58718431
v 0.00000000 1.77369490 0.56163931
v 0.00000000 1.77369490 0.56163931
v 0.57375199 1.47123486 1.05963326
v 0.57375199 1.47123486 1.05963326
v 0.57375199 1.47123486 1.05963326
v 0.57375199 1.47123486 1.05963326
v 0.56454700 1.31119278 1.22982119
v 0.56454700 1.31119278 1.22982119
v 0.56454700 1.31119278 1.22982119
v 0.56454700 1.31119278 1.22982119
v 0.38994700 1.20833779 1.38100716
v 0.38994700 1.20833779 1.38100716
v 0.38994700 1.20833779 1.38100716
v 0.38994700 1.20833779 1.38100716
v 0.20746100 1.15490376 1.44906218
v 0.20746100 1.15490376 1.44906218
v 0.20746100 1.15490376 1.44906218
v 0.20746100 1.15490376 1.44906218
v 0.00000000 1.13687777 1.47179623
v 0.00000000 1.13687777 1.47179623
v 0.45400000 1.55432891 0.77984925
v 0.45400000 1.55432891 0.77984925
v 0.45400000 1.55432891 0.77984925
v 0.45400000 1.55432891 0.77984925
v 0.30563399 1.63245894 0.59055827
v 0.30563399 1.63245894 0.59055827
v 0.30563399 1.63245894 0.59055827
v 0.77793636 1.86364289 0.36960535
v 0.29063001 1.59339087 0.43202427
v 0.13997100 1.63012189 0.35741527
v 0.13997100 1.63012189 0.35741527
v 0.13997100 1.63012189 0.35741527
v 0.82526964 1.81037997 0.21296426
v 0.00000000 1.64108795 0.32634828
v 0.00000000 1.64108795 0.32634828
v 0.60962099 1.35496183 0.96979021
v 0.60962099 1.35496183 0.96979021
v 0.60962099 1.35496183 0.96979021
v 0.60962099 1.35496183 0.96979021
v 0.59059203 1.18998783 1.13545724
v 0.59059203 1.18998783 1.13545724
v 0.59059203 1.18998783 1.13545724
v 0.59059203 1.18998783 1.13545724
v 0.42010599 1.06221583 1.27770919
v 0.42010599 1.06221583 1.27770919
v 0.42010599 1.06221583 1.27770919
v 0.42010599 1.06221583 1.27770919
v 0.21753900 1.00829674 1.33631711
v 0.21753900 1.00829674 1.33631711
v 0.21753900 1.00829674 1.33631711
v 0.21753900 1.00829674 1.33631711
v 0.00000000 0.98410178 1.36132412
v 0.00000000 0.98410178 1.36132412
v 0.46210599 1.37959185 0.54134023
v 0.46210599 1.37959185 0.54134023
v 0.46210599 1.37959185 0.54134023
v 0.46210599 1.37959185 0.54134023
v 0.33658099 1.50508289 0.43117525
v 0.82772176 1.84816191 0.45441257
v 0.33658099 1.50508289 0.43117525
v 0.33658099 1.50508289 0.43117525
v 0.13957199 1.45929001 0.10824224
v 0.13957199 1.45929001 0.10824224
v 1.12682601 1.82756413 0.21923680
v 0.13957199 1.45929001 0.10824224
v 1.08251468 1.87012550 0.31923019
v 0.00000000 1.46538304 0.07784525
v 0.00000000 1.46538304 0.07784525
v 0.62994999 1.14596092 0.76641817
v 0.62994999 1.14596092 0.76641817
v 0.62994999 1.14596092 0.76641817
v 0.62994999 1.14596092 0.76641817
v 0.60435498 1.02098688 0.93469714
v 0.60435498 1.02098688 0.93469714
v 0.60435498 1.02098688 0.93469714
v 0.60435498 1.02098688 0.93469714
v 0.43425500 0.90337181 1.09051314
v 0.43425500 0.90337181 1.09051314
v 0.43425500 0.90337181 1.09051314
v 0.43425500 0.90337181 1.09051314
v 0.22050799 0.84648983 1.14049413
v 0.22050799 0.84648983 1.14049413
v 0.22050799 0.84648983 1.14049413
v 0.22050799 0.84648983 1.14049413
v 0.00000000 0.82187681 1.16034212
v 0.00000000 0.82187681 1.16034212
v 0.49092299 1.19981200 0.32697620
v 0.49092299 1.19981200 0.32697620
v 0.49092299 1.19981200 0.32697620
v 0.49092299 1.19981200 0.32697620
v 1.18571742 1.85846065 0.32406350
v 0.23193499 1.37909900 0.08703123
v 0.23193499 1.37909900 0.08703123
v 0.23193499 1.37909900 0.08703123
v 0.60026598 1.00559189 0.57574915
v 0.60026598 1.00559189 0.57574915
v 0.60026598 1.00559189 0.57574915
v 0.60026598 1.00559189 0.57574915
v 0.56706297 0.89538186 0.73161414
v 0.56706297 0.89538186 0.73161414
v 0.56706297 0.89538186 0.73161414
v 0.56706297 0.89538186 0.73161414
v 0.39719099 0.77712384 0.87229414
v 0.39719099 0.77712384 0.87229414
v 0.39719099 0.77712384 0.87229414
v 0.39719099 0.77712384 0.87229414
v 0.20755400 0.71568188 0.91735011
v 0.20755400 0.71568188 0.91735011
v 0.20755400 0.71568188 0.91735011
v 0.20755400 0.71568188 0.91735011
v 0.00000000 0.69527086 0.93033713
v 0.00000000 0.69527086 0.93033713
v 0.47053501 1.11350294 0.21678419
v 0.47053501 1.11350294 0.21678419
v 0.47053501 1.11350294 0.21678419
v 0.47053501 1.11350294 0.21678419
v 0.24534000 1.29732704 -0.00411178
v 0.24534000 1.29732704 -0.00411178
v 0.24534000 1.29732704 -0.00411178
v 0.24534000 1.29732704 -0.00411178
v 0.13681599 1.31177200 -0.07520378
v 0.13681599 1.31177200 -0.07520378
v 0.13681599 1.31177200 -0.07520378
v 0.13681599 1.31177200 -0.07520378
v 0.00000000 1.32869901 -0.11336677
v 0.00000000 1.32869901 -0.11336677
v 0.57947499 0.92714892 0.43736417
v 0.57947499 0.92714892 0.43736417
v 0.57947499 0.92714892 0.43736417
v 0.57947499 0.92714892 0.43736417
v 0.53616500 0.80125388 0.57472612
v 0.53616500 0.80125388 0.57472612
v 0.53616500 0.80125388 0.57472612
v 0.53616500 0.80125388 0.57472612
v 0.37565100 0.67647791 0.69161713
v 0.37565100 0.67647791 0.69161713
v 0.37565100 0.67647791 0.69161713
v 0.37565100 0.67647791 0.69161713
v 0.19022900 0.62546485 0.74710213
v 0.19022900 0.62546485 0.74710213
v 0.19022900 0.62546485 0.74710213
v 0.19022900 0.62546485 0.74710213
v 0.00000000 0.61028188 0.75681911
v 0.00000000 0.61028188 0.75681911
v 0.41740400 0.92997099 -0.06488784
v 0.41740400 0.92997099 -0.06488784
v 0.41740400 0.92997099 -0.06488784
v 0.41740400 0.92997099 -0.06488784
v 0.28505400 1.08019307 -0.18981781
v 0.28505400 1.08019307 -0.18981781
v 0.28505400 1.08019307 -0.18981781
v 0.28505400 1.08019307 -0.18981781
v 0.13722800 1.15611009 -0.22802581
v 0.13722800 1.15611009 -0.22802581
v 0.13722800 1.15611009 -0.22802581
v 0.13722800 1.15611009 -0.22802581
v 0.00000000 1.19421808 -0.25041480
v 0.00000000 1.19421808 -0.25041480
v 0.51396102 0.77088598 0.14075613
v 0.51396102 0.77088598 0.14075613
v 0.51396102 0.77088598 0.14075613
v 0.51396102 0.77088598 0.14075613
v 0.49230701 0.70160496 0.38861111
v 0.49230701 0.70160496 0.38861111
v 0.49230701 0.70160496 0.38861111
v 0.24582100 0.46013692 0.53664406
v 0.24582100 0.46013692 0.53664406
v 0.39314699 0.49499292 0.50615307
v 0.39314699 0.49499292 0.50615307
v 0.39314699 0.49499292 0.50615307
v 0.00000000 0.43522090 0.50761707
v 0.00000000 0.43522090 0.50761707
v 0.14449000 0.43905190 0.49843807
v 0.14449000 0.43905190 0.49843807
v 0.14449000 0.43905190 0.49843807
v 0.14449000 0.43905190 0.49843807
v 0.43710601 0.53687393 0.39623010
v 0.43710601 0.53687393 0.39623010
v 0.43710601 0.53687393 0.39623010
v 0.00000000 0.37853494 0.39208505
v 0.00000000 0.37853494 0.39208505
v 0.00000000 0.37853494 0.39208505
v 0.00000000 0.37853494 0.39208505
v 0.06243400 0.38645693 0.39476207
v 0.06243400 0.38645693 0.39476207
v 0.06243400 0.38645693 0.39476207
v 0.39586699 0.47211596 0.22200108
v 0.39586699 0.47211596 0.22200108
v 0.39586699 0.47211596 0.22200108
v 0.39586699 0.47211596 0.22200108
v 0.39586699 0.47211596 0.22200108
v 0.00000000 0.29973298 0.21240505
v 0.00000000 0.29973298 0.21240505
v 0.16866000 0.26553787 0.48538345
v 0.16866000 0.34657695 0.21630806
v 0.16866000 0.34657695 0.21630806
v 0.16866000 0.34657695 0.21630806
v 0.33923301 0.45003799 -0.01395892
v 0.33923301 0.45003799 -0.01395892
v 0.33923301 0.45003799 -0.01395892
v 0.33923301 0.45003799 -0.01395892
v 0.42648500 0.67536903 -0.04938489
v 0.42648500 0.67536903 -0.04938489
v 0.42648500 0.67536903 -0.04938489
v 0.42648500 0.67536903 -0.04938489
v 0.00000000 0.28729600 0.00759305
v 0.11763600 0.30439299 0.00086105
v 0.24240749 0.44478608 -0.35737012
v 0.28475201 0.44478608 -0.37627892
v 0.28475201 0.44478608 -0.37627892
v 0.28475201 0.44478608 -0.37627892
v 0.31227800 0.54613704 -0.40907889
v 0.31227800 0.54613704 -0.40907889
v 0.31227800 0.54613704 -0.40907889
v 0.31227800 0.54613704 -0.40907889
v 0.27906099 0.40116399 0.01457207
v 0.27906099 0.40116399 0.01457207
v 0.27906099 0.40116399 0.01457207
v 0.27906099 0.40116399 0.01457207
v 0.15584700 0.38451907 -0.33822193
v 0.15584700 0.38451907 -0.33822193
v 0.15584700 0.38451907 -0.33822193
v 0.10800249 0.38451907 -0.35700652
v 0.00000000 0.37643200 0.02130406
v 0.00000000 0.37643200 0.02130406
v 0.00000000 0.36944705 -0.31650194
v 0.00000000 0.36944705 -0.31650194
v 0.36577997 0.31748214 -0.80801835
v 0.27673799 0.31748214 -0.84344096
v 0.29321200 0.38576015 -0.85333496
v 0.29321200 0.38576015 -0.85333496
v 0.15200700 0.26816314 -0.82967396
v 0.24219603 0.26816314 -0.82979817
v 0.00000000 0.26328715 -0.83139594
v 0.28086200 0.16805024 -1.39117500
v 0.28086200 0.16805024 -1.39117500
v 0.28086200 0.16805024 -1.39117500
v 0.22169584 0.13217423 -1.36785953
v 0.50590997 0.13217423 -1.32062760
v 0.26742500 0.13217423 -1.37477694
v 0.26742500 0.13217423 -1.37477694
v 0.33257924 -0.08707268 -1.87453909
v 0.33677868 -0.08707268 -1.87565478
v 0.22296669 -0.08707268 -1.88588390
v 0.24117699 -0.08707268 -1.89278306
v 0.20443331 0.20016223 -1.41207856
v 0.25856200 0.20016223 -1.41099891
v 0.25856200 0.20016223 -1.41099891
v 0.25856200 0.20016223 -1.41099891
v 0.14754599 0.11364423 -1.35894702
v 0.10187290 0.11364423 -1.38410839
v 0.14754599 0.11364423 -1.35894702
v 0.38640438 0.11364423 -1.33906609
v 0.14497000 -0.10086565 -2.08111693
v 0.28927940 -0.10086565 -2.08154285
v 0.14497000 -0.10086565 -2.08111693
v 0.14497000 -0.10086565 -2.08111693
v 0.26011119 -0.10086565 -2.07860526
v 0.18156147 -0.10086565 -2.09327493
v 0.00000000 0.12061623 -1.38790796
v 0.00000000 0.12061623 -1.38790796
v 0.00000000 -0.09064264 -2.14950301
v 0.00000000 -0.09064264 -2.14950301
v 0.30287228 -0.07342668 -1.87281111
v 0.33078329 -0.07342668 -1.87609178
v 0.21695883 -0.07342668 -1.88608716
v 0.17311853 0.24855425 -1.44493740
v 0.40601707 0.24855425 -1.41976885
v 0.16950139 0.24855425 -1.45907848
v 0.21081600 0.24855425 -1.44490393
v 0.00000000 -0.08114764 -2.15613104
v 0.00000000 -0.08114764 -2.15613104
v 0.24943000 0.83235605 -0.43920586
v 0.20424866 0.83235605 -0.43376218
v 0.24943000 0.83235605 -0.43920586
v 0.24943000 0.83235605 -0.43920586
v 0.13186300 0.92483708 -0.52738687
v 0.13186300 0.92483708 -0.52738687
v 0.13186300 0.92483708 -0.52738687
v 0.11103741 0.92483708 -0.54738239
v 0.00000000 0.92736307 -0.53783085
v 0.00000000 0.92736307 -0.53783085
v 0.29163301 0.69654305 -0.43346587
v 0.29163301 0.69654305 -0.43346587
v 0.29163301 0.69654305 -0.43346587
v 0.29163301 0.69654305 -0.43346587
v 0.27134600 0.47841415 -0.87614689
v 0.27134600 0.47841415 -0.87614689
v 0.29757594 0.56232015 -0.88983709
v 0.23156901 0.56232015 -0.90438893
v 0.13107599 0.62794415 -0.96261890
v 0.21382251 0.62794415 -0.97030409
v 0.00000000 0.63882117 -0.97577788
v 0.13016300 0.28297324 -1.46833391
v 0.13016300 0.28297324 -1.46833391
v 0.33325441 0.28297324 -1.46171484
v 0.10032818 0.28297324 -1.48683532
v 0.00000000 0.30355225 -1.48464591
v 0.00000000 0.30355225 -1.48464591
v 0.45759175 1.77174291 0.66567931
v 0.45759175 1.77174291 0.66567931
v 0.45208001 1.55357788 0.84563627
v 0.20635548 1.71642871 0.60436662
v 0.55075997 1.62549481 0.84980229
v 0.40657323 1.87914349 0.69377490
v 0.20099678 1.75127800 0.59774487
v 0.15829053 1.71020412 0.82483817
v 0.16362381 1.67715890 0.83334958
v 1.00721091 1.94375499 0.65528965
v 0.49763599 1.42056088 0.44064024
v 0.29542025 1.71012384 1.03225807
v 0.42993116 1.79030909 0.89077716
v 0.32120590 1.68426789 1.03005873
v 0.42034019 1.76277516 0.91923093
v 0.53236354 1.84535914 0.83815035
v 0.73814625 1.87287778 0.79094022
v 0.65396025 1.70618394 1.11235341
v 0.70911902 1.13576087 0.88730420
v 0.70814795 1.83430011 0.86925976
v 0.62559497 1.31953287 0.69314919
v 0.62559497 1.31953287 0.69314919
v 0.70814795 1.83430011 0.86925976
v 0.72402381 1.86002547 0.76871828
v 0.57212001 1.38442685 0.63028722
v 0.66170102 1.04263689 0.61447316
v 0.93422830 1.72654266 1.01236514
v 0.22306301 0.72552712 -0.80302488
v 0.21482401 0.78608115 -0.80968885
v 0.21482401 0.78608115 -0.80968885
v 0.17364600 0.84513315 -0.82221887
v 0.20834900 0.72453818 -0.87254190
v 0.19494499 0.76164714 -0.93309986
v 0.19494499 0.76164714 -0.93309986
v 0.16605499 0.82122317 -0.88254784
v 1.13234361 1.86249274 0.78439798
v 1.10567227 1.88101712 0.70561605
v 1.15613998 1.83178458 0.85797294
v 1.25676844 1.90609199 0.66000159
v 1.28201503 1.89336671 0.72147517
v 1.34393234 1.90982839 0.69867513
v 1.29206253 1.90653617 0.66702550
v 1.30417486 1.86430666 0.77767903
v 1.32647008 1.87350355 0.74824632
v 0.06373600 2.18596664 1.93403042
v 0.08326100 2.17509166 1.93358434
v 0.06547100 2.16966572 1.95945443
v 0.07692900 2.16413775 1.95674742
v 0.07050600 2.16847077 1.94155241
v 1.11775405 1.85660191 0.40619453
v 1.06673592 1.86592452 0.48675902
v 1.23169898 1.94672094 0.46715289
v 1.24153243 1.91373795 0.41092453
v 0.99104198 1.86375880 0.55605924
v 1.22692896 1.96087586 0.52662542
v 1.31583928 1.98836439 0.44225105
v 1.28895925 1.95098756 0.41250006
v 1.27571402 1.98504922 0.49325019
v 0.94506028 1.86685585 0.60952344
v 0.97289598 1.85271893 0.68031362
v 1.42988773 1.98685817 0.52736365
v 1.40811002 1.99725634 0.46729470
v 0.99948855 1.83039925 0.74447971
v 1.45464887 1.96201783 0.58227172
v 1.73836625 2.08391060 0.35632970
v 1.75701528 2.08024898 0.41525970
v 1.85234485 2.11485220 0.38831392
v 1.79749161 2.10204010 0.35355736
v 1.77949507 2.05792096 0.46845752
v 1.83154584 2.08198192 0.43599768
v 0.35751000 0.33913898 0.21670106
v 0.35751000 0.27098307 0.48030135
v 0.35751000 0.33913898 0.21670106
v 0.26140001 0.32845298 0.15721006
v 0.26140001 0.32845298 0.15721006
v 0.26140001 0.32845298 0.15721006
v 0.32441500 0.41176096 0.15303108
v 0.32441500 0.41176096 0.15303108
v 0.32441500 0.41176096 0.15303108
v 0.13034900 0.20815613 0.39142711
v 0.13034900 0.33013994 0.32516706
v 0.14762799 0.38219597 0.22064907
v 0.14762799 0.38219597 0.22064907
v 0.16866000 0.17548680 0.31180177
v 0.16866000 0.30398392 0.40716305
v 0.26115099 0.16841189 0.27201772
v 0.26115099 0.28383093 0.44218706
v 0.35440499 0.30398392 0.40716305
v 0.35440499 0.17548680 0.31180177
v 0.39582101 0.32975495 0.32518705
v 0.39582101 0.20843819 0.39116432
v 0.29993501 0.47793644 -0.24019728
v 0.36780399 0.47581966 -0.24232948
v 0.29993501 0.45389010 -0.26751982
v 0.24392200 0.47089261 -0.24819979
v 0.23575699 0.45389010 -0.26751982
v 0.22435500 0.43688617 -0.28683998
v 0.29993501 0.42984305 -0.29484316
v 0.32567200 0.43688617 -0.28683998
v 0.38443500 0.45389010 -0.26751982
v 0.35733199 0.34937134 0.40096392
v 0.26924300 0.37435848 0.42755322
v 0.18115500 0.34937134 0.40096392
v 0.14466800 0.28904690 0.33677287
v 0.18115500 0.22872171 0.27258247
v 0.26924300 0.20373610 0.24599190
v 0.35733199 0.22872171 0.27258247
v 0.39381900 0.28904690 0.33677287
v 0.34658799 0.40384396 0.30392478
v 0.26924300 0.43207043 0.31907712
v 0.19189800 0.40384396 0.30392478
v 0.15986100 0.33569321 0.26735046
v 0.19189800 0.26754411 0.23077346
v 0.26924300 0.23931304 0.21562496
v 0.34658799 0.26754411 0.23077346
v 0.37862599 0.33569321 0.26735046
v 0.34207001 0.43494910 0.23315476
v 0.26924300 0.46408939 0.24095324
v 0.19641601 0.43494910 0.23315476
v 0.16625001 0.36459920 0.21432560
v 0.19641601 0.29424778 0.19549771
v 0.26924300 0.26510825 0.18769860
v 0.34207001 0.29424778 0.19549771
v 0.37223601 0.36459920 0.21432560
v 0.32987899 0.44631436 0.13999380
v 0.26924300 0.47141949 0.14075711
v 0.20860800 0.44631436 0.13999380
v 0.18349101 0.38570711 0.13814739
v 0.20860800 0.32510052 0.13630175
v 0.26924300 0.29999473 0.13553766
v 0.32987899 0.32510052 0.13630175
v 0.35499501 0.38570711 0.13814739
v 0.35389000 0.44906880 -0.17014287
v 0.29993501 0.45544949 -0.15143701
v 0.24598099 0.44906880 -0.17014287
v 0.22363199 0.40489467 -0.20549260
v 0.24598099 0.36565776 -0.24252694
v 0.29993501 0.34940740 -0.25786873
v 0.35389000 0.36565776 -0.24252694
v 0.37623799 0.40489467 -0.20549260
v 0.27794099 0.33968318 -0.30095946
v 0.29993501 0.33401807 -0.29000518
v 0.22196101 0.39928581 -0.26097849
v 0.20072500 0.39297496 -0.33923824
v 0.20072500 0.37378106 -0.31528848
v 0.29993501 0.38830243 -0.34441627
v 0.27033600 0.38499024 -0.34875406
v 0.32314801 0.33968318 -0.30095946
v 0.33075300 0.38499024 -0.34875406
v 0.39387900 0.43688617 -0.28683998
v 0.38730401 0.40799300 -0.25060166
v 0.40483800 0.37378106 -0.31528848
v 0.40483800 0.39297496 -0.33923824
v 0.32417199 0.47303495 -0.17532167
v 0.29905000 0.46839802 -0.16394169
v 0.36780399 0.45409768 -0.21472318
v 0.34908900 0.49330525 -0.22177258
v 0.34908900 0.48226787 -0.19660734
v 0.29905000 0.49384069 -0.22180809
v 0.27392700 0.47303495 -0.17532167
v 0.25316799 0.49330447 -0.22177193
v 0.24392200 0.44879338 -0.22104460
v 0.25316799 0.48226712 -0.19660671
v 0.31968001 0.48873962 -0.16893003
v 0.29905000 0.48332224 -0.16072662
v 0.27841899 0.48873962 -0.16893003
v 0.26876399 0.50020700 -0.18478824
v 0.26876399 0.51356551 -0.20322015
v 0.29905000 0.51409297 -0.20308315
v 0.32933599 0.51356551 -0.20322015
v 0.32933599 0.50020700 -0.18478824
v 0.32188100 0.52821078 -0.13236636
v 0.29993501 0.52243033 -0.12442606
v 0.27798900 0.52821078 -0.13236636
v 0.26771700 0.54182789 -0.15106880
v 0.26771700 0.55685260 -0.17170296
v 0.29993501 0.55696895 -0.17186455
v 0.33215299 0.55685260 -0.17170296
v 0.33215299 0.54182789 -0.15106880
v 0.31625599 0.54994783 -0.13267350
v 0.29993501 0.54495806 -0.12581963
v 0.32204899 0.56864980 -0.15835923
v 0.32389501 0.55936821 -0.14561179
v 0.29993501 0.56876835 -0.15852135
v 0.28361401 0.54994783 -0.13267350
v 0.27782100 0.56864980 -0.15835923
v 0.27597600 0.55936821 -0.14561179
v 0.37704501 0.34629643 -0.29044426
v 0.21921000 0.34629643 -0.29044426
v 0.31089401 0.59412827 -0.13149556
v 0.29993501 0.59594028 -0.13398461
v 0.29993501 0.62773328 -0.12028977
v 0.28897700 0.59412827 -0.13149556
v 0.29247001 0.58491117 -0.11883619
v 0.29993501 0.57913007 -0.11089667
v 0.30739999 0.58491117 -0.11883619
v 0.32881901 0.29026123 -0.43923752
v 0.32881901 0.31970692 -0.36740399
v 0.31806701 0.30772707 -0.35340418
v 0.31806701 0.27153319 -0.42152953
v 0.32881901 0.34922167 -0.39522712
v 0.32881901 0.31636958 -0.46114501
v 0.29993501 0.34728359 -0.39714637
v 0.29993501 0.31617653 -0.46098303
v 0.27105099 0.34922167 -0.39522712
v 0.27105099 0.31636958 -0.46114501
v 0.27105099 0.31970692 -0.36740399
v 0.27105099 0.29026123 -0.43923752
v 0.28180301 0.30772707 -0.35340418
v 0.28180301 0.27153319 -0.42152953
v 0.29993501 0.30237059 -0.35204648
v 0.29993501 0.26772135 -0.41833102
v 0.29993501 0.31759795 -0.31942166
v 0.31806701 0.32827362 -0.31990231
v 0.34852999 0.35195797 -0.34112822
v 0.33075300 0.36579634 -0.32480430
v 0.34873700 0.37180796 -0.36446410
v 0.29993501 0.36802828 -0.36857807
v 0.25619799 0.37225082 -0.36393632
v 0.27033600 0.36579634 -0.32480430
v 0.25628701 0.35238635 -0.34056479
v 0.28180301 0.32827362 -0.31990231
v 0.27624500 0.30959460 -0.46921913
v 0.27656299 0.28173862 -0.44985801
v 0.29993501 0.30940155 -0.46905714
v 0.32362500 0.30959460 -0.46921913
v 0.32330799 0.28173862 -0.44985801
v 0.29993501 0.26771932 -0.43609980
v 0.31460699 0.27153116 -0.43929832
v 0.28526300 0.27153116 -0.43929832
v 0.27688000 0.29737926 -0.46699362
v 0.29993501 0.29718623 -0.46683165
v 0.32299000 0.29737926 -0.46699362
v 0.37975201 0.42839321 -0.23582311
v 0.22916700 0.42839321 -0.23582311
v 0.34342101 0.43688617 -0.28683998
v 0.34342101 0.39297496 -0.33923824
v 0.34492499 0.33993653 -0.28644442
v 0.36478901 0.34570231 -0.39394364
v 0.36289299 0.32864755 -0.37719581
v 0.37335601 0.37156176 -0.36475751
v 0.38910499 0.34608862 -0.39348325
v 0.41487899 0.37156176 -0.36475751
v 0.41487899 0.35285650 -0.34241742
v 0.41647401 0.32946263 -0.37622445
v 0.41652900 0.34648332 -0.39301286
v 0.34953901 0.33168561 -0.32309817
v 0.37046701 0.31497088 -0.36232301
v 0.40016201 0.33168561 -0.32309817
v 0.40633300 0.31563167 -0.36153551
v 0.37639600 0.32532638 -0.31909757
v 0.38820800 0.30954198 -0.35710321
v 0.25484800 0.39297496 -0.33923824
v 0.24388300 0.33993653 -0.28644442
v 0.22569500 0.32726621 -0.37884203
v 0.22474100 0.34434285 -0.39556379
v 0.18911700 0.35371320 -0.34128910
v 0.18911700 0.37244752 -0.36370190
v 0.17214000 0.34610537 -0.39346330
v 0.17225499 0.32906153 -0.37670246
v 0.21610400 0.37244752 -0.36370190
v 0.19888900 0.34519773 -0.39454498
v 0.24211399 0.33225773 -0.32172717
v 0.22164400 0.31348280 -0.36409643
v 0.22276400 0.32589849 -0.31772657
v 0.20223200 0.33225773 -0.32172717
v 0.18183801 0.31505123 -0.36222726
v 0.20232999 0.30848783 -0.35835950
v 0.41185099 0.29629029 -0.39965288
v 0.42192101 0.32017262 -0.41953978
v 0.42192101 0.33842748 -0.43485743
v 0.39449701 0.33803217 -0.43532855
v 0.37018201 0.33764582 -0.43578898
v 0.36834100 0.31935689 -0.42051193
v 0.37598601 0.29562951 -0.40044037
v 0.39372700 0.29019994 -0.39522134
v 0.21290100 0.29505289 -0.40112755
v 0.21710099 0.31885810 -0.42110637
v 0.21626300 0.33714575 -0.43638493
v 0.19041000 0.33800128 -0.43536535
v 0.16366100 0.33890827 -0.43428444
v 0.16366100 0.32065341 -0.41896680
v 0.17309400 0.29662132 -0.39925838
v 0.19358701 0.29005791 -0.39539061
v 0.28277901 0.27909428 -0.48504954
v 0.28277901 0.29302542 -0.49504993
v 0.29993501 0.26351066 -0.55437843
v 0.29993501 0.29282168 -0.49490379
v 0.31709099 0.29302542 -0.49504993
v 0.31709099 0.27909428 -0.48504954
v 0.31070501 0.26242739 -0.47308381
v 0.29993501 0.25838522 -0.47018159
v 0.28916499 0.26242739 -0.47308381
v 0.37738901 0.32665666 -0.44361921
v 0.37586501 0.31018283 -0.42985213
v 0.39475399 0.32697680 -0.44323768
v 0.37943599 0.29173997 -0.41424361
v 0.39411700 0.28682526 -0.40957004
v 0.41249499 0.32730331 -0.44284857
v 0.41249499 0.31085710 -0.42904856
v 0.40911499 0.29228635 -0.41359246
v 0.38456699 0.30541273 -0.47971322
v 0.38350099 0.29413281 -0.47165291
v 0.39671001 0.30561507 -0.47943008
v 0.38599801 0.27669883 -0.45904873
v 0.39626500 0.27331967 -0.45626027
v 0.40911600 0.30582336 -0.47914142
v 0.40911600 0.29456119 -0.47105680
v 0.40675300 0.27704556 -0.45856555
v 0.39792299 0.27948916 -0.52327292
v 0.16891100 0.32798409 -0.44730338
v 0.17063899 0.30614947 -0.43476623
v 0.18935101 0.32717932 -0.44826246
v 0.17398900 0.28919161 -0.41515864
v 0.19216900 0.28271951 -0.41118207
v 0.20710200 0.30471349 -0.43647756
v 0.20861401 0.32642084 -0.44916639
v 0.20930400 0.28780065 -0.41681632
v 0.17236701 0.31722795 -0.44984645
v 0.18877999 0.31658195 -0.45061632
v 0.17644399 0.28745966 -0.42519423
v 0.19104400 0.28226345 -0.42200114
v 0.20424899 0.31597262 -0.45134249
v 0.20480300 0.28634314 -0.42652484
v 0.17176700 0.31073351 -0.47471631
v 0.17176700 0.29877831 -0.46613373
v 0.18532000 0.31024877 -0.47539048
v 0.17513300 0.28074464 -0.45344153
v 0.18718900 0.27654421 -0.45133462
v 0.19858600 0.29781899 -0.46746834
v 0.19809300 0.30979336 -0.47602655
v 0.19855100 0.27990753 -0.45460713
v 0.18293600 0.29046783 -0.51826012
v 0.98951114 1.83439215 0.70041586
v 1.02175984 1.82218752 0.78283435
v 1.62454831 1.94027300 0.57440531
v 1.59471734 1.94804122 0.49993943
v 1.04875309 1.79758088 0.86279751
v 1.65684457 1.91446298 0.64402292
v 2.40814978 2.10863157 0.27689903
v 2.42403894 2.10626882 0.32435951
v 2.53372295 2.14603747 0.28653607
v 2.50406395 2.13494922 0.27191518
v 2.44183968 2.08591648 0.36654308
v 2.52268485 2.12239451 0.32146324
v 1.08871920 1.80674717 0.32326204
v 1.09175573 1.82361094 0.38408517
v 1.26781963 1.87431936 0.36604791
v 1.26770044 1.85377990 0.30278613
v 1.09093229 1.83598870 0.44380076
v 1.26788255 1.88568632 0.43037719
v 1.64936314 1.96192134 0.27481491
v 1.64813435 1.98408653 0.32686591
v 1.70915265 2.00585645 0.31974795
v 1.68945545 1.98043844 0.28888518
v 1.65009494 1.98856374 0.38237618
v 1.69167940 1.99719865 0.35965499
v -0.90176191 1.85024893 0.61994521
v -1.57477334 1.97830708 0.46671630
v -1.59773408 1.97170232 0.53680273
v -0.93239982 1.83022882 0.69138510
v -1.62384318 1.94610154 0.60142588
v -0.96063506 1.80724816 0.76497352
v -2.18099389 2.07409601 0.30554811
v -2.25237169 2.09231670 0.29920474
v -2.30283648 2.11083620 0.32648195
v -2.19655433 2.07164882 0.36421579
v -2.28107472 2.07049580 0.38040884
v -2.21524226 2.04578722 0.41590473
v -0.84615813 1.80140862 0.47249921
v -1.33341635 1.93742006 0.40047250
v -1.33724054 1.95763336 0.46586889
v -0.85878887 1.83146362 0.55460751
v -1.34896842 1.94735967 0.52674478
v -0.87163894 1.83579179 0.62951123
v -1.66962247 2.02946832 0.31616126
v -1.73038669 2.04953534 0.32251175
v -1.77231487 2.07310961 0.35908362
v -1.67723945 2.03878685 0.37689867
v -1.74630364 2.04867639 0.40940854
v -1.68848380 2.02935753 0.43600719
v -0.94460603 1.83115339 0.68171993
v -1.40605097 1.96012705 0.54043900
v -1.42852157 1.94822090 0.59846865
v -0.97024477 1.81675880 0.74949774
v -1.45385202 1.92135761 0.65094445
v -0.98988571 1.80070968 0.81522914
v -1.73692923 2.04064499 0.42520842
v -1.79867211 2.05719426 0.42300021
v -1.85034431 2.07076640 0.45556385
v -1.75595321 2.03724021 0.48403363
v -1.82544916 2.03985086 0.50177420
v -1.77852907 2.01507508 0.53725819
v -1.14959253 1.81388345 0.31215794
v -1.27389344 1.86970597 0.32457366
v -1.26083671 1.90217968 0.38695667
v -1.09505815 1.82071740 0.39575664
v -1.25202977 1.91598627 0.45130142
v -1.01299580 1.81558109 0.46145558
v -1.32308715 1.90817476 0.33461015
v -1.34966758 1.94574793 0.37244585
v -1.30804606 1.94043959 0.42456873
v -1.10183883 1.88031043 0.48363192
v -1.22984262 1.92778524 0.48875038
v -1.22307072 1.95597690 0.54223933
v -1.05301425 1.88389865 0.55760408
v -1.22994397 1.96511072 0.59588933
v -1.22198924 1.96332826 0.60204523
v -0.97839448 1.88351375 0.62717383
v -1.27952765 1.96318656 0.49373669
v -1.30505047 1.99845529 0.52285559
v -1.27037594 1.99153579 0.57270352
v -1.07875094 1.93187392 0.60146231
v -1.07713163 1.93476872 0.60570199
v -1.19784647 1.96576620 0.56961991
v -1.21089023 1.96750534 0.62737023
v -1.10210968 1.92437829 0.67736793
v -1.10204854 1.92006534 0.67347377
v -1.10251203 1.92188493 0.67468805
v -1.23171073 1.95273437 0.68148152
v -1.12897521 1.90467777 0.74400739
v -1.12655481 1.90103117 0.74303454
v -1.24785288 1.99571470 0.57501629
v -1.27857763 2.02025260 0.60410783
v -1.26872166 1.98539732 0.65110470
v -0.84335795 1.83776865 0.80265080
v -0.59866101 1.28210595 0.55646221
v -0.84383147 1.83795887 0.80236147
v -0.84393212 1.83737037 0.80172338
v -0.84502872 1.83970083 0.80278602
v -0.84342749 1.83618570 0.80113148
v -0.59866101 1.28210595 0.55646221
v -0.84318863 1.83518521 0.80044817
v -0.81427915 1.85447315 0.69969803
v -0.54232198 1.36980990 0.53183024
v -0.81449752 1.85390489 0.69896321
v -0.81602396 1.85780334 0.70104241
v -0.86833524 1.80085934 0.88318607
v -0.62676299 1.19912996 0.58546718
v -0.86645186 1.79858669 0.88294695
v -0.86824055 1.80080847 0.88323217
v -0.86811550 1.79988336 0.88250651
v -1.08446704 1.92275859 0.62990254
v -1.08304398 1.92416584 0.63258629
v -1.24888215 1.94847489 0.65078173
v -1.10893488 1.90688148 0.70253271
v -1.10893859 1.90414242 0.70001796
v -1.10904830 1.90419011 0.69995424
v -1.27255047 1.91544406 0.69673296
v -1.13673743 1.88151316 0.76792099
v -1.13495998 1.87975792 0.76805247
v -1.26124976 1.97426768 0.61035120
v -1.29910921 1.98128621 0.63608758
v -1.28909845 1.93876193 0.67787329
v -1.08586105 1.90385241 0.66783821
v -1.11063930 1.89100547 0.74397479
v -1.13670854 1.86165805 0.81547362
v -1.25133694 1.94567089 0.63616134
v -1.27902282 1.94839480 0.64140352
v -1.32458457 1.95224929 0.67094023
v -1.27013679 1.93027294 0.68521140
v -1.31314259 1.90881661 0.70802585
v -1.29352478 1.89895780 0.73423992
v -0.21147700 2.30856462 1.66601542
v -0.21147700 2.30856462 1.66601542
v -0.24831100 2.29665874 1.50676838
v -0.24831100 2.29665874 1.50676838
v -0.24831100 2.29665874 1.50676838
v -0.33553001 2.23525474 1.54471137
v -0.33553001 2.23525474 1.54471137
v -0.33553001 2.23525474 1.54471137
v -0.29194501 2.25152965 1.65644433
v -0.29194501 2.25152965 1.65644433
v -0.26294199 2.23097182 1.38042738
v -0.26294199 2.23097182 1.38042738
v -0.26294199 2.23097182 1.38042738
v -0.35976401 2.16850781 1.41081036
v -0.35976401 2.16850781 1.41081036
v -0.35976401 2.16850781 1.41081036
v -0.26248401 2.08311776 1.20373129
v -0.26248401 2.08311776 1.20373129
v -0.26248401 2.08311776 1.20373129
v -0.40067101 1.96461478 1.23689339
v -0.40067101 1.96461478 1.23689339
v -0.40067101 1.96461478 1.23689339
v -0.25402299 1.85320586 1.03073628
v -0.25402299 1.85320586 1.03073628
v -0.25402299 1.85320586 1.03073628
v -0.37196100 1.79068881 1.08844930
v -0.37196100 1.79068881 1.08844930
v -0.37196100 1.79068881 1.08844930
v -0.37196100 1.79068881 1.08844930
v -0.25483900 1.78450987 0.87007529
v -0.25483900 1.78450987 0.87007529
v -0.25483900 1.78450987 0.87007529
v -0.36774600 1.69957383 0.99985628
v -0.36774600 1.69957383 0.99985628
v -0.36774600 1.69957383 0.99985628
v -0.36774600 1.69957383 0.99985628
v -0.22398999 2.23247761 1.76289036
v -0.22398999 2.23247761 1.76289036
v -0.22398999 2.23247761 1.76289036
v -0.15707600 2.27457064 1.80436244
v -0.15707600 2.27457064 1.80436244
v -0.15707600 2.27457064 1.80436244
v -0.13084801 2.16842668 1.86217941
v -0.13084801 2.16842668 1.86217941
v -0.13084801 2.16842668 1.86217941
v -0.13084801 2.16842668 1.86217941
v -0.10208300 2.18895976 1.88134838
v -0.10208300 2.18895976 1.88134838
v -0.10208300 2.18895976 1.88134838
v -0.24747799 2.14792677 1.62609232
v -0.24747799 2.14792677 1.62609232
v -0.24747799 2.14792677 1.62609232
v -0.24747799 2.14792677 1.62609232
v -0.24747799 2.14792677 1.62609232
v -0.25867301 2.18896075 1.65305031
v -0.25867301 2.18896075 1.65305031
v -0.25867301 2.18896075 1.65305031
v -0.25867301 2.18896075 1.65305031
v -0.43139699 1.81864275 1.31455536
v -0.43139699 1.81864275 1.31455536
v -0.43139699 1.81864275 1.31455536
v -0.40959299 1.70788681 1.43641930
v -0.40959299 1.70788681 1.43641930
v -0.40959299 1.70788681 1.43641930
v -0.33019301 1.89301679 1.56388637
v -0.33019301 1.89301679 1.56388637
v -0.34338200 2.01348375 1.50913034
v -0.34338200 2.01348375 1.50913034
v -0.34338200 2.01348375 1.50913034
v -0.34338200 2.01348375 1.50913034
v -0.29532701 1.61487076 1.58905521
v -0.29532701 1.61487076 1.58905521
v -0.29532701 1.61487076 1.58905521
v -0.24620900 1.77926167 1.65307433
v -0.24620900 1.77926167 1.65307433
v -0.24620900 1.77926167 1.65307433
v -0.13813600 1.57388874 1.65437022
v -0.13813600 1.57388874 1.65437022
v -0.13813600 1.57388874 1.65437022
v -0.10102500 1.71570070 1.70978933
v -0.10102500 1.71570070 1.70978933
v -0.10102500 1.71570070 1.70978933
v -0.15934700 1.90573174 1.78220733
v -0.15934700 1.90573174 1.78220733
v -0.15934700 1.90573174 1.78220733
v -0.15934700 1.90573174 1.78220733
v -0.18664700 2.00360960 1.77254734
v -0.18664700 2.00360960 1.77254734
v -0.18664700 2.00360960 1.77254734
v -0.18664700 2.00360960 1.77254734
v -0.18664700 2.00360960 1.77254734
v -0.06161800 1.85789066 1.80557628
v -0.06161800 1.85789066 1.80557628
v -0.06161800 1.85789066 1.80557628
v -0.20153700 2.04952282 1.75610338
v -0.20153700 2.04952282 1.75610338
v -0.20153700 2.04952282 1.75610338
v -0.20153700 2.04952282 1.75610338
v -0.46857101 1.67517081 1.22847025
v -0.46857101 1.67517081 1.22847025
v -0.46857101 1.67517081 1.22847025
v -0.46857101 1.67517081 1.22847025
v -0.44403899 1.58446778 1.36955729
v -0.44403899 1.58446778 1.36955729
v -0.44403899 1.58446778 1.36955729
v -0.44403899 1.58446778 1.36955729
v -0.31901100 1.49547873 1.53638829
v -0.31901100 1.49547873 1.53638829
v -0.31901100 1.49547873 1.53638829
v -0.31901100 1.49547873 1.53638829
v -0.16370299 1.45735678 1.60520328
v -0.16370299 1.45735678 1.60520328
v -0.16370299 1.45735678 1.60520328
v -0.23692299 2.18944878 1.71017433
v -0.23692299 2.18944878 1.71017433
v -0.23692299 2.18944878 1.71017433
v -0.35281599 2.11840867 1.48212635
v -0.35281599 2.11840867 1.48212635
v -0.35281599 2.11840867 1.48212635
v -0.35281599 2.11840867 1.48212635
v -0.22005400 2.09799762 1.70137131
v -0.22005400 2.09799762 1.70137131
v -0.22005400 2.09799762 1.70137131
v -0.22005400 2.09799762 1.70137131
v -0.24747799 2.10005375 1.65057540
v -0.24747799 2.10005375 1.65057540
v -0.24747799 2.10005375 1.65057540
v -0.24747799 2.10005375 1.65057540
v -0.20201300 2.14146966 1.73082435
v -0.20201300 2.14146966 1.73082435
v -0.20201300 2.14146966 1.73082435
v -0.16927400 2.09025281 1.80883538
v -0.16927400 2.09025281 1.80883538
v -0.16927400 2.09025281 1.80883538
v -0.25397801 2.14493961 1.68798435
v -0.11677300 2.33190580 1.66923443
v -0.11677300 2.33190580 1.66923443
v -0.13673601 2.32408475 1.49507335
v -0.13673601 2.32408475 1.49507335
v -0.13606399 2.25834084 1.36206438
v -0.13606399 2.25834084 1.36206438
v -0.13801800 2.12800077 1.19497430
v -0.13801800 2.12800077 1.19497430
v -0.14204700 1.89973278 0.98350831
v -0.14204700 1.89973278 0.98350831
v -0.14655700 1.85188482 0.81748332
v -0.32296977 1.73147420 0.26147727
v -0.14655700 1.85188482 0.81748332
v -0.08864600 2.29426878 1.81889644
v -0.08864600 2.29426878 1.81889644
v -0.05606200 2.20994965 1.89996542
v -0.05606200 2.20994965 1.89996542
v -0.10987500 2.11394372 1.96069836
v -0.10987500 2.11394372 1.96069836
v -0.10987500 2.11394372 1.96069836
v -0.10987500 2.11394372 1.96069836
v -0.07979600 2.13922563 1.97888542
v -0.07979600 2.13922563 1.97888542
v -0.07979600 2.13922563 1.97888542
v -0.07979600 2.13922563 1.97888542
v -0.12967500 1.94003264 1.87334630
v -0.12967500 1.94003264 1.87334630
v -0.12967500 1.94003264 1.87334630
v -0.12967500 1.94003264 1.87334630
v -0.16878299 2.02945368 1.87040232
v -0.16878299 2.02945368 1.87040232
v -0.16878299 2.02945368 1.87040232
v -0.16878299 2.02945368 1.87040232
v -0.05326700 1.89825873 1.89021035
v -0.05326700 1.89825873 1.89021035
v -0.05326700 1.89825873 1.89021035
v -0.14255400 2.07323256 1.92537939
v -0.14255400 2.07323256 1.92537939
v -0.14255400 2.07323256 1.92537939
v -0.14255400 2.07323256 1.92537939
v -0.06862400 2.06045354 2.06799733
v -0.06862400 2.06045354 2.06799733
v -0.04850000 2.07408155 2.08260333
v -0.04850000 2.07408155 2.08260333
v -0.07452000 1.97494867 1.99929438
v -0.07452000 1.97494867 1.99929438
v -0.11303200 2.02337756 1.98317037
v -0.11303200 2.02337756 1.98317037
v -0.11303200 2.02337756 1.98317037
v -0.03611100 1.94560172 2.00894126
v -0.03611100 1.94560172 2.00894126
v -0.08866100 2.04338373 2.04819833
v -0.08866100 2.04338373 2.04819833
v -0.02587300 2.08352864 2.08737027
v -0.04856200 2.15466776 1.98929537
v -0.04856200 2.15466776 1.98929537
v -0.10917100 2.02164854 2.01000629
v -0.10917100 2.02164854 2.01000629
v -0.10917100 2.02164854 2.01000629
v -0.52962399 1.54031782 1.15147426
v -0.52962399 1.54031782 1.15147426
v -0.52962399 1.54031782 1.15147426
v -0.52962399 1.54031782 1.15147426
v -0.48833299 1.46059384 1.31048930
v -0.48833299 1.46059384 1.31048930
v -0.48833299 1.46059384 1.31048930
v -0.48833299 1.46059384 1.31048930
v -0.34610900 1.37181674 1.47510421
v -0.34610900 1.37181674 1.47510421
v -0.34610900 1.37181674 1.47510421
v -0.34610900 1.37181674 1.47510421
v -0.19040801 1.33038471 1.54434525
v -0.19040801 1.33038471 1.54434525
v -0.19040801 1.33038471 1.54434525
v -0.19040801 1.33038471 1.54434525
v -0.31020999 1.68247187 0.69503628
v -0.31020999 1.68247187 0.69503628
v -0.51195428 1.80907373 0.43100454
v -0.31020999 1.68247187 0.69503628
v -0.44483700 1.61636684 0.85580126
v -0.44483700 1.61636684 0.85580126
v -0.44483700 1.61636684 0.85580126
v -0.44483700 1.61636684 0.85580126
v -0.14407000 1.76353695 0.58718431
v -0.56109991 1.78396257 0.22421908
v -0.14407000 1.76353695 0.58718431
v -0.14407000 1.76353695 0.58718431
v -0.49971997 1.84765752 0.37861559
v -0.30132401 1.74208487 0.66764432
v -0.30693755 1.78086797 0.39500126
v -0.57375199 1.47123486 1.05963326
v -0.57375199 1.47123486 1.05963326
v -0.57375199 1.47123486 1.05963326
v -0.57375199 1.47123486 1.05963326
v -0.56454700 1.31119278 1.22982119
v -0.56454700 1.31119278 1.22982119
v -0.56454700 1.31119278 1.22982119
v -0.56454700 1.31119278 1.22982119
v -0.38994700 1.20833779 1.38100716
v -0.38994700 1.20833779 1.38100716
v -0.38994700 1.20833779 1.38100716
v -0.38994700 1.20833779 1.38100716
v -0.20746100 1.15490376 1.44906218
v -0.20746100 1.15490376 1.44906218
v -0.20746100 1.15490376 1.44906218
v -0.20746100 1.15490376 1.44906218
v -0.30563399 1.63245894 0.59055827
v -0.30563399 1.63245894 0.59055827
v -0.30563399 1.63245894 0.59055827
v -0.45400000 1.55432891 0.77984925
v -0.45400000 1.55432891 0.77984925
v -0.45400000 1.55432891 0.77984925
v -0.45400000 1.55432891 0.77984925
v -0.82526964 1.81037997 0.21296426
v -0.13997100 1.63012189 0.35741527
v -0.13997100 1.63012189 0.35741527
v -0.13997100 1.63012189 0.35741527
v -0.77793636 1.86364289 0.36960535
v -0.29063001 1.59339087 0.43202427
v -0.60962099 1.35496183 0.96979021
v -0.60962099 1.35496183 0.96979021
v -0.60962099 1.35496183 0.96979021
v -0.60962099 1.35496183 0.96979021
v -0.59059203 1.18998783 1.13545724
v -0.59059203 1.18998783 1.13545724
v -0.59059203 1.18998783 1.13545724
v -0.59059203 1.18998783 1.13545724
v -0.42010599 1.06221583 1.27770919
v -0.42010599 1.06221583 1.27770919
v -0.42010599 1.06221583 1.27770919
v -0.42010599 1.06221583 1.27770919
v -0.21753900 1.00829674 1.33631711
v -0.21753900 1.00829674 1.33631711
v -0.21753900 1.00829674 1.33631711
v -0.21753900 1.00829674 1.33631711
v -0.33658099 1.50508289 0.43117525
v -0.33658099 1.50508289 0.43117525
v -0.33658099 1.50508289 0.43117525
v -0.82772176 1.84816191 0.45441257
v -0.46210599 1.37959185 0.54134023
v -0.46210599 1.37959185 0.54134023
v -0.46210599 1.37959185 0.54134023
v -0.46210599 1.37959185 0.54134023
v -0.13957199 1.45929001 0.10824224
v -1.12682601 1.82756413 0.21923680
v -0.13957199 1.45929001 0.10824224
v -0.13957199 1.45929001 0.10824224
v -1.08251468 1.87012550 0.31923019
v -0.62994999 1.14596092 0.76641817
v -0.62994999 1.14596092 0.76641817
v -0.62994999 1.14596092 0.76641817
v -0.62994999 1.14596092 0.76641817
v -0.60435498 1.02098688 0.93469714
v -0.60435498 1.02098688 0.93469714
v -0.60435498 1.02098688 0.93469714
v -0.60435498 1.02098688 0.93469714
v -0.43425500 0.90337181 1.09051314
v -0.43425500 0.90337181 1.09051314
v -0.43425500 0.90337181 1.09051314
v -0.43425500 0.90337181 1.09051314
v -0.22050799 0.84648983 1.14049413
v -0.22050799 0.84648983 1.14049413
v -0.22050799 0.84648983 1.14049413
v -0.22050799 0.84648983 1.14049413
v -0.23193499 1.37909900 0.08703123
v -0.23193499 1.37909900 0.08703123
v -1.18571742 1.85846065 0.32406350
v -0.23193499 1.37909900 0.08703123
v -0.49092299 1.19981200 0.32697620
v -0.49092299 1.19981200 0.32697620
v -0.49092299 1.19981200 0.32697620
v -0.49092299 1.19981200 0.32697620
v -0.60026598 1.00559189 0.57574915
v -0.60026598 1.00559189 0.57574915
v -0.60026598 1.00559189 0.57574915
v -0.60026598 1.00559189 0.57574915
v -0.56706297 0.89538186 0.73161414
v -0.56706297 0.89538186 0.73161414
v -0.56706297 0.89538186 0.73161414
v -0.56706297 0.89538186 0.73161414
v -0.39719099 0.77712384 0.87229414
v -0.39719099 0.77712384 0.87229414
v -0.39719099 0.77712384 0.87229414
v -0.39719099 0.77712384 0.87229414
v -0.20755400 0.71568188 0.91735011
v -0.20755400 0.71568188 0.91735011
v -0.20755400 0.71568188 0.91735011
v -0.20755400 0.71568188 0.91735011
v -0.24534000 1.29732704 -0.00411178
v -0.24534000 1.29732704 -0.00411178
v -0.24534000 1.29732704 -0.00411178
v -0.24534000 1.29732704 -0.00411178
v -0.47053501 1.11350294 0.21678419
v -0.47053501 1.11350294 0.21678419
v -0.47053501 1.11350294 0.21678419
v -0.47053501 1.11350294 0.21678419
v -0.13681599 1.31177200 -0.07520378
v -0.13681599 1.31177200 -0.07520378
v -0.13681599 1.31177200 -0.07520378
v -0.13681599 1.31177200 -0.07520378
v -0.57947499 0.92714892 0.43736417
v -0.57947499 0.92714892 0.43736417
v -0.57947499 0.92714892 0.43736417
v -0.57947499 0.92714892 0.43736417
v -0.53616500 0.80125388 0.57472612
v -0.53616500 0.80125388 0.57472612
v -0.53616500 0.80125388 0.57472612
v -0.53616500 0.80125388 0.57472612
v -0.37565100 0.67647791 0.69161713
v -0.37565100 0.67647791 0.69161713
v -0.37565100 0.67647791 0.69161713
v -0.37565100 0.67647791 0.69161713
v -0.19022900 0.62546485 0.74710213
v -0.19022900 0.62546485 0.74710213
v -0.19022900 0.62546485 0.74710213
v -0.19022900 0.62546485 0.74710213
v -0.28505400 1.08019307 -0.18981781
v -0.28505400 1.08019307 -0.18981781
v -0.28505400 1.08019307 -0.18981781
v -0.28505400 1.08019307 -0.18981781
v -0.41740400 0.92997099 -0.06488784
v -0.41740400 0.92997099 -0.06488784
v -0.41740400 0.92997099 -0.06488784
v -0.41740400 0.92997099 -0.06488784
v -0.13722800 1.15611009 -0.22802581
v -0.13722800 1.15611009 -0.22802581
v -0.13722800 1.15611009 -0.22802581
v -0.13722800 1.15611009 -0.22802581
v -0.51396102 0.77088598 0.14075613
v -0.51396102 0.77088598 0.14075613
v -0.51396102 0.77088598 0.14075613
v -0.51396102 0.77088598 0.14075613
v -0.49230701 0.70160496 0.38861111
v -0.49230701 0.70160496 0.38861111
v -0.49230701 0.70160496 0.38861111
v -0.39314699 0.49499292 0.50615307
v -0.39314699 0.49499292 0.50615307
v -0.39314699 0.49499292 0.50615307
v -0.24582100 0.46013692 0.53664406
v -0.24582100 0.46013692 0.53664406
v -0.14449000 0.43905190 0.49843807
v -0.14449000 0.43905190 0.49843807
v -0.14449000 0.43905190 0.49843807
v -0.14449000 0.43905190 0.49843807
v -0.43710601 0.53687393 0.39623010
v -0.43710601 0.53687393 0.39623010
v -0.43710601 0.53687393 0.39623010
v -0.06243400 0.38645693 0.39476207
v -0.06243400 0.38645693 0.39476207
v -0.06243400 0.38645693 0.39476207
v -0.39586699 0.47211596 0.22200108
v -0.39586699 0.47211596 0.22200108
v -0.39586699 0.47211596 0.22200108
v -0.39586699 0.47211596 0.22200108
v -0.39586699 0.47211596 0.22200108
v -0.16866000 0.34657695 0.21630806
v -0.16866000 0.34657695 0.21630806
v -0.16866000 0.34657695 0.21630806
v -0.16866000 0.34657695 0.21630806
v -0.42648500 0.67536903 -0.04938489
v -0.42648500 0.67536903 -0.04938489
v -0.42648500 0.67536903 -0.04938489
v -0.42648500 0.67536903 -0.04938489
v -0.33923301 0.45003799 -0.01395892
v -0.33923301 0.45003799 -0.01395892
v -0.33923301 0.45003799 -0.01395892
v -0.33923301 0.45003799 -0.01395892
v -0.11763600 0.30439299 0.00086105
v -0.31227800 0.54613704 -0.40907889
v -0.31227800 0.54613704 -0.40907889
v -0.31227800 0.54613704 -0.40907889
v -0.31227800 0.54613704 -0.40907889
v -0.28475201 0.44478608 -0.37627892
v -0.28475201 0.44478608 -0.37627892
v -0.28475201 0.44478608 -0.37627892
v -0.24240749 0.44478608 -0.35737012
v -0.10800249 0.38451907 -0.35700652
v -0.15584700 0.38451907 -0.33822193
v -0.15584700 0.38451907 -0.33822193
v -0.15584700 0.38451907 -0.33822193
v -0.27906099 0.40116399 0.01457207
v -0.27906099 0.40116399 0.01457207
v -0.27906099 0.40116399 0.01457207
v -0.27906099 0.40116399 0.01457207
v -0.29321200 0.38576015 -0.85333496
v -0.29321200 0.38576015 -0.85333496
v -0.27673799 0.31748214 -0.84344096
v -0.36577997 0.31748214 -0.80801835
v -0.24219603 0.26816314 -0.82979817
v -0.15200700 0.26816314 -0.82967396
v -0.28086200 0.16805024 -1.39117500
v -0.28086200 0.16805024 -1.39117500
v -0.28086200 0.16805024 -1.39117500
v -0.25856200 0.20016223 -1.41099891
v -0.25856200 0.20016223 -1.41099891
v -0.25856200 0.20016223 -1.41099891
v -0.20443331 0.20016223 -1.41207856
v -0.24117699 -0.08707268 -1.89278306
v -0.22296669 -0.08707268 -1.88588390
v -0.33677868 -0.08707268 -1.87565478
v -0.33257924 -0.08707268 -1.87453909
v -0.26742500 0.13217423 -1.37477694
v -0.26742500 0.13217423 -1.37477694
v -0.50590997 0.13217423 -1.32062760
v -0.22169584 0.13217423 -1.36785953
v -0.18156147 -0.10086565 -2.09327493
v -0.26011119 -0.10086565 -2.07860526
v -0.14497000 -0.10086565 -2.08111693
v -0.14497000 -0.10086565 -2.08111693
v -0.28927940 -0.10086565 -2.08154285
v -0.14497000 -0.10086565 -2.08111693
v -0.38640438 0.11364423 -1.33906609
v -0.14754599 0.11364423 -1.35894702
v -0.10187290 0.11364423 -1.38410839
v -0.14754599 0.11364423 -1.35894702
v -0.21081600 0.24855425 -1.44490393
v -0.16950139 0.24855425 -1.45907848
v -0.17311853 0.24855425 -1.44493740
v -0.40601707 0.24855425 -1.41976885
v -0.21695883 -0.07342668 -1.88608716
v -0.33078329 -0.07342668 -1.87609178
v -0.30287228 -0.07342668 -1.87281111
v -0.11103741 0.92483708 -0.54738239
v -0.13186300 0.92483708 -0.52738687
v -0.13186300 0.92483708 -0.52738687
v -0.13186300 0.92483708 -0.52738687
v -0.24943000 0.83235605 -0.43920586
v -0.24943000 0.83235605 -0.43920586
v -0.20424866 0.83235605 -0.43376218
v -0.24943000 0.83235605 -0.43920586
v -0.29163301 0.69654305 -0.43346587
v -0.29163301 0.69654305 -0.43346587
v -0.29163301 0.69654305 -0.43346587
v -0.29163301 0.69654305 -0.43346587
v -0.23156901 0.56232015 -0.90438893
v -0.29757594 0.56232015 -0.88983709
v -0.27134600 0.47841415 -0.87614689
v -0.27134600 0.47841415 -0.87614689
v -0.21382251 0.62794415 -0.97030409
v -0.13107599 0.62794415 -0.96261890
v -0.33325441 0.28297324 -1.46171484
v -0.10032818 0.28297324 -1.48683532
v -0.13016300 0.28297324 -1.46833391
v -0.13016300 0.28297324 -1.46833391
v -0.20635548 1.71642871 0.60436662
v -0.45759175 1.77174291 0.66567931
v -0.45208001 1.55357788 0.84563627
v -0.45759175 1.77174291 0.66567931
v -0.55075997 1.62549481 0.84980229
v -0.40657323 1.87914349 0.69377490
v -0.15829053 1.71020412 0.82483817
v -0.20099678 1.75127800 0.59774487
v -0.16362381 1.67715890 0.83334958
v -1.00721091 1.94375499 0.65528965
v -0.49763599 1.42056088 0.44064024
v -0.42993116 1.79030909 0.89077716
v -0.29542025 1.71012384 1.03225807
v -0.32120590 1.68426789 1.03005873
v -0.42034019 1.76277516 0.91923093
v -0.73814625 1.87287778 0.79094022
v -0.53236354 1.84535914 0.83815035
v -0.62559497 1.31953287 0.69314919
v -0.70814795 1.83430011 0.86925976
v -0.62559497 1.31953287 0.69314919
v -0.70814795 1.83430011 0.86925976
v -0.70911902 1.13576087 0.88730420
v -0.65396025 1.70618394 1.11235341
v -0.72402381 1.86002547 0.76871828
v -0.57212001 1.38442685 0.63028722
v -0.93422830 1.72654266 1.01236514
v -0.66170102 1.04263689 0.61447316
v -0.21482401 0.78608115 -0.80968885
v -0.21482401 0.78608115 -0.80968885
v -0.22306301 0.72552712 -0.80302488
v -0.17364600 0.84513315 -0.82221887
v -0.19494499 0.76164714 -0.93309986
v -0.19494499 0.76164714 -0.93309986
v -0.20834900 0.72453818 -0.87254190
v -0.16605499 0.82122317 -0.88254784
v -1.10567227 1.88101712 0.70561605
v -1.13234361 1.86249274 0.78439798
v -1.15613998 1.83178458 0.85797294
v -1.25676844 1.90609199 0.66000159
v -1.29206253 1.90653617 0.66702550
v -1.34393234 1.90982839 0.69867513
v -1.28201503 1.89336671 0.72147517
v -1.32647008 1.87350355 0.74824632
v -1.30417486 1.86430666 0.77767903
v -0.08326100 2.17509166 1.93358434
v -0.06373600 2.18596664 1.93403042
v -0.06547100 2.16966572 1.95945443
v -0.07692900 2.16413775 1.95674742
v -0.07050600 2.16847077 1.94155241
v -1.11775405 1.85660191 0.40619453
v -1.24153243 1.91373795 0.41092453
v -1.23169898 1.94672094 0.46715289
v -1.06673592 1.86592452 0.48675902
v -1.22692896 1.96087586 0.52662542
v -0.99104198 1.86375880 0.55605924
v -1.28895925 1.95098756 0.41250006
v -1.31583928 1.98836439 0.44225105
v -1.27571402 1.98504922 0.49325019
v -0.94506028 1.86685585 0.60952344
v -1.40811002 1.99725634 0.46729470
v -1.42988773 1.98685817 0.52736365
v -0.97289598 1.85271893 0.68031362
v -1.45464887 1.96201783 0.58227172
v -0.99948855 1.83039925 0.74447971
v -1.73836625 2.08391060 0.35632970
v -1.79749161 2.10204010 0.35355736
v -1.85234485 2.11485220 0.38831392
v -1.75701528 2.08024898 0.41525970
v -1.83154584 2.08198192 0.43599768
v -1.77949507 2.05792096 0.46845752
v -0.35751000 0.27098307 0.48030135
v -0.35751000 0.33913898 0.21670106
v -0.35751000 0.33913898 0.21670106
v -0.32441500 0.41176096 0.15303108
v -0.32441500 0.41176096 0.15303108
v -0.32441500 0.41176096 0.15303108
v -0.26140001 0.32845298 0.15721006
v -0.26140001 0.32845298 0.15721006
v -0.26140001 0.31740909 0.51900527
v -0.14762799 0.38219597 0.22064907
v -0.14762799 0.38219597 0.22064907
v -0.13034900 0.20815613 0.39142711
v -0.13034900 0.33013994 0.32516706
v -0.16866000 0.17548680 0.31180177
v -0.16866000 0.30398392 0.40716305
v -0.26115099 0.16841189 0.27201772
v -0.26115099 0.28383093 0.44218706
v -0.35440499 0.30398392 0.40716305
v -0.35440499 0.17548680 0.31180177
v -0.39582101 0.32975495 0.32518705
v -0.39582101 0.20843819 0.39116432
v -0.29993501 0.47793644 -0.24019728
v -0.29993501 0.45389010 -0.26751982
v -0.36780399 0.47581966 -0.24232948
v -0.24392200 0.47089261 -0.24819979
v -0.23575699 0.45389010 -0.26751982
v -0.22435500 0.43688617 -0.28683998
v -0.29993501 0.42984305 -0.29484316
v -0.32567200 0.43688617 -0.28683998
v -0.38443500 0.45389010 -0.26751982
v -0.26924300 0.37435848 0.42755322
v -0.35733199 0.34937134 0.40096392
v -0.18115500 0.34937134 0.40096392
v -0.14466800 0.28904690 0.33677287
v -0.18115500 0.22872171 0.27258247
v -0.26924300 0.20373610 0.24599190
v -0.35733199 0.22872171 0.27258247
v -0.39381900 0.28904690 0.33677287
v -0.26924300 0.43207043 0.31907712
v -0.34658799 0.40384396 0.30392478
v -0.19189800 0.40384396 0.30392478
v -0.15986100 0.33569321 0.26735046
v -0.19189800 0.26754411 0.23077346
v -0.26924300 0.23931304 0.21562496
v -0.34658799 0.26754411 0.23077346
v -0.37862599 0.33569321 0.26735046
v -0.26924300 0.46408939 0.24095324
v -0.34207001 0.43494910 0.23315476
v -0.19641601 0.43494910 0.23315476
v -0.16625001 0.36459920 0.21432560
v -0.19641601 0.29424778 0.19549771
v -0.26924300 0.26510825 0.18769860
v -0.34207001 0.29424778 0.19549771
v -0.37223601 0.36459920 0.21432560
v -0.26924300 0.47141949 0.14075711
v -0.32987899 0.44631436 0.13999380
v -0.20860800 0.44631436 0.13999380
v -0.18349101 0.38570711 0.13814739
v -0.20860800 0.32510052 0.13630175
v -0.26924300 0.29999473 0.13553766
v -0.32987899 0.32510052 0.13630175
v -0.35499501 0.38570711 0.13814739
v -0.29993501 0.45544949 -0.15143701
v -0.35389000 0.44906880 -0.17014287
v -0.24598099 0.44906880 -0.17014287
v -0.22363199 0.40489467 -0.20549260
v -0.24598099 0.36565776 -0.24252694
v -0.29993501 0.34940740 -0.25786873
v -0.35389000 0.36565776 -0.24252694
v -0.37623799 0.40489467 -0.20549260
v -0.29993501 0.33401807 -0.29000518
v -0.27794099 0.33968318 -0.30095946
v -0.22196101 0.39928581 -0.26097849
v -0.20072500 0.37378106 -0.31528848
v -0.20072500 0.39297496 -0.33923824
v -0.27033600 0.38499024 -0.34875406
v -0.29993501 0.38830243 -0.34441627
v -0.32314801 0.33968318 -0.30095946
v -0.33075300 0.38499024 -0.34875406
v -0.39387900 0.43688617 -0.28683998
v -0.40483800 0.39297496 -0.33923824
v -0.40483800 0.37378106 -0.31528848
v -0.38730401 0.40799300 -0.25060166
v -0.29905000 0.46839802 -0.16394169
v -0.32417199 0.47303495 -0.17532167
v -0.36780399 0.45409768 -0.21472318
v -0.34908900 0.48226787 -0.19660734
v -0.34908900 0.49330525 -0.22177258
v -0.29905000 0.49384069 -0.22180809
v -0.27392700 0.47303495 -0.17532167
v -0.25316799 0.49330447 -0.22177193
v -0.25316799 0.48226712 -0.19660671
v -0.24392200 0.44879338 -0.22104460
v -0.29905000 0.48332224 -0.16072662
v -0.31968001 0.48873962 -0.16893003
v -0.27841899 0.48873962 -0.16893003
v -0.26876399 0.51356551 -0.20322015
v -0.26876399 0.50020700 -0.18478824
v -0.29905000 0.51409297 -0.20308315
v -0.32933599 0.51356551 -0.20322015
v -0.32933599 0.50020700 -0.18478824
v -0.29993501 0.52243033 -0.12442606
v -0.32188100 0.52821078 -0.13236636
v -0.27798900 0.52821078 -0.13236636
v -0.26771700 0.55685260 -0.17170296
v -0.26771700 0.54182789 -0.15106880
v -0.29993501 0.55696895 -0.17186455
v -0.33215299 0.55685260 -0.17170296
v -0.33215299 0.54182789 -0.15106880
v -0.29993501 0.54495806 -0.12581963
v -0.31625599 0.54994783 -0.13267350
v -0.32389501 0.55936821 -0.14561179
v -0.32204899 0.56864980 -0.15835923
v -0.29993501 0.56876835 -0.15852135
v -0.28361401 0.54994783 -0.13267350
v -0.27782100 0.56864980 -0.15835923
v -0.27597600 0.55936821 -0.14561179
v -0.37704501 0.34629643 -0.29044426
v -0.21921000 0.34629643 -0.29044426
v -0.31089401 0.59412827 -0.13149556
v -0.29993501 0.62773328 -0.12028977
v -0.29993501 0.59594028 -0.13398461
v -0.28897700 0.59412827 -0.13149556
v -0.29247001 0.58491117 -0.11883619
v -0.29993501 0.57913007 -0.11089667
v -0.30739999 0.58491117 -0.11883619
v -0.32881901 0.29026123 -0.43923752
v -0.31806701 0.27153319 -0.42152953
v -0.31806701 0.30772707 -0.35340418
v -0.32881901 0.31970692 -0.36740399
v -0.32881901 0.34922167 -0.39522712
v -0.32881901 0.31636958 -0.46114501
v -0.29993501 0.34728359 -0.39714637
v -0.29993501 0.31617653 -0.46098303
v -0.27105099 0.34922167 -0.39522712
v -0.27105099 0.31636958 -0.46114501
v -0.27105099 0.31970692 -0.36740399
v -0.27105099 0.29026123 -0.43923752
v -0.28180301 0.30772707 -0.35340418
v -0.28180301 0.27153319 -0.42152953
v -0.29993501 0.30237059 -0.35204648
v -0.29993501 0.26772135 -0.41833102
v -0.31806701 0.32827362 -0.31990231
v -0.29993501 0.31759795 -0.31942166
v -0.34852999 0.35195797 -0.34112822
v -0.33075300 0.36579634 -0.32480430
v -0.34873700 0.37180796 -0.36446410
v -0.29993501 0.36802828 -0.36857807
v -0.25619799 0.37225082 -0.36393632
v -0.27033600 0.36579634 -0.32480430
v -0.25628701 0.35238635 -0.34056479
v -0.28180301 0.32827362 -0.31990231
v -0.27656299 0.28173862 -0.44985801
v -0.27624500 0.30959460 -0.46921913
v -0.29993501 0.30940155 -0.46905714
v -0.32362500 0.30959460 -0.46921913
v -0.32330799 0.28173862 -0.44985801
v -0.31460699 0.27153116 -0.43929832
v -0.29993501 0.26771932 -0.43609980
v -0.28526300 0.27153116 -0.43929832
v -0.27688000 0.29737926 -0.46699362
v -0.29993501 0.29718623 -0.46683165
v -0.32299000 0.29737926 -0.46699362
v -0.37975201 0.42839321 -0.23582311
v -0.22916700 0.42839321 -0.23582311
v -0.34342101 0.39297496 -0.33923824
v -0.34342101 0.43688617 -0.28683998
v -0.34492499 0.33993653 -0.28644442
v -0.36289299 0.32864755 -0.37719581
v -0.36478901 0.34570231 -0.39394364
v -0.38910499 0.34608862 -0.39348325
v -0.37335601 0.37156176 -0.36475751
v -0.41487899 0.37156176 -0.36475751
v -0.41652900 0.34648332 -0.39301286
v -0.41647401 0.32946263 -0.37622445
v -0.41487899 0.35285650 -0.34241742
v -0.34953901 0.33168561 -0.32309817
v -0.37046701 0.31497088 -0.36232301
v -0.40633300 0.31563167 -0.36153551
v -0.40016201 0.33168561 -0.32309817
v -0.37639600 0.32532638 -0.31909757
v -0.38820800 0.30954198 -0.35710321
v -0.25484800 0.39297496 -0.33923824
v -0.24388300 0.33993653 -0.28644442
v -0.22474100 0.34434285 -0.39556379
v -0.22569500 0.32726621 -0.37884203
v -0.18911700 0.35371320 -0.34128910
v -0.17225499 0.32906153 -0.37670246
v -0.17214000 0.34610537 -0.39346330
v -0.18911700 0.37244752 -0.36370190
v -0.19888900 0.34519773 -0.39454498
v -0.21610400 0.37244752 -0.36370190
v -0.22164400 0.31348280 -0.36409643
v -0.24211399 0.33225773 -0.32172717
v -0.22276400 0.32589849 -0.31772657
v -0.20232999 0.30848783 -0.35835950
v -0.18183801 0.31505123 -0.36222726
v -0.20223200 0.33225773 -0.32172717
v -0.42192101 0.32017262 -0.41953978
v -0.41185099 0.29629029 -0.39965288
v -0.42192101 0.33842748 -0.43485743
v -0.37018201 0.33764582 -0.43578898
v -0.39449701 0.33803217 -0.43532855
v -0.36834100 0.31935689 -0.42051193
v -0.37598601 0.29562951 -0.40044037
v -0.39372700 0.29019994 -0.39522134
v -0.21710099 0.31885810 -0.42110637
v -0.21290100 0.29505289 -0.40112755
v -0.21626300 0.33714575 -0.43638493
v -0.16366100 0.33890827 -0.43428444
v -0.19041000 0.33800128 -0.43536535
v -0.16366100 0.32065341 -0.41896680
v -0.17309400 0.29662132 -0.39925838
v -0.19358701 0.29005791 -0.39539061
v -0.28277901 0.27909428 -0.48504954
v -0.29993501 0.26351066 -0.55437843
v -0.28277901 0.29302542 -0.49504993
v -0.29993501 0.29282168 -0.49490379
v -0.31709099 0.29302542 -0.49504993
v -0.31709099 0.27909428 -0.48504954
v -0.31070501 0.26242739 -0.47308381
v -0.29993501 0.25838522 -0.47018159
v -0.28916499 0.26242739 -0.47308381
v -0.37586501 0.31018283 -0.42985213
v -0.37738901 0.32665666 -0.44361921
v -0.39475399 0.32697680 -0.44323768
v -0.37943599 0.29173997 -0.41424361
v -0.39411700 0.28682526 -0.40957004
v -0.41249499 0.32730331 -0.44284857
v -0.41249499 0.31085710 -0.42904856
v -0.40911499 0.29228635 -0.41359246
v -0.38350099 0.29413281 -0.47165291
v -0.38456699 0.30541273 -0.47971322
v -0.39671001 0.30561507 -0.47943008
v -0.38599801 0.27669883 -0.45904873
v -0.39626500 0.27331967 -0.45626027
v -0.40911600 0.30582336 -0.47914142
v -0.40911600 0.29456119 -0.47105680
v -0.40675300 0.27704556 -0.45856555
v -0.39792299 0.27948916 -0.52327292
v -0.17063899 0.30614947 -0.43476623
v -0.16891100 0.32798409 -0.44730338
v -0.18935101 0.32717932 -0.44826246
v -0.19216900 0.28271951 -0.41118207
v -0.17398900 0.28919161 -0.41515864
v -0.20861401 0.32642084 -0.44916639
v -0.20710200 0.30471349 -0.43647756
v -0.20930400 0.28780065 -0.41681632
v -0.17236701 0.31722795 -0.44984645
v -0.18877999 0.31658195 -0.45061632
v -0.19104400 0.28226345 -0.42200114
v -0.17644399 0.28745966 -0.42519423
v -0.20424899 0.31597262 -0.45134249
v -0.20480300 0.28634314 -0.42652484
v -0.17176700 0.29877831 -0.46613373
v -0.17176700 0.31073351 -0.47471631
v -0.18532000 0.31024877 -0.47539048
v -0.18718900 0.27654421 -0.45133462
v -0.17513300 0.28074464 -0.45344153
v -0.19809300 0.30979336 -0.47602655
v -0.19858600 0.29781899 -0.46746834
v -0.19855100 0.27990753 -0.45460713
v -0.18293600 0.29046783 -0.51826012
v -0.98951114 1.83439215 0.70041586
v -1.59471734 1.94804122 0.49993943
v -1.62454831 1.94027300 0.57440531
v -1.02175984 1.82218752 0.78283435
v -1.65684457 1.91446298 0.64402292
v -1.04875309 1.79758088 0.86279751
v -2.40814978 2.10863157 0.27689903
v -2.50406395 2.13494922 0.27191518
v -2.53372295 2.14603747 0.28653607
v -2.42403894 2.10626882 0.32435951
v -2.52268485 2.12239451 0.32146324
v -2.44183968 2.08591648 0.36654308
v -1.08871920 1.80674717 0.32326204
v -1.26770044 1.85377990 0.30278613
v -1.26781963 1.87431936 0.36604791
v -1.09175573 1.82361094 0.38408517
v -1.26788255 1.88568632 0.43037719
v -1.09093229 1.83598870 0.44380076
v -1.64936314 1.96192134 0.27481491
v -1.68945545 1.98043844 0.28888518
v -1.70915265 2.00585645 0.31974795
v -1.64813435 1.98408653 0.32686591
v -1.69167940 1.99719865 0.35965499
v -1.65009494 1.98856374 0.38237618
v -0.01895929 0.81959210 -0.59724100
v 0.04757877 0.82904909 -0.59569250
v 0.07555881 0.61401617 -1.03025078
v 0.00631543 0.60280018 -1.03108271
v 0.11327552 0.81806509 -0.58742207
v 0.14378405 0.60121220 -1.02087445
v 0.04321524 0.10652534 -2.01540669
v 0.13987047 0.12129734 -2.01452477
v 0.14958110 0.05770136 -2.15788330
v 0.07759109 0.05682436 -2.11652945
v 0.23512382 0.10430834 -2.00115609
v 0.21492612 0.05523736 -2.10633178
v 0.10658153 0.67575813 -0.77260934
v 0.16707483 0.67834015 -0.75823909
v 0.22824863 0.56540119 -1.00483515
v 0.17147833 0.56006216 -1.01684406
v 0.22678163 0.67491711 -0.74103323
v 0.28351612 0.55927818 -0.98741296
v 0.24218254 0.43369223 -1.28366140
v 0.29506792 0.44204221 -1.27418293
v 0.31190876 0.41611724 -1.33899704
v 0.26898748 0.41729821 -1.31829642
v 0.34566972 0.43296821 -1.25647588
v 0.33912697 0.41680722 -1.29987048
v 0.05877372 0.67954911 -0.81682148
v 0.12030791 0.68186911 -0.80783621
v 0.15563359 0.58468020 -1.03827147
v 0.09624021 0.57982617 -1.04572121
v 0.18130637 0.67811813 -0.79609997
v 0.21404776 0.57845020 -1.02579905
v 0.14758563 0.44983621 -1.34360331
v 0.20167074 0.45802121 -1.33858041
v 0.21265375 0.43365923 -1.40523285
v 0.17174570 0.43429422 -1.38077031
v 0.25419946 0.44859024 -1.32557378
v 0.24324725 0.43345925 -1.36867874
v -0.01447516 0.67641017 -0.87216384
v 0.04764122 0.67871412 -0.86917612
v 0.05702287 0.60603016 -1.03791000
v -0.00932169 0.60195815 -1.04033434
v 0.10948394 0.67497816 -0.86333070
v 0.12292877 0.60043019 -1.03090980
v 0.02129916 0.44074923 -1.40257365
v 0.07730137 0.44886923 -1.40275635
v 0.08144299 0.42574925 -1.46453979
v 0.04342943 0.42473424 -1.44159954
v 0.13250986 0.43946424 -1.39464799
v 0.11576276 0.42389825 -1.43644520
v 0.05373407 0.80891910 -0.55025068
v 0.12010262 0.82225910 -0.54355779
v 0.18889269 0.60167717 -0.97072848
v 0.11975813 0.58658914 -0.97694364
v 0.18442830 0.80739108 -0.52785707
v 0.25562531 0.58500116 -0.95366404
v 0.24919806 0.07776933 -1.94693961
v 0.34562136 0.09638833 -1.93810719
v 0.36880915 0.03096135 -2.07907570
v 0.29294400 0.02675035 -2.04369199
v 0.43887093 0.07555233 -1.91444075
v 0.42867919 0.02516435 -2.02043563
v -0.06727916 0.67814013 -0.85335735
v -0.00510601 0.68047913 -0.85463311
v -0.00746687 0.61206716 -1.02538599
v -0.07381900 0.60793918 -1.02329815
v 0.05699316 0.67670813 -0.85319217
v 0.05876674 0.60641217 -1.02312243
v -0.06843154 0.45592224 -1.39072816
v -0.01257756 0.46414324 -1.39459626
v -0.01273803 0.44258825 -1.45707929
v -0.04906606 0.44093025 -1.43158807
v 0.04306113 0.45463723 -1.39058004
v 0.02345063 0.44009424 -1.43149122
v -0.19364786 0.84635206 -0.43268617
v -0.12979321 0.85447009 -0.45161813
v -0.23011637 0.60656413 -0.85700771
v -0.29632267 0.59678217 -0.83645459
v -0.06446592 0.84383907 -0.46253029
v -0.16202755 0.59416917 -0.86748024
v -0.54874969 0.02642030 -1.74613189
v -0.45639549 0.03939131 -1.77505815
v -0.48910709 -0.03507767 -1.90950098
v -0.54549592 -0.03129768 -1.84877558
v -0.36127242 0.02277330 -1.78944275
v -0.41133226 -0.03390768 -1.87977041
v -0.16122226 0.84223106 -0.48012038
v -0.09677600 0.85312011 -0.49728066
v -0.18311391 0.61650518 -0.91251893
v -0.24997925 0.60392514 -0.89386932
v -0.03102473 0.83968308 -0.50516453
v -0.11462894 0.60127614 -0.91990478
v -0.47107798 0.05907731 -1.82703548
v -0.37775190 0.07489732 -1.85298691
v -0.40578522 0.00416634 -1.99047145
v -0.46427673 0.00403533 -1.93096872
v -0.28212803 0.05537832 -1.86338164
v -0.32906000 0.00138833 -1.95697851
v -0.20363784 0.67738415 -0.75972708
v -0.14268646 0.67973013 -0.77205676
v -0.19094388 0.56632018 -1.02128808
v -0.24753480 0.56120419 -1.00836976
v -0.08127970 0.67607612 -0.78146582
v -0.13348550 0.55998617 -1.02863292
v -0.29566647 0.43430621 -1.27992193
v -0.24365322 0.44244723 -1.29351542
v -0.25563149 0.41639524 -1.35935199
v -0.28591146 0.41777124 -1.32256218
v -0.19032054 0.43318121 -1.29863777
v -0.21451155 0.41700824 -1.33524813
v -0.14590727 0.68348415 -0.78922428
v -0.08421636 0.68580414 -0.79706155
v -0.11195611 0.58871716 -1.02857581
v -0.17117306 0.58386218 -1.01983413
v -0.02230438 0.68205215 -0.80210681
v -0.05233763 0.58248615 -1.03222005
v -0.20156054 0.45400421 -1.32063500
v -0.14810790 0.46219121 -1.33028989
v -0.15539459 0.43785924 -1.39745696
v -0.18824732 0.43848022 -1.36292517
v -0.09401549 0.45275824 -1.33184385
v -0.11612214 0.43764522 -1.37044141
v 0.11525957 0.83742108 -0.48484153
v 0.18061628 0.85158505 -0.47093114
v 0.30036806 0.60334614 -0.87080561
v 0.23218475 0.58748415 -0.88448685
v 0.24198615 0.83661606 -0.44579392
v 0.36392646 0.58664712 -0.84389378
v 0.47745958 0.01602831 -1.79543320
v 0.57242021 0.03542931 -1.77588087
v 0.61252350 -0.03914367 -1.90824836
v 0.53249999 -0.04141068 -1.88231784
v 0.66137228 0.01485931 -1.73876417
v 0.66411275 -0.04224768 -1.84176509
v 0.09758271 0.84537806 -0.48909295
v 0.16326690 0.85474106 -0.47810250
v 0.25396840 0.61787418 -0.89226510
v 0.18548223 0.60680017 -0.90286938
v 0.22680239 0.84385105 -0.45934411
v 0.31981628 0.60521212 -0.87194252
v 0.36465469 0.06117931 -1.84453739
v 0.46027002 0.07570231 -1.82991838
v 0.49075027 0.00489334 -1.96683941
v 0.41330945 0.00629133 -1.93672051
v 0.55218600 0.05896131 -1.80136347
v 0.54751206 0.00470433 -1.90582452
v -0.11577362 0.81719807 -0.51192015
v -0.05010674 0.82986709 -0.52365572
v -0.10273249 0.60946117 -0.95320742
v -0.17093661 0.59505818 -0.94025069
v 0.01602836 0.81492910 -0.52634871
v -0.03391834 0.59270017 -0.95525064
v -0.31621125 0.08678332 -1.90828690
v -0.22103305 0.10456332 -1.92623697
v -0.23789134 0.03919135 -2.06812731
v -0.30105908 0.03565034 -2.01332818
v -0.12493304 0.08349032 -1.92922677
v -0.16417501 0.03329434 -2.02831332
v -0.06135484 0.82210408 -0.59444174
v 0.00520269 0.83292912 -0.59716357
v 0.00855083 0.61294120 -1.03012763
v -0.06066651 0.60036820 -1.02651701
v 0.07122414 0.82057713 -0.59208926
v 0.07715893 0.59877920 -1.02407173
v -0.07951851 0.09289134 -2.00562695
v 0.01707027 0.10899734 -2.01077643
v 0.01865623 0.04376736 -2.15372049
v -0.05091847 0.04201336 -2.10795634
v 0.11288814 0.09067434 -2.00221228
v 0.08677198 0.04042735 -2.10551316
v 0.21195699 0.34438500 0.00086106
v 0.21195699 0.34438500 0.00086106
v 0.00000000 0.34369501 0.00759306
v -0.21195699 0.34438500 0.00086106
v -0.21195699 0.34438500 0.00086106
v 0.00000000 0.30909603 -0.13654695
v 0.07544800 0.31935902 -0.07236194
v 0.07544800 0.29652501 -0.07236195
v 0.00000000 0.28839102 -0.13654695
v -0.07544800 0.31935902 -0.07236194
v -0.07544800 0.29652501 -0.07236195
v 0.31376706 1.74776339 0.39815303
v 0.86046753 1.91163605 0.62195664
v -0.31376706 1.74776339 0.39815303
v -0.86046753 1.91163605 0.62195664
v 0.26140001 0.31740909 0.51900527
v -0.16866000 0.26553787 0.48538345
f 1 2 3
f 1 3 4
f 2 5 6
f 2 6 3
f 7 8 9
f 7 9 10
f 8 11 12
f 8 12 9
f 3 6 11
f 3 11 8
f 4 3 8
f 4 8 7
f 13 14 15
f 13 15 16
f 14 17 18
f 14 18 15
f 19 20 21
f 19 21 22
f 20 23 24
f 20 24 21
f 15 18 23
f 15 23 20
f 16 15 20
f 16 20 19
f 25 26 27
f 25 27 28
f 26 29 30
f 26 30 27
f 31 32 33
f 31 33 34
f 32 35 36
f 32 36 33
f 27 30 35
f 27 35 32
f 28 27 32
f 28 32 31
f 37 38 39
f 37 39 40
f 38 41 42
f 38 42 39
f 40 39 43
f 40 43 44
f 39 42 45
f 39 45 43
f 46 47 48
f 46 48 49
f 47 50 51
f 47 51 48
f 49 48 53
f 49 53 54
f 48 51 55
f 48 55 53
f 56 59 61
f 56 61 62
f 59 64 65
f 59 65 61
f 62 61 66
f 62 66 67
f 61 65 68
f 61 68 66
f 58 57 71
f 58 71 75
f 63 60 78
f 63 78 82
f 86 89 91
f 86 91 52
f 89 93 94
f 89 94 91
f 52 91 95
f 52 95 96
f 91 94 97
f 91 97 95
f 88 87 72
f 88 72 76
f 92 90 80
f 92 80 84
f 70 74 98
f 70 98 99
f 74 85 100
f 74 100 98
f 101 102 103
f 101 103 104
f 102 105 106
f 102 106 103
f 98 100 105
f 98 105 102
f 99 98 102
f 99 102 101
f 107 110 112
f 107 112 114
f 115 113 118
f 115 118 120
f 121 117 123
f 121 123 126
f 127 124 129
f 127 129 133
f 134 130 137
f 134 137 141
f 109 108 144
f 109 144 146
f 147 145 150
f 147 150 152
f 111 110 156
f 111 156 161
f 168 170 125
f 168 125 174
f 171 168 177
f 171 177 179
f 178 176 182
f 178 182 185
f 184 183 189
f 184 189 192
f 181 176 194
f 181 194 199
f 188 183 200
f 188 200 204
f 196 176 166
f 196 166 206
f 125 169 211
f 125 211 132
f 171 180 216
f 171 216 212
f 178 186 220
f 178 220 214
f 184 190 222
f 184 222 217
f 109 148 225
f 109 225 157
f 119 113 172
f 207 167 229
f 207 229 233
f 165 173 162
f 165 162 228
f 234 235 155
f 155 239 208
f 155 208 234
f 237 225 147
f 237 147 153
f 163 159 241
f 158 226 241
f 232 227 241
f 230 164 241
f 235 231 241
f 224 236 241
f 107 116 243
f 107 243 244
f 115 122 247
f 115 247 242
f 121 128 249
f 121 249 246
f 127 135 251
f 127 251 248
f 134 140 254
f 134 254 250
f 143 108 245
f 143 245 255
f 149 145 256
f 149 256 258
f 205 238 195
f 125 117 175
f 172 113 160
f 154 151 261
f 154 261 263
f 201 197 269
f 201 269 274
f 203 198 271
f 203 271 277
f 240 155 266
f 240 266 279
f 193 238 281
f 193 281 270
f 264 262 283
f 264 283 284
f 273 268 288
f 273 288 290
f 276 272 289
f 276 289 292
f 278 265 285
f 278 285 293
f 259 296 297
f 259 297 282
f 267 280 294
f 267 294 300
f 191 187 302
f 191 302 303
f 188 202 306
f 188 306 301
f 221 190 304
f 221 304 308
f 203 275 310
f 203 310 305
f 276 291 311
f 276 311 309
f 250 254 312
f 250 312 314
f 248 251 315
f 248 315 316
f 246 249 317
f 246 317 318
f 242 247 319
f 242 319 320
f 244 243 321
f 244 321 322
f 255 245 323
f 255 323 324
f 258 256 325
f 258 325 327
f 295 257 326
f 295 326 328
f 297 296 329
f 297 329 330
f 332 297 330
f 282 297 332
f 284 283 331
f 293 285 331
f 300 294 331
f 290 288 334
f 292 289 334
f 311 291 335
f 193 268 338
f 193 338 339
f 267 298 340
f 267 340 337
f 299 333 341
f 286 268 338
f 286 338 341
f 336 287 340
f 131 209 343
f 131 343 139
f 210 215 349
f 210 349 345
f 213 219 353
f 213 353 347
f 218 223 357
f 218 357 351
f 221 307 359
f 221 359 354
f 142 136 360
f 142 360 366
f 252 368 369
f 252 369 373
f 313 253 372
f 313 372 375
f 138 342 377
f 138 377 362
f 344 348 383
f 344 383 379
f 346 352 388
f 346 388 382
f 350 356 392
f 350 392 386
f 355 358 394
f 355 394 389
f 367 361 395
f 367 395 400
f 374 370 403
f 374 403 406
f 376 371 404
f 376 404 409
f 363 378 410
f 363 410 397
f 380 384 416
f 380 416 412
f 381 387 420
f 381 420 414
f 385 391 425
f 385 425 419
f 390 393 427
f 390 427 422
f 401 396 429
f 401 429 435
f 438 407 402
f 438 402 440
f 442 408 405
f 442 405 436
f 398 411 443
f 398 443 430
f 413 417 450
f 413 450 446
f 415 421 454
f 415 454 448
f 418 424 458
f 418 458 452
f 423 426 459
f 423 459 456
f 434 428 461
f 434 461 467
f 431 444 469
f 431 469 463
f 445 449 476
f 445 476 472
f 447 453 479
f 447 479 473
f 451 457 483
f 451 483 477
f 455 460 485
f 455 485 482
f 468 462 487
f 468 487 493
f 439 466 491
f 439 491 497
f 441 437 495
f 441 495 500
f 464 470 503
f 464 503 490
f 471 475 508
f 471 508 504
f 474 480 511
f 474 511 505
f 478 484 516
f 478 516 510
f 481 486 517
f 481 517 514
f 494 488 519
f 494 519 525
f 498 492 523
f 498 523 529
f 499 496 528
f 499 528 531
f 489 502 536
f 489 536 521
f 501 507 539
f 501 539 534
f 509 515 541
f 509 541 543
f 513 518 545
f 513 545 550
f 512 551 537
f 512 537 506
f 549 546 556
f 549 556 559
f 538 553 563
f 538 563 534
f 560 557 566
f 560 566 571
f 535 564 574
f 535 574 577
f 570 567 580
f 570 580 581
f 576 575 584
f 576 584 586
f 573 593 596
f 573 596 583
f 591 598 600
f 591 600 595
f 588 585 603
f 588 603 604
f 582 597 607
f 582 607 602
f 594 601 608
f 594 608 606
f 611 615 619
f 611 619 623
f 612 625 629
f 612 629 616
f 624 634 637
f 624 637 628
f 620 617 639
f 620 639 643
f 618 633 640
f 631 636 645
f 530 524 647
f 530 647 653
f 655 532 527
f 655 527 652
f 520 657 649
f 520 649 526
f 579 587 659
f 579 659 522
f 650 658 661
f 650 661 664
f 654 648 663
f 654 663 666
f 656 651 665
f 656 665 667
f 660 589 605
f 660 605 662
f 522 533 578
f 671 641 638
f 671 638 632
f 672 669 630
f 672 630 646
f 252 2152 368
f 465 438 440
f 2152 364 674
f 2152 674 677
f 679 680 681
f 680 677 682
f 680 682 681
f 676 365 399
f 676 399 432
f 433 465 683
f 433 683 675
f 465 440 2153
f 465 2153 683
f 440 402 2153
f 679 681 685
f 679 685 686
f 681 682 687
f 681 687 685
f 682 675 688
f 682 688 687
f 683 2153 689
f 683 689 690
f 2153 679 689
f 679 686 689
f 686 685 691
f 686 691 696
f 685 687 691
f 687 688 693
f 687 693 691
f 690 689 697
f 689 686 696
f 689 696 697
f 678 684 403
f 678 403 370
f 369 368 680
f 369 680 679
f 368 2152 677
f 368 677 680
f 677 674 682
f 694 73 69
f 694 69 698
f 695 83 79
f 83 699 701
f 701 703 79
f 701 79 83
f 69 73 702
f 69 702 704
f 701 705 707
f 701 707 703
f 704 702 706
f 704 706 708
f 692 699 83
f 692 83 695
f 77 81 709
f 77 709 710
f 81 700 711
f 81 711 709
f 712 713 714
f 712 714 715
f 713 716 717
f 713 717 714
f 709 711 716
f 709 716 713
f 710 709 713
f 710 713 712
f 149 257 718
f 149 718 719
f 257 295 720
f 257 720 718
f 295 260 721
f 295 721 720
f 260 149 719
f 260 719 721
f 719 718 722
f 718 720 722
f 720 721 722
f 721 719 722
f 723 724 725
f 723 725 726
f 724 727 728
f 724 728 725
f 726 725 729
f 726 729 730
f 725 728 731
f 725 731 729
f 732 733 734
f 732 734 735
f 733 736 737
f 733 737 734
f 738 739 740
f 738 740 741
f 739 742 743
f 739 743 740
f 734 737 742
f 734 742 739
f 735 734 739
f 735 739 738
f 744 748 751
f 744 751 562
f 569 754 558
f 569 558 755
f 754 758 547
f 754 547 558
f 758 760 540
f 758 540 547
f 760 761 542
f 760 542 540
f 761 763 552
f 761 552 542
f 763 746 565
f 763 565 552
f 765 766 767
f 768 765 767
f 769 768 767
f 770 769 767
f 771 770 767
f 772 771 767
f 773 772 767
f 766 773 767
f 2156 745 774
f 2156 774 775
f 568 2156 775
f 568 775 776
f 753 568 776
f 753 776 777
f 757 753 777
f 757 777 778
f 759 757 778
f 759 778 779
f 762 759 779
f 762 779 780
f 764 762 780
f 764 780 781
f 745 764 781
f 745 781 774
f 775 774 782
f 775 782 783
f 776 775 783
f 776 783 784
f 777 776 784
f 777 784 785
f 778 777 785
f 778 785 786
f 779 778 786
f 779 786 787
f 780 779 787
f 780 787 788
f 781 780 788
f 781 788 789
f 774 781 789
f 774 789 782
f 783 782 790
f 783 790 791
f 784 783 791
f 784 791 792
f 785 784 792
f 785 792 793
f 786 785 793
f 786 793 794
f 787 786 794
f 787 794 795
f 788 787 795
f 788 795 796
f 789 788 796
f 789 796 797
f 782 789 797
f 782 797 790
f 791 790 798
f 791 798 799
f 792 791 799
f 792 799 800
f 793 792 800
f 793 800 801
f 794 793 801
f 794 801 802
f 795 794 802
f 795 802 803
f 796 795 803
f 796 803 804
f 797 796 804
f 797 804 805
f 790 797 805
f 790 805 798
f 799 798 806
f 799 806 807
f 800 799 807
f 800 807 808
f 801 800 808
f 801 808 809
f 802 801 809
f 802 809 810
f 803 802 810
f 803 810 811
f 804 803 811
f 804 811 812
f 805 804 812
f 805 812 813
f 798 805 813
f 798 813 806
f 811 810 814
f 811 814 815
f 816 770 817
f 816 817 818
f 770 771 819
f 770 819 820
f 821 812 811
f 821 811 815
f 771 772 822
f 771 822 819
f 823 824 825
f 823 825 826
f 807 806 827
f 807 827 828
f 829 766 830
f 829 830 831
f 766 765 832
f 766 832 830
f 808 807 828
f 808 828 833
f 765 768 834
f 765 834 832
f 768 835 836
f 768 836 834
f 828 827 837
f 828 837 838
f 833 828 838
f 833 838 839
f 834 836 840
f 834 840 841
f 832 834 841
f 832 841 842
f 830 832 842
f 830 842 843
f 844 831 830
f 844 830 843
f 838 837 845
f 838 845 846
f 839 838 846
f 839 846 847
f 841 840 848
f 841 848 849
f 842 841 849
f 842 849 850
f 843 842 850
f 843 850 851
f 844 843 851
f 844 851 852
f 846 845 853
f 846 853 854
f 852 851 855
f 852 855 856
f 851 850 857
f 851 857 855
f 847 846 854
f 847 854 858
f 850 849 859
f 850 859 857
f 849 848 860
f 849 860 859
f 806 829 831
f 806 831 827
f 824 812 861
f 824 861 825
f 810 816 818
f 810 818 862
f 836 835 808
f 836 808 833
f 840 836 833
f 840 833 839
f 848 840 839
f 848 839 847
f 860 848 847
f 860 847 858
f 845 852 856
f 845 856 853
f 837 844 852
f 837 852 845
f 827 831 844
f 827 844 837
f 863 864 865
f 864 866 865
f 867 868 865
f 866 867 865
f 868 869 865
f 869 863 865
f 854 853 869
f 854 869 868
f 858 854 868
f 858 868 867
f 860 858 867
f 860 867 866
f 859 860 866
f 857 859 866
f 857 866 864
f 855 857 864
f 855 864 863
f 856 855 863
f 853 856 863
f 853 863 869
f 870 871 872
f 870 872 873
f 874 871 870
f 874 870 875
f 876 874 875
f 876 875 877
f 878 876 877
f 878 877 879
f 880 878 879
f 880 879 881
f 882 880 881
f 882 881 883
f 884 882 883
f 884 883 885
f 872 884 885
f 872 885 873
f 821 815 886
f 821 886 887
f 888 889 821
f 888 821 887
f 822 889 888
f 822 888 890
f 819 822 890
f 819 890 891
f 820 819 891
f 820 891 892
f 893 820 892
f 893 892 894
f 814 893 894
f 814 894 895
f 815 814 895
f 815 895 886
f 881 879 896
f 881 896 897
f 879 877 898
f 879 898 896
f 877 875 899
f 877 899 898
f 875 870 900
f 875 900 899
f 873 885 901
f 873 901 902
f 870 873 902
f 870 902 900
f 885 883 903
f 885 903 901
f 883 881 897
f 883 897 903
f 897 896 904
f 896 898 905
f 896 905 904
f 898 899 906
f 898 906 905
f 899 900 906
f 829 907 773
f 829 773 766
f 816 908 769
f 816 769 770
f 809 908 816
f 809 816 810
f 813 907 829
f 813 829 806
f 813 812 824
f 813 824 907
f 773 907 824
f 773 824 823
f 809 808 835
f 809 835 908
f 769 908 835
f 769 835 768
f 822 772 909
f 822 909 910
f 812 821 911
f 812 911 861
f 772 773 823
f 772 823 909
f 888 890 912
f 888 912 913
f 890 914 915
f 890 915 912
f 916 917 918
f 916 918 919
f 920 888 913
f 920 913 921
f 917 922 923
f 917 923 918
f 924 920 921
f 924 921 925
f 770 820 926
f 770 926 817
f 814 810 927
f 810 862 927
f 892 894 928
f 892 928 929
f 930 931 932
f 930 932 933
f 931 934 935
f 931 935 932
f 894 936 937
f 894 937 928
f 938 939 940
f 938 940 941
f 939 930 933
f 939 933 940
f 918 923 942
f 918 942 943
f 919 918 943
f 919 943 944
f 912 915 945
f 912 945 946
f 913 912 946
f 913 946 947
f 921 913 947
f 921 947 948
f 925 921 948
f 925 948 949
f 928 937 950
f 928 950 951
f 929 928 951
f 929 951 952
f 932 935 953
f 932 953 954
f 933 932 954
f 933 954 955
f 940 933 955
f 940 955 956
f 941 940 956
f 941 956 957
f 910 909 823
f 910 823 826
f 915 914 916
f 915 916 919
f 945 915 919
f 945 919 944
f 923 925 949
f 923 949 942
f 922 924 925
f 922 925 923
f 934 892 929
f 934 929 935
f 953 935 929
f 953 929 952
f 937 941 957
f 937 957 950
f 936 938 941
f 936 941 937
f 887 886 884
f 887 884 872
f 871 888 887
f 871 887 872
f 890 888 871
f 890 871 874
f 891 890 874
f 891 874 876
f 892 891 876
f 892 876 878
f 894 892 878
f 894 878 880
f 895 894 880
f 895 880 882
f 886 895 882
f 886 882 884
f 911 821 920
f 911 920 924
f 821 889 888
f 821 888 920
f 822 910 914
f 822 914 890
f 916 914 910
f 916 910 826
f 826 825 917
f 826 917 916
f 825 861 922
f 825 922 917
f 861 911 924
f 861 924 922
f 927 862 939
f 927 939 938
f 862 818 930
f 862 930 939
f 818 817 931
f 818 931 930
f 817 926 934
f 817 934 931
f 926 820 892
f 926 892 934
f 893 814 936
f 893 936 894
f 814 927 938
f 814 938 936
f 958 959 960
f 959 961 960
f 961 962 960
f 962 963 960
f 964 965 960
f 963 964 960
f 965 966 960
f 966 958 960
f 900 902 964
f 900 964 963
f 906 900 963
f 906 963 962
f 905 906 962
f 905 962 961
f 904 905 961
f 904 961 959
f 897 904 959
f 897 959 958
f 903 897 958
f 903 958 966
f 901 903 966
f 901 966 965
f 902 901 965
f 902 965 964
f 947 946 967
f 947 967 968
f 946 945 969
f 946 969 967
f 948 947 968
f 948 968 970
f 949 948 970
f 949 970 971
f 945 944 972
f 945 972 969
f 944 943 973
f 944 973 972
f 943 942 974
f 943 974 973
f 942 949 971
f 942 971 974
f 968 967 975
f 968 975 976
f 967 969 977
f 967 977 975
f 970 968 976
f 970 976 978
f 971 970 978
f 971 978 979
f 969 972 980
f 969 980 977
f 972 973 981
f 972 981 980
f 973 974 982
f 973 982 981
f 974 971 979
f 974 979 982
f 976 975 983
f 975 977 983
f 978 976 983
f 979 978 983
f 977 980 983
f 980 981 983
f 981 982 983
f 982 979 983
f 955 954 984
f 955 984 985
f 954 953 986
f 954 986 984
f 957 956 987
f 957 987 988
f 956 955 985
f 956 985 987
f 952 951 989
f 952 989 990
f 953 952 990
f 953 990 986
f 951 950 991
f 951 991 989
f 950 957 988
f 950 988 991
f 985 984 992
f 984 986 993
f 984 993 992
f 988 987 994
f 988 994 995
f 987 985 994
f 990 989 996
f 986 990 996
f 986 996 993
f 989 991 997
f 991 988 995
f 991 995 997
f 985 992 998
f 985 998 999
f 992 993 1000
f 992 1000 998
f 995 994 1001
f 995 1001 1002
f 994 985 999
f 994 999 1001
f 996 989 1003
f 996 1003 1004
f 993 996 1004
f 993 1004 1000
f 989 997 1005
f 989 1005 1003
f 997 995 1002
f 997 1002 1005
f 999 998 1006
f 998 1000 1006
f 1002 1001 1006
f 1001 999 1006
f 1004 1003 1006
f 1000 1004 1006
f 1003 1005 1006
f 1005 1002 1006
f 1007 1008 1009
f 1007 1009 1010
f 1008 1011 1012
f 1008 1012 1009
f 1013 1014 1015
f 1013 1015 1016
f 1014 1017 1018
f 1014 1018 1015
f 1009 1012 1017
f 1009 1017 1014
f 1010 1009 1014
f 1010 1014 1013
f 1019 1020 1021
f 1019 1021 1022
f 1020 1023 1024
f 1020 1024 1021
f 1025 1026 1027
f 1025 1027 1028
f 1026 1029 1030
f 1026 1030 1027
f 1021 1024 1029
f 1021 1029 1026
f 1022 1021 1026
f 1022 1026 1025
f 606 608 635
f 606 635 626
f 602 607 627
f 602 627 613
f 604 603 614
f 604 614 610
f 662 605 609
f 662 609 622
f 664 661 621
f 664 621 644
f 666 663 642
f 666 642 670
f 667 665 668
f 667 668 673
f 541 515 548
f 561 750 592
f 561 592 572
f 544 551 512
f 1031 1032 1033
f 1031 1033 1034
f 1034 1033 1035
f 1034 1035 1036
f 1037 1038 1039
f 1037 1039 1040
f 1040 1039 1041
f 1040 1041 1042
f 1033 1040 1042
f 1033 1042 1035
f 1032 1037 1040
f 1032 1040 1033
f 1043 1044 1045
f 1043 1045 1046
f 1046 1045 1047
f 1046 1047 1048
f 1049 1050 1051
f 1049 1051 1052
f 1052 1051 1053
f 1052 1053 1054
f 1045 1052 1054
f 1045 1054 1047
f 1044 1049 1052
f 1044 1052 1045
f 1055 1056 1057
f 1055 1057 1058
f 1058 1057 1059
f 1058 1059 1060
f 1061 1062 1063
f 1061 1063 1064
f 1064 1063 1065
f 1064 1065 1066
f 1057 1064 1066
f 1057 1066 1059
f 1056 1061 1064
f 1056 1064 1057
f 1067 1068 1069
f 1067 1069 1070
f 1070 1069 1071
f 1070 1071 1072
f 1068 1073 1074
f 1068 1074 1069
f 1069 1074 1075
f 1069 1075 1071
f 1076 1077 1078
f 1076 1078 1079
f 1079 1078 1081
f 1079 1081 1082
f 1077 1083 1084
f 1077 1084 1078
f 1078 1084 1085
f 1078 1085 1081
f 1086 1088 1089
f 1086 1089 1091
f 1091 1089 1093
f 1091 1093 1095
f 1088 1096 1097
f 1088 1097 1089
f 1089 1097 1098
f 1089 1098 1093
f 1090 1106 1109
f 1090 1109 1087
f 1094 1115 1102
f 1094 1102 1092
f 1116 1080 1118
f 1116 1118 1120
f 1120 1118 1122
f 1120 1122 1124
f 1080 1125 1126
f 1080 1126 1118
f 1118 1126 1127
f 1118 1127 1122
f 1119 1104 1107
f 1119 1107 1117
f 1123 1114 1101
f 1123 1101 1121
f 1110 1128 1129
f 1110 1129 1099
f 1099 1129 1130
f 1099 1130 1113
f 1131 1132 1133
f 1131 1133 1134
f 1134 1133 1135
f 1134 1135 1136
f 1129 1134 1136
f 1129 1136 1130
f 1128 1131 1134
f 1128 1134 1129
f 1137 1139 1144
f 1137 1144 1146
f 1140 1147 1152
f 1140 1152 1142
f 1148 1153 1157
f 1148 1157 1151
f 1154 1159 1165
f 1154 1165 1158
f 1160 1167 1171
f 1160 1171 1164
f 1145 1175 1177
f 1145 1177 1138
f 1173 1181 1185
f 1173 1185 1178
f 1143 1189 1194
f 1143 1194 1146
f 1195 1199 1201
f 1195 1201 1203
f 1200 1208 1211
f 1200 1211 1202
f 1209 1214 1217
f 1209 1217 1212
f 1210 1220 1227
f 1210 1227 1202
f 1216 1229 1221
f 1216 1221 1212
f 1225 1233 1205
f 1225 1205 1202
f 1156 1162 1236
f 1156 1236 1197
f 1195 1235 1239
f 1195 1239 1198
f 1200 1241 1243
f 1200 1243 1207
f 1209 1246 1248
f 1209 1248 1213
f 1145 1193 1251
f 1145 1251 1174
f 1150 1253 1142
f 1232 1258 1262
f 1232 1262 1204
f 1206 1263 1188
f 1206 1188 1256
f 1179 1265 1257
f 1257 1231 1270
f 1257 1270 1179
f 1266 1182 1173
f 1266 1173 1251
f 1187 1271 1191
f 1192 1271 1250
f 1259 1271 1264
f 1261 1271 1186
f 1265 1271 1260
f 1252 1271 1267
f 1137 1272 1275
f 1137 1275 1141
f 1140 1274 1277
f 1140 1277 1149
f 1148 1276 1279
f 1148 1279 1155
f 1154 1278 1281
f 1154 1281 1161
f 1160 1280 1282
f 1160 1282 1168
f 1176 1285 1273
f 1176 1273 1138
f 1183 1288 1286
f 1183 1286 1178
f 1234 1226 1268
f 1156 1254 1151
f 1253 1190 1142
f 1180 1292 1295
f 1180 1295 1184
f 1219 1297 1303
f 1219 1303 1224
f 1228 1306 1300
f 1228 1300 1222
f 1269 1310 1289
f 1269 1289 1179
f 1223 1301 1308
f 1223 1308 1268
f 1291 1313 1314
f 1291 1314 1294
f 1298 1316 1318
f 1298 1318 1304
f 1305 1321 1317
f 1305 1317 1299
f 1311 1324 1312
f 1311 1312 1290
f 1296 1315 1325
f 1296 1325 1327
f 1302 1328 1323
f 1302 1323 1309
f 1215 303 302
f 1215 302 1218
f 1216 301 306
f 1216 306 1230
f 1249 308 304
f 1249 304 1213
f 1228 305 310
f 1228 310 1307
f 1305 309 311
f 1305 311 1322
f 1280 314 312
f 1280 312 1282
f 1278 316 315
f 1278 315 1281
f 1276 318 317
f 1276 317 1279
f 1274 320 319
f 1274 319 1277
f 1272 322 321
f 1272 321 1275
f 1285 324 323
f 1285 323 1273
f 1288 327 325
f 1288 325 1286
f 1326 328 326
f 1326 326 1287
f 1325 330 329
f 1325 329 1327
f 332 330 1325
f 1315 332 1325
f 1313 331 1314
f 1324 331 1312
f 1328 331 1323
f 1316 334 1318
f 1321 334 1317
f 311 335 1322
f 1223 339 338
f 1223 338 1304
f 1302 337 340
f 1302 340 1330
f 1329 341 333
f 1320 341 338
f 1320 338 1304
f 336 340 1319
f 1163 1169 1333
f 1163 1333 1238
f 1237 1331 1335
f 1237 1335 1240
f 1242 1337 1339
f 1242 1339 1244
f 1245 1341 1343
f 1245 1343 1247
f 1249 1346 359
f 1249 359 307
f 1166 1348 1354
f 1166 1354 1172
f 1283 1356 1359
f 1283 1359 1361
f 313 375 1357
f 313 1357 1284
f 1170 1352 1365
f 1170 1365 1334
f 1332 1363 1367
f 1332 1367 1336
f 1338 1368 1370
f 1338 1370 1340
f 1342 1372 1374
f 1342 1374 1344
f 1345 1377 394
f 1345 394 358
f 1347 1379 1384
f 1347 1384 1353
f 1355 1386 1390
f 1355 1390 1360
f 376 409 1388
f 376 1388 1358
f 1351 1382 1394
f 1351 1394 1364
f 1362 1392 1396
f 1362 1396 1366
f 1369 1398 1400
f 1369 1400 1371
f 1373 1401 1403
f 1373 1403 1375
f 1376 1406 427
f 1376 427 393
f 1378 1407 1413
f 1378 1413 1383
f 1416 1419 1389
f 1416 1389 1385
f 442 1418 1387
f 442 1387 408
f 1381 1412 1423
f 1381 1423 1393
f 1391 1420 1424
f 1391 1424 1395
f 1397 1426 1428
f 1397 1428 1399
f 1402 1430 1432
f 1402 1432 1404
f 1405 1434 459
f 1405 459 426
f 1408 1437 1443
f 1408 1443 1414
f 1411 1441 1447
f 1411 1447 1422
f 1421 1444 1448
f 1421 1448 1425
f 1427 1450 1452
f 1427 1452 1429
f 1431 1455 1457
f 1431 1457 1433
f 1435 1458 485
f 1435 485 460
f 1436 1461 1467
f 1436 1467 1442
f 1415 1469 1463
f 1415 1463 1439
f 441 500 1471
f 441 1471 1417
f 1440 1464 1473
f 1440 1473 1446
f 1445 1472 1476
f 1445 1476 1449
f 1451 1479 1481
f 1451 1481 1453
f 1454 1482 1484
f 1454 1484 1456
f 1459 1486 517
f 1459 517 486
f 1460 1489 1495
f 1460 1495 1466
f 1468 1497 1491
f 1468 1491 1462
f 499 531 1498
f 499 1498 1470
f 1465 1493 1500
f 1465 1500 1474
f 1475 1501 1504
f 1475 1504 1477
f 1483 1509 1511
f 1483 1511 1485
f 1487 1512 545
f 1487 545 518
f 1480 1478 1506
f 1480 1506 1518
f 1513 1520 555
f 1513 555 546
f 1505 1501 1523
f 1505 1523 1517
f 1519 1527 566
f 1519 566 554
f 1502 1534 1535
f 1502 1535 1524
f 1528 1539 580
f 1528 580 567
f 1533 1543 1545
f 1533 1545 1536
f 1538 1546 1550
f 1538 1550 1552
f 1553 1549 600
f 1553 600 598
f 1541 1557 1558
f 1541 1558 1544
f 1547 1559 1560
f 1547 1560 1548
f 1551 1561 608
f 1551 608 601
f 1562 1565 1569
f 1562 1569 1573
f 1576 1572 1581
f 1576 1581 1585
f 1586 1582 637
f 1586 637 634
f 1568 1588 1592
f 1568 1592 1571
f 1570 1591 1577
f 1579 645 636
f 1496 1595 1601
f 1496 1601 1490
f 655 1596 1499
f 655 1499 532
f 1494 1488 1599
f 1494 1599 1605
f 1532 1492 1603
f 1532 1603 1542
f 1598 1606 1609
f 1598 1609 1604
f 1594 1610 1607
f 1594 1607 1600
f 656 667 1611
f 656 1611 1597
f 1602 1608 1556
f 1602 1556 1540
f 1492 1531 1503
f 1613 1578 1593
f 1613 1593 1589
f 672 646 1580
f 672 1580 1614
f 1283 1361 2154
f 1438 1419 1416
f 2154 1616 1617
f 2154 1617 1349
f 1621 1622 1623
f 1623 1622 1624
f 1623 1624 1616
f 1618 1409 1380
f 1618 1380 1350
f 1410 1619 1625
f 1410 1625 1438
f 1438 1625 2155
f 1438 2155 1419
f 1419 2155 1389
f 1621 1627 1628
f 1621 1628 1622
f 1622 1628 1629
f 1622 1629 1624
f 1624 1629 1630
f 1624 1630 1619
f 1625 1631 1632
f 1625 1632 2155
f 2155 1632 1621
f 1632 1627 1621
f 1627 1634 1638
f 1627 1638 1628
f 1628 1638 1629
f 1629 1638 1636
f 1629 1636 1630
f 1631 1639 1632
f 1632 1639 1634
f 1632 1634 1627
f 1620 1360 1390
f 1620 1390 1626
f 1359 1621 1623
f 1359 1623 1361
f 1361 1623 1616
f 1361 1616 2154
f 1616 1624 1617
f 1635 1640 1108
f 1635 1108 1105
f 1633 1100 1112
f 1645 1642 1112
f 1112 1100 1643
f 1112 1643 1645
f 1108 1646 1644
f 1108 1644 1105
f 1645 1643 1647
f 1645 1647 1649
f 1646 1650 1648
f 1646 1648 1644
f 1637 1633 1112
f 1637 1112 1642
f 1103 1651 1652
f 1103 1652 1111
f 1111 1652 1653
f 1111 1653 1641
f 1654 1655 1656
f 1654 1656 1657
f 1657 1656 1658
f 1657 1658 1659
f 1652 1657 1659
f 1652 1659 1653
f 1651 1654 1657
f 1651 1657 1652
f 1183 1660 1661
f 1183 1661 1287
f 1287 1661 1662
f 1287 1662 1326
f 1326 1662 1663
f 1326 1663 1293
f 1293 1663 1660
f 1293 1660 1183
f 1660 1664 1661
f 1661 1664 1662
f 1662 1664 1663
f 1663 1664 1660
f 1665 1666 1667
f 1665 1667 1668
f 1668 1667 1669
f 1668 1669 1670
f 1666 1671 1672
f 1666 1672 1667
f 1667 1672 1673
f 1667 1673 1669
f 1674 1675 1676
f 1674 1676 1677
f 1677 1676 1678
f 1677 1678 1679
f 1680 1681 1682
f 1680 1682 1683
f 1683 1682 1684
f 1683 1684 1685
f 1676 1683 1685
f 1676 1685 1678
f 1675 1680 1683
f 1675 1683 1676
f 1688 1525 1690
f 1688 1690 1693
f 1530 1696 1521
f 1530 1521 1698
f 1698 1521 1515
f 1698 1515 1700
f 1700 1515 1510
f 1700 1510 1702
f 1702 1510 1508
f 1702 1508 1703
f 1703 1508 1516
f 1703 1516 1705
f 1705 1516 1522
f 1705 1522 1687
f 1707 1708 1709
f 1710 1708 1707
f 1711 1708 1710
f 1712 1708 1711
f 1713 1708 1712
f 1714 1708 1713
f 1715 1708 1714
f 1709 1708 1715
f 1694 1716 1717
f 1694 1717 1686
f 2157 1718 1716
f 2157 1716 1694
f 1697 1719 1718
f 1697 1718 2157
f 1699 1720 1719
f 1699 1719 1697
f 1701 1721 1720
f 1701 1720 1699
f 1704 1722 1721
f 1704 1721 1701
f 1706 1723 1722
f 1706 1722 1704
f 1686 1717 1723
f 1686 1723 1706
f 1716 1724 1725
f 1716 1725 1717
f 1718 1726 1724
f 1718 1724 1716
f 1719 1727 1726
f 1719 1726 1718
f 1720 1728 1727
f 1720 1727 1719
f 1721 1729 1728
f 1721 1728 1720
f 1722 1730 1729
f 1722 1729 1721
f 1723 1731 1730
f 1723 1730 1722
f 1717 1725 1731
f 1717 1731 1723
f 1724 1732 1733
f 1724 1733 1725
f 1726 1734 1732
f 1726 1732 1724
f 1727 1735 1734
f 1727 1734 1726
f 1728 1736 1735
f 1728 1735 1727
f 1729 1737 1736
f 1729 1736 1728
f 1730 1738 1737
f 1730 1737 1729
f 1731 1739 1738
f 1731 1738 1730
f 1725 1733 1739
f 1725 1739 1731
f 1732 1740 1741
f 1732 1741 1733
f 1734 1742 1740
f 1734 1740 1732
f 1735 1743 1742
f 1735 1742 1734
f 1736 1744 1743
f 1736 1743 1735
f 1737 1745 1744
f 1737 1744 1736
f 1738 1746 1745
f 1738 1745 1737
f 1739 1747 1746
f 1739 1746 1738
f 1733 1741 1747
f 1733 1747 1739
f 1740 1748 1749
f 1740 1749 1741
f 1742 1750 1748
f 1742 1748 1740
f 1743 1751 1750
f 1743 1750 1742
f 1744 1752 1751
f 1744 1751 1743
f 1745 1753 1752
f 1745 1752 1744
f 1746 1754 1753
f 1746 1753 1745
f 1747 1755 1754
f 1747 1754 1746
f 1741 1749 1755
f 1741 1755 1747
f 1753 1756 1757
f 1753 1757 1752
f 1758 1759 1760
f 1758 1760 1712
f 1712 1761 1762
f 1712 1762 1713
f 1763 1756 1753
f 1763 1753 1754
f 1713 1762 1764
f 1713 1764 1714
f 1765 1766 1767
f 1765 1767 1768
f 1748 1769 1770
f 1748 1770 1749
f 1771 1772 1773
f 1771 1773 1709
f 1709 1773 1774
f 1709 1774 1707
f 1750 1775 1769
f 1750 1769 1748
f 1707 1774 1776
f 1707 1776 1710
f 1710 1776 1777
f 1710 1777 1778
f 1769 1779 1780
f 1769 1780 1770
f 1775 1781 1779
f 1775 1779 1769
f 1776 1782 1783
f 1776 1783 1777
f 1774 1784 1782
f 1774 1782 1776
f 1773 1785 1784
f 1773 1784 1774
f 1786 1785 1773
f 1786 1773 1772
f 1779 1787 1788
f 1779 1788 1780
f 1781 1789 1787
f 1781 1787 1779
f 1782 1790 1791
f 1782 1791 1783
f 1784 1792 1790
f 1784 1790 1782
f 1785 1793 1792
f 1785 1792 1784
f 1786 1794 1793
f 1786 1793 1785
f 1787 1795 1796
f 1787 1796 1788
f 1794 1797 1798
f 1794 1798 1793
f 1793 1798 1799
f 1793 1799 1792
f 1789 1800 1795
f 1789 1795 1787
f 1792 1799 1801
f 1792 1801 1790
f 1790 1801 1802
f 1790 1802 1791
f 1749 1770 1772
f 1749 1772 1771
f 1768 1767 1803
f 1768 1803 1754
f 1752 1804 1759
f 1752 1759 1758
f 1777 1775 1750
f 1777 1750 1778
f 1783 1781 1775
f 1783 1775 1777
f 1791 1789 1781
f 1791 1781 1783
f 1802 1800 1789
f 1802 1789 1791
f 1788 1796 1797
f 1788 1797 1794
f 1780 1788 1794
f 1780 1794 1786
f 1770 1780 1786
f 1770 1786 1772
f 1805 1806 1807
f 1807 1806 1808
f 1809 1806 1810
f 1808 1806 1809
f 1810 1806 1811
f 1811 1806 1805
f 1795 1810 1811
f 1795 1811 1796
f 1800 1809 1810
f 1800 1810 1795
f 1802 1808 1809
f 1802 1809 1800
f 1801 1808 1802
f 1799 1807 1808
f 1799 1808 1801
f 1798 1805 1807
f 1798 1807 1799
f 1797 1805 1798
f 1796 1811 1805
f 1796 1805 1797
f 1812 1813 1814
f 1812 1814 1815
f 1816 1817 1812
f 1816 1812 1815
f 1818 1819 1817
f 1818 1817 1816
f 1820 1821 1819
f 1820 1819 1818
f 1822 1823 1821
f 1822 1821 1820
f 1824 1825 1823
f 1824 1823 1822
f 1826 1827 1825
f 1826 1825 1824
f 1814 1813 1827
f 1814 1827 1826
f 1763 1828 1829
f 1763 1829 1756
f 1830 1828 1763
f 1830 1763 1831
f 1764 1832 1830
f 1764 1830 1831
f 1762 1833 1832
f 1762 1832 1764
f 1761 1834 1833
f 1761 1833 1762
f 1757 1837 1836
f 1757 1836 1835
f 1756 1829 1837
f 1756 1837 1757
f 1823 1838 1839
f 1823 1839 1821
f 1821 1839 1840
f 1821 1840 1819
f 1819 1840 1841
f 1819 1841 1817
f 1817 1841 1842
f 1817 1842 1812
f 1813 1843 1844
f 1813 1844 1827
f 1812 1842 1843
f 1812 1843 1813
f 1827 1844 1845
f 1827 1845 1825
f 1825 1845 1838
f 1825 1838 1823
f 1838 1846 1839
f 1839 1846 1847
f 1839 1847 1840
f 1840 1847 1848
f 1840 1848 1841
f 1841 1848 1842
f 1771 1709 1715
f 1771 1715 1849
f 1758 1712 1711
f 1758 1711 1850
f 1751 1752 1758
f 1751 1758 1850
f 1755 1749 1771
f 1755 1771 1849
f 1755 1849 1768
f 1755 1768 1754
f 1715 1765 1768
f 1715 1768 1849
f 1751 1850 1778
f 1751 1778 1750
f 1711 1710 1778
f 1711 1778 1850
f 1764 1851 1852
f 1764 1852 1714
f 1754 1803 1853
f 1754 1853 1763
f 1714 1852 1765
f 1714 1765 1715
f 1830 1854 1855
f 1830 1855 1832
f 1832 1855 1856
f 1832 1856 1857
f 1858 1859 1860
f 1858 1860 1861
f 1862 1863 1854
f 1862 1854 1830
f 1861 1860 1864
f 1861 1864 1865
f 1866 1867 1863
f 1866 1863 1862
f 1712 1760 1868
f 1712 1868 1761
f 1757 1869 1752
f 1869 1804 1752
f 1834 1870 1871
f 1834 1871 1836
f 1872 1873 1874
f 1872 1874 1875
f 1875 1874 1876
f 1875 1876 1877
f 1836 1871 1878
f 1836 1878 1879
f 1880 1881 1882
f 1880 1882 1883
f 1883 1882 1873
f 1883 1873 1872
f 1860 1884 1885
f 1860 1885 1864
f 1859 1886 1884
f 1859 1884 1860
f 1855 1887 1888
f 1855 1888 1856
f 1854 1889 1887
f 1854 1887 1855
f 1863 1890 1889
f 1863 1889 1854
f 1867 1891 1890
f 1867 1890 1863
f 1871 1892 1893
f 1871 1893 1878
f 1870 1894 1892
f 1870 1892 1871
f 1874 1895 1896
f 1874 1896 1876
f 1873 1897 1895
f 1873 1895 1874
f 1882 1898 1897
f 1882 1897 1873
f 1881 1899 1898
f 1881 1898 1882
f 1851 1766 1765
f 1851 1765 1852
f 1856 1859 1858
f 1856 1858 1857
f 1888 1886 1859
f 1888 1859 1856
f 1864 1885 1891
f 1864 1891 1867
f 1865 1864 1867
f 1865 1867 1866
f 1877 1876 1870
f 1877 1870 1834
f 1896 1894 1870
f 1896 1870 1876
f 1878 1893 1899
f 1878 1899 1881
f 1879 1878 1881
f 1879 1881 1880
f 1828 1814 1826
f 1828 1826 1829
f 1815 1814 1828
f 1815 1828 1830
f 1832 1816 1815
f 1832 1815 1830
f 1833 1818 1816
f 1833 1816 1832
f 1834 1820 1818
f 1834 1818 1833
f 1836 1822 1820
f 1836 1820 1834
f 1837 1824 1822
f 1837 1822 1836
f 1829 1826 1824
f 1829 1824 1837
f 1853 1866 1862
f 1853 1862 1763
f 1763 1862 1830
f 1763 1830 1831
f 1764 1832 1857
f 1764 1857 1851
f 1858 1766 1851
f 1858 1851 1857
f 1766 1858 1861
f 1766 1861 1767
f 1767 1861 1865
f 1767 1865 1803
f 1803 1865 1866
f 1803 1866 1853
f 1869 1880 1883
f 1869 1883 1804
f 1804 1883 1872
f 1804 1872 1759
f 1759 1872 1875
f 1759 1875 1760
f 1760 1875 1877
f 1760 1877 1868
f 1868 1877 1834
f 1868 1834 1761
f 1761 1834 1836
f 1761 1836 1835
f 1835 1836 1879
f 1835 1879 1757
f 1757 1879 1880
f 1757 1880 1869
f 1900 1901 1902
f 1902 1901 1903
f 1903 1901 1904
f 1904 1901 1905
f 1906 1901 1907
f 1905 1901 1906
f 1907 1901 1908
f 1908 1901 1900
f 1842 1905 1906
f 1842 1906 1843
f 1848 1904 1905
f 1848 1905 1842
f 1847 1903 1904
f 1847 1904 1848
f 1846 1902 1903
f 1846 1903 1847
f 1838 1900 1902
f 1838 1902 1846
f 1845 1908 1900
f 1845 1900 1838
f 1844 1907 1908
f 1844 1908 1845
f 1843 1906 1907
f 1843 1907 1844
f 1889 1909 1910
f 1889 1910 1887
f 1887 1910 1911
f 1887 1911 1888
f 1890 1912 1909
f 1890 1909 1889
f 1891 1913 1912
f 1891 1912 1890
f 1888 1911 1914
f 1888 1914 1886
f 1886 1914 1915
f 1886 1915 1884
f 1884 1915 1916
f 1884 1916 1885
f 1885 1916 1913
f 1885 1913 1891
f 1909 1917 1918
f 1909 1918 1910
f 1910 1918 1919
f 1910 1919 1911
f 1912 1920 1917
f 1912 1917 1909
f 1913 1921 1920
f 1913 1920 1912
f 1911 1919 1922
f 1911 1922 1914
f 1914 1922 1923
f 1914 1923 1915
f 1915 1923 1924
f 1915 1924 1916
f 1916 1924 1921
f 1916 1921 1913
f 1917 1925 1918
f 1918 1925 1919
f 1920 1925 1917
f 1921 1925 1920
f 1919 1925 1922
f 1922 1925 1923
f 1923 1925 1924
f 1924 1925 1921
f 1897 1926 1927
f 1897 1927 1895
f 1895 1927 1928
f 1895 1928 1896
f 1899 1929 1930
f 1899 1930 1898
f 1898 1930 1926
f 1898 1926 1897
f 1894 1931 1932
f 1894 1932 1892
f 1896 1928 1931
f 1896 1931 1894
f 1892 1932 1933
f 1892 1933 1893
f 1893 1933 1929
f 1893 1929 1899
f 1926 1934 1927
f 1927 1934 1935
f 1927 1935 1928
f 1929 1936 1937
f 1929 1937 1930
f 1930 1937 1926
f 1931 1938 1932
f 1928 1935 1938
f 1928 1938 1931
f 1932 1939 1933
f 1933 1939 1936
f 1933 1936 1929
f 1926 1940 1941
f 1926 1941 1934
f 1934 1941 1942
f 1934 1942 1935
f 1936 1943 1944
f 1936 1944 1937
f 1937 1944 1940
f 1937 1940 1926
f 1938 1945 1946
f 1938 1946 1932
f 1935 1942 1945
f 1935 1945 1938
f 1932 1946 1947
f 1932 1947 1939
f 1939 1947 1943
f 1939 1943 1936
f 1940 1948 1941
f 1941 1948 1942
f 1943 1948 1944
f 1944 1948 1940
f 1945 1948 1946
f 1942 1948 1945
f 1946 1948 1947
f 1947 1948 1943
f 1949 1950 1951
f 1949 1951 1952
f 1952 1951 1953
f 1952 1953 1954
f 1955 1956 1957
f 1955 1957 1958
f 1958 1957 1959
f 1958 1959 1960
f 1951 1958 1960
f 1951 1960 1953
f 1950 1955 1958
f 1950 1958 1951
f 1961 1962 1963
f 1961 1963 1964
f 1964 1963 1965
f 1964 1965 1966
f 1967 1968 1969
f 1967 1969 1970
f 1970 1969 1971
f 1970 1971 1972
f 1963 1970 1972
f 1963 1972 1965
f 1962 1967 1970
f 1962 1970 1963
f 1561 1584 635
f 1561 635 608
f 1559 1575 1583
f 1559 1583 1560
f 1557 1563 1574
f 1557 1574 1558
f 1608 1566 1564
f 1608 1564 1556
f 1606 1587 1567
f 1606 1567 1609
f 1610 1612 1590
f 1610 1590 1607
f 667 673 1615
f 667 1615 1611
f 1511 1514 1485
f 1526 1537 1554
f 1526 1554 1691
f 1507 1480 1518
f 1203 1255 1156
f 1203 1156 1196
f 1973 1974 1975
f 1973 1975 1976
f 1974 1977 1978
f 1974 1978 1975
f 1979 1980 1981
f 1979 1981 1982
f 1980 1983 1984
f 1980 1984 1981
f 1975 1978 1983
f 1975 1983 1980
f 1976 1975 1980
f 1976 1980 1979
f 1985 1986 1987
f 1985 1987 1988
f 1986 1989 1990
f 1986 1990 1987
f 1991 1992 1993
f 1991 1993 1994
f 1992 1995 1996
f 1992 1996 1993
f 1987 1990 1995
f 1987 1995 1992
f 1988 1987 1992
f 1988 1992 1991
f 1997 1998 1999
f 1997 1999 2000
f 1998 2001 2002
f 1998 2002 1999
f 2003 2004 2005
f 2003 2005 2006
f 2004 2007 2008
f 2004 2008 2005
f 1999 2002 2007
f 1999 2007 2004
f 2000 1999 2004
f 2000 2004 2003
f 2009 2010 2011
f 2009 2011 2012
f 2010 2013 2014
f 2010 2014 2011
f 2015 2016 2017
f 2015 2017 2018
f 2016 2019 2020
f 2016 2020 2017
f 2011 2014 2019
f 2011 2019 2016
f 2012 2011 2016
f 2012 2016 2015
f 2021 2022 2023
f 2021 2023 2024
f 2022 2025 2026
f 2022 2026 2023
f 2027 2028 2029
f 2027 2029 2030
f 2028 2031 2032
f 2028 2032 2029
f 2023 2026 2031
f 2023 2031 2028
f 2024 2023 2028
f 2024 2028 2027
f 2033 2034 2035
f 2033 2035 2036
f 2034 2037 2038
f 2034 2038 2035
f 2039 2040 2041
f 2039 2041 2042
f 2040 2043 2044
f 2040 2044 2041
f 2035 2038 2043
f 2035 2043 2040
f 2036 2035 2040
f 2036 2040 2039
f 2045 2046 2047
f 2045 2047 2048
f 2046 2049 2050
f 2046 2050 2047
f 2051 2052 2053
f 2051 2053 2054
f 2052 2055 2056
f 2052 2056 2053
f 2047 2050 2055
f 2047 2055 2052
f 2048 2047 2052
f 2048 2052 2051
f 2057 2058 2059
f 2057 2059 2060
f 2058 2061 2062
f 2058 2062 2059
f 2063 2064 2065
f 2063 2065 2066
f 2064 2067 2068
f 2064 2068 2065
f 2059 2062 2067
f 2059 2067 2064
f 2060 2059 2064
f 2060 2064 2063
f 2069 2070 2071
f 2069 2071 2072
f 2070 2073 2074
f 2070 2074 2071
f 2075 2076 2077
f 2075 2077 2078
f 2076 2079 2080
f 2076 2080 2077
f 2071 2074 2079
f 2071 2079 2076
f 2072 2071 2076
f 2072 2076 2075
f 2081 2082 2083
f 2081 2083 2084
f 2082 2085 2086
f 2082 2086 2083
f 2087 2088 2089
f 2087 2089 2090
f 2088 2091 2092
f 2088 2092 2089
f 2083 2086 2091
f 2083 2091 2088
f 2084 2083 2088
f 2084 2088 2087
f 2093 2094 2095
f 2093 2095 2096
f 2094 2097 2098
f 2094 2098 2095
f 2099 2100 2101
f 2099 2101 2102
f 2100 2103 2104
f 2100 2104 2101
f 2095 2098 2103
f 2095 2103 2100
f 2096 2095 2100
f 2096 2100 2099
f 2105 2106 2107
f 2105 2107 2108
f 2106 2109 2110
f 2106 2110 2107
f 2111 2112 2113
f 2111 2113 2114
f 2112 2115 2116
f 2112 2116 2113
f 2107 2110 2115
f 2107 2115 2112
f 2108 2107 2112
f 2108 2112 2111
f 2117 2118 2119
f 2117 2119 2120
f 2118 2121 2122
f 2118 2122 2119
f 2123 2124 2125
f 2123 2125 2126
f 2124 2127 2128
f 2124 2128 2125
f 2119 2122 2127
f 2119 2127 2124
f 2120 2119 2124
f 2120 2124 2123
f 2129 2130 2131
f 2129 2131 2132
f 2130 2133 2134
f 2130 2134 2131
f 2135 2136 2137
f 2135 2137 2138
f 2136 2139 2140
f 2136 2140 2137
f 2131 2134 2139
f 2131 2139 2136
f 2132 2131 2136
f 2132 2136 2135
f 756 560 571
f 599 590 2141
f 599 2141 2143
f 1519 1695 1527
f 1555 599 2143
f 1555 2143 2145
f 2146 2147 2148
f 2146 2148 2149
f 2150 2146 2149
f 2150 2149 2151
f 2143 2141 2147
f 2143 2147 2146
f 2141 581 2148
f 2141 2148 2147
f 581 580 2149
f 581 2149 2148
f 2145 2143 2150
f 2143 2146 2150
f 580 1539 2151
f 580 2151 2149
f 1539 2145 2150
f 1539 2150 2151
f 591 752 749
f 591 749 2142
f 1689 1552 2144
f 1689 2144 1692
f 570 581 2142
f 570 2142 747
f 1529 1692 2145
f 1529 2145 1539

