# https://github.com/mikedh/trimesh
mtllib material.mtl

o canary
usemtl Default OBJ
v 0.47889999 1.36395793 0.43493324
v 0.51446098 1.29235892 0.44215421
v 0.38748300 1.07285002 -0.20767082
v 0.34305000 1.13179604 -0.21350181
v 0.55008000 1.21925990 0.45348620
v 0.41504800 1.00491801 -0.19589583
v 0.19074801 0.92579015 -0.79403582
v 0.23050600 0.88027812 -0.78787383
v 0.21123999 0.86209616 -0.90429387
v 0.18673500 0.89778813 -0.86234984
v 0.24940699 0.82427711 -0.77385787
v 0.22871301 0.82049915 -0.84976486
v 0.34403399 1.45786493 0.44332726
v 0.42280200 1.41786687 0.44393325
v 0.37865600 1.26000095 -0.03129179
v 0.31757700 1.29024900 -0.03866078
v 0.47916001 1.36794989 0.45518022
v 0.41513801 1.21112395 -0.01615680
v 0.27263600 1.19429607 -0.38128180
v 0.32255700 1.15864307 -0.37287681
v 0.31979099 1.13245006 -0.47207882
v 0.28268999 1.16593106 -0.43811179
v 0.35836101 1.11156803 -0.35834481
v 0.34403700 1.10420902 -0.42287781
v 0.50667900 1.29149787 0.43303923
v 0.54377401 1.22809593 0.44094720
v 0.45496300 1.12216700 -0.03967881
v 0.42300001 1.17652500 -0.04581880
v 0.57909900 1.16852097 0.45386719
v 0.47257200 1.06125904 -0.02982382
v 0.34482101 1.09585208 -0.38731780
v 0.38344899 1.04769403 -0.38256482
v 0.37135401 1.02783307 -0.48407081
v 0.34550801 1.07010205 -0.44586181
v 0.40508801 0.99052507 -0.37270184
v 0.38863701 0.99784608 -0.43394084
v 0.22807300 1.38293300 0.12362423
v 0.29992101 1.36863193 0.19176223
v 0.32946801 1.32149803 0.01540622
v 0.26056001 1.33334696 0.00030822
v 0.35378200 1.37458200 0.28198724
v 0.38674000 1.29576098 0.03699222
v 0.33809599 1.30205096 -0.08230278
v 0.28819400 1.31963397 -0.05490878
v 0.37731299 1.29235101 -0.02896178
v 0.39749399 1.34479591 0.20358423
v 0.45819101 1.33112796 0.26681124
v 0.47977000 1.28027199 0.08989722
v 0.42115900 1.29282998 0.07946922
v 0.51550901 1.33301193 0.35118722
v 0.52813500 1.24918900 0.10797021
v 0.52813500 1.24918900 0.10797021
v 0.48680401 1.26715004 -0.00326479
v 0.44412401 1.28016698 0.02416122
v 0.52149200 1.25386094 0.04526521
v 0.52202898 1.31613894 0.24736422
v 0.52202898 1.31613894 0.24736422
v 0.56360298 1.25299390 0.25970021
v 0.56360298 1.25299390 0.25970021
v 0.56360298 1.25299390 0.25970021
v 0.55339003 1.24283800 0.13314921
v 0.51182199 1.28403495 0.12402922
v 0.59832799 1.18664701 0.27362221
v 0.59832799 1.18664701 0.27362221
v 0.58026999 1.19021795 0.14254620
v 0.56694400 1.24602603 0.04533621
v 0.53186297 1.26795100 0.07143321
v 0.57761401 1.20460795 0.08646320
v 0.54232198 1.36980990 0.53183024
v 0.54232198 1.36980990 0.53183024
v 0.54232198 1.36980990 0.53183024
v 0.54232198 1.36980990 0.53183024
v 0.54232198 1.36980990 0.53183024
v 0.59866101 1.28210595 0.55646221
v 0.59866101 1.28210595 0.55646221
v 0.59866101 1.28210595 0.55646221
v 0.59866101 1.28210595 0.55646221
v 0.59866101 1.28210595 0.55646221
v 0.59866101 1.28210595 0.55646221
v 0.59866101 1.28210595 0.55646221
v 0.59866101 1.28210595 0.55646221
v 0.59866101 1.28210595 0.55646221
v 0.59866101 1.28210595 0.55646221
v 0.59866101 1.28210595 0.55646221
v 0.62676299 1.19912996 0.58546718
v 0.62676299 1.19912996 0.58546718
v 0.62676299 1.19912996 0.58546718
v 0.62676299 1.19912996 0.58546718
v 0.62676299 1.19912996 0.58546718
v 0.62676299 1.19912996 0.58546718
v 0.62676299 1.19912996 0.58546718
v 0.62676299 1.19912996 0.58546718
v 0.53490102 1.29080100 0.25742523
v 0.53490102 1.29080100 0.25742523
v 0.57017100 1.22437198 0.27173620
v 0.57017100 1.22437198 0.27173620
v 0.57017100 1.22437198 0.27173620
v 0.55433500 1.19618199 0.12031520
v 0.59982401 1.15511889 0.28674020
v 0.59982401 1.15511889 0.28674020
v 0.56237799 1.13676701 0.13327320
v 0.56250697 1.19354497 0.05914720
v 0.54229498 1.22723995 0.08366421
v 0.56371701 1.15112994 0.10220619
v 0.57459801 1.18990691 0.29447620
v 0.53118300 1.25695295 0.28048522
v 0.60309100 1.11583597 0.31330718
v 0.52578402 1.20194695 0.11592620
v 0.54857200 1.15319095 0.12592620
v 0.54979599 1.14189397 0.06657919
v 0.52939999 1.18410204 0.09424920
v 0.55989099 1.09304092 0.13953819
v 0.54668802 1.10262797 0.10948819
v 0.21147700 2.30856462 1.66601542
v 0.21147700 2.30856462 1.66601542
v 0.29194501 2.25152965 1.65644433
v 0.29194501 2.25152965 1.65644433
v 0.29194501 2.25152965 1.65644433
v 0.33553001 2.23525474 1.54471137
v 0.33553001 2.23525474 1.54471137
v 0.33553001 2.23525474 1.54471137
v 0.33553001 2.23525474 1.54471137
v 0.33553001 2.23525474 1.54471137
v 0.24831100 2.29665874 1.50676838
v 0.24831100 2.29665874 1.50676838
v 0.24831100 2.29665874 1.50676838
v 0.35976401 2.16850781 1.41081036
v 0.35976401 2.16850781 1.41081036
v 0.35976401 2.16850781 1.41081036
v 0.35976401 2.16850781 1.41081036
v 0.26294199 2.23097182 1.38042738
v 0.26294199 2.23097182 1.38042738
v 0.26294199 2.23097182 1.38042738
v 0.40067101 1.96461478 1.23689339
v 0.40067101 1.96461478 1.23689339
v 0.40067101 1.96461478 1.23689339
v 0.40067101 1.96461478 1.23689339
v 0.40067101 1.96461478 1.23689339
v 0.26248401 2.08311776 1.20373129
v 0.26248401 2.08311776 1.20373129
v 0.26248401 2.08311776 1.20373129
v 0.37196100 1.79068881 1.08844930
v 0.37196100 1.79068881 1.08844930
v 0.37196100 1.79068881 1.08844930
v 0.37196100 1.79068881 1.08844930
v 0.25402299 1.85320586 1.03073628
v 0.25402299 1.85320586 1.03073628
v 0.25402299 1.85320586 1.03073628
v 0.36774600 1.69957383 0.99985628
v 0.36774600 1.69957383 0.99985628
v 0.36774600 1.69957383 0.99985628
v 0.36774600 1.69957383 0.99985628
v 0.25483900 1.78450987 0.87007529
v 0.25483900 1.78450987 0.87007529
v 0.25483900 1.78450987 0.87007529
v 0.25483900 1.78450987 0.87007529
v 0.25483900 1.78450987 0.87007529
v 0.15707600 2.27457064 1.80436244
v 0.15707600 2.27457064 1.80436244
v 0.15707600 2.27457064 1.80436244
v 0.22398999 2.23247761 1.76289036
v 0.22398999 2.23247761 1.76289036
v 0.22398999 2.23247761 1.76289036
v 0.10208300 2.18895976 1.88134838
v 0.10208300 2.18895976 1.88134838
v 0.10208300 2.18895976 1.88134838
v 0.10208300 2.18895976 1.88134838
v 0.10208300 2.18895976 1.88134838
v 0.13084801 2.16842668 1.86217941
v 0.13084801 2.16842668 1.86217941
v 0.13084801 2.16842668 1.86217941
v 0.13084801 2.16842668 1.86217941
v 0.13084801 2.16842668 1.86217941
v 0.25867301 2.18896075 1.65305031
v 0.25867301 2.18896075 1.65305031
v 0.25867301 2.18896075 1.65305031
v 0.25867301 2.18896075 1.65305031
v 0.24747799 2.14792677 1.62609232
v 0.24747799 2.14792677 1.62609232
v 0.24747799 2.14792677 1.62609232
v 0.24747799 2.14792677 1.62609232
v 0.24747799 2.14792677 1.62609232
v 0.34338200 2.01348375 1.50913034
v 0.34338200 2.01348375 1.50913034
v 0.34338200 2.01348375 1.50913034
v 0.34338200 2.01348375 1.50913034
v 0.43139699 1.81864275 1.31455536
v 0.43139699 1.81864275 1.31455536
v 0.43139699 1.81864275 1.31455536
v 0.43139699 1.81864275 1.31455536
v 0.35281599 2.11840867 1.48212635
v 0.35281599 2.11840867 1.48212635
v 0.35281599 2.11840867 1.48212635
v 0.35281599 2.11840867 1.48212635
v 0.35281599 2.11840867 1.48212635
v 0.33019301 1.89301679 1.56388637
v 0.33019301 1.89301679 1.56388637
v 0.33019301 1.89301679 1.56388637
v 0.40959299 1.70788681 1.43641930
v 0.40959299 1.70788681 1.43641930
v 0.40959299 1.70788681 1.43641930
v 0.40959299 1.70788681 1.43641930
v 0.24620900 1.77926167 1.65307433
v 0.24620900 1.77926167 1.65307433
v 0.24620900 1.77926167 1.65307433
v 0.29532701 1.61487076 1.58905521
v 0.29532701 1.61487076 1.58905521
v 0.29532701 1.61487076 1.58905521
v 0.29532701 1.61487076 1.58905521
v 0.10102500 1.71570070 1.70978933
v 0.10102500 1.71570070 1.70978933
v 0.10102500 1.71570070 1.70978933
v 0.10102500 1.71570070 1.70978933
v 0.13813600 1.57388874 1.65437022
v 0.13813600 1.57388874 1.65437022
v 0.13813600 1.57388874 1.65437022
v 0.13813600 1.57388874 1.65437022
v 0.18664700 2.00360960 1.77254734
v 0.18664700 2.00360960 1.77254734
v 0.18664700 2.00360960 1.77254734
v 0.18664700 2.00360960 1.77254734
v 0.18664700 2.00360960 1.77254734
v 0.18664700 2.00360960 1.77254734
v 0.15934700 1.90573174 1.78220733
v 0.15934700 1.90573174 1.78220733
v 0.15934700 1.90573174 1.78220733
v 0.15934700 1.90573174 1.78220733
v 0.06161800 1.85789066 1.80557628
v 0.06161800 1.85789066 1.80557628
v 0.06161800 1.85789066 1.80557628
v 0.06161800 1.85789066 1.80557628
v 0.20153700 2.04952282 1.75610338
v 0.20153700 2.04952282 1.75610338
v 0.20153700 2.04952282 1.75610338
v 0.20153700 2.04952282 1.75610338
v 0.46857101 1.67517081 1.22847025
v 0.46857101 1.67517081 1.22847025
v 0.46857101 1.67517081 1.22847025
v 0.46857101 1.67517081 1.22847025
v 0.44403899 1.58446778 1.36955729
v 0.44403899 1.58446778 1.36955729
v 0.44403899 1.58446778 1.36955729
v 0.44403899 1.58446778 1.36955729
v 0.31901100 1.49547873 1.53638829
v 0.31901100 1.49547873 1.53638829
v 0.31901100 1.49547873 1.53638829
v 0.31901100 1.49547873 1.53638829
v 0.16370299 1.45735678 1.60520328
v 0.16370299 1.45735678 1.60520328
v 0.16370299 1.45735678 1.60520328
v 0.16370299 1.45735678 1.60520328
v 0.23692299 2.18944878 1.71017433
v 0.23692299 2.18944878 1.71017433
v 0.23692299 2.18944878 1.71017433
v 0.24747799 2.10005375 1.65057540
v 0.24747799 2.10005375 1.65057540
v 0.24747799 2.10005375 1.65057540
v 0.24747799 2.10005375 1.65057540
v 0.22005400 2.09799762 1.70137131
v 0.22005400 2.09799762 1.70137131
v 0.22005400 2.09799762 1.70137131
v 0.22005400 2.09799762 1.70137131
v 0.20201300 2.14146966 1.73082435
v 0.20201300 2.14146966 1.73082435
v 0.20201300 2.14146966 1.73082435
v 0.20201300 2.14146966 1.73082435
v 0.16927400 2.09025281 1.80883538
v 0.16927400 2.09025281 1.80883538
v 0.16927400 2.09025281 1.80883538
v 0.16927400 2.09025281 1.80883538
v 0.25397801 2.14493961 1.68798435
v 0.25397801 2.14493961 1.68798435
v 0.25397801 2.14493961 1.68798435
v 0.25397801 2.14493961 1.68798435
v 0.25397801 2.14493961 1.68798435
v 0.25397801 2.14493961 1.68798435
v 0.13673601 2.32408475 1.49507335
v 0.13673601 2.32408475 1.49507335
v 0.11677300 2.33190580 1.66923443
v 0.11677300 2.33190580 1.66923443
v 0.13606399 2.25834084 1.36206438
v 0.13606399 2.25834084 1.36206438
v 0.13801800 2.12800077 1.19497430
v 0.13801800 2.12800077 1.19497430
v 0.14204700 1.89973278 0.98350831
v 0.14204700 1.89973278 0.98350831
v 0.14655700 1.85188482 0.81748332
v 0.14655700 1.85188482 0.81748332
v 0.14655700 1.85188482 0.81748332
v 0.14655700 1.85188482 0.81748332
v 0.08864600 2.29426878 1.81889644
v 0.08864600 2.29426878 1.81889644
v 0.05606200 2.20994965 1.89996542
v 0.05606200 2.20994965 1.89996542
v 0.05606200 2.20994965 1.89996542
v 0.05606200 2.20994965 1.89996542
v 0.07979600 2.13922563 1.97888542
v 0.07979600 2.13922563 1.97888542
v 0.07979600 2.13922563 1.97888542
v 0.07979600 2.13922563 1.97888542
v 0.07979600 2.13922563 1.97888542
v 0.10987500 2.11394372 1.96069836
v 0.10987500 2.11394372 1.96069836
v 0.10987500 2.11394372 1.96069836
v 0.10987500 2.11394372 1.96069836
v 0.16878299 2.02945368 1.87040232
v 0.16878299 2.02945368 1.87040232
v 0.16878299 2.02945368 1.87040232
v 0.16878299 2.02945368 1.87040232
v 0.16878299 2.02945368 1.87040232
v 0.16878299 2.02945368 1.87040232
v 0.16878299 2.02945368 1.87040232
v 0.12967500 1.94003264 1.87334630
v 0.12967500 1.94003264 1.87334630
v 0.12967500 1.94003264 1.87334630
v 0.12967500 1.94003264 1.87334630
v 0.05326700 1.89825873 1.89021035
v 0.05326700 1.89825873 1.89021035
v 0.05326700 1.89825873 1.89021035
v 0.05326700 1.89825873 1.89021035
v 0.14255400 2.07323256 1.92537939
v 0.14255400 2.07323256 1.92537939
v 0.14255400 2.07323256 1.92537939
v 0.14255400 2.07323256 1.92537939
v 0.04850000 2.07408155 2.08260333
v 0.04850000 2.07408155 2.08260333
v 0.06862400 2.06045354 2.06799733
v 0.06862400 2.06045354 2.06799733
v 0.11303200 2.02337756 1.98317037
v 0.11303200 2.02337756 1.98317037
v 0.11303200 2.02337756 1.98317037
v 0.07452000 1.97494867 1.99929438
v 0.07452000 1.97494867 1.99929438
v 0.03611100 1.94560172 2.00894126
v 0.03611100 1.94560172 2.00894126
v 0.08866100 2.04338373 2.04819833
v 0.08866100 2.04338373 2.04819833
v 0.04856200 2.15466776 1.98929537
v 0.04856200 2.15466776 1.98929537
v 0.04856200 2.15466776 1.98929537
v 0.04856200 2.15466776 1.98929537
v 0.02587300 2.08352864 2.08737027
v 0.10917100 2.02164854 2.01000629
v 0.10917100 2.02164854 2.01000629
v 0.10917100 2.02164854 2.01000629
v 0.00000000 1.70869572 1.71813123
v 0.00000000 1.70869572 1.71813123
v 0.00000000 1.70869572 1.71813123
v 0.00000000 1.70869572 1.71813123
v 0.00000000 1.56734677 1.66426327
v 0.00000000 1.56734677 1.66426327
v 0.00000000 1.56734677 1.66426327
v 0.00000000 1.56734677 1.66426327
v 0.00000000 1.84639566 1.81130333
v 0.00000000 1.84639566 1.81130333
v 0.00000000 1.84639566 1.81130333
v 0.00000000 1.84639566 1.81130333
v 0.00000000 1.45811471 1.61912323
v 0.00000000 1.45811471 1.61912323
v 0.00000000 1.45811471 1.61912323
v 0.00000000 1.45811471 1.61912323
v 0.00000000 1.88421968 1.89798029
v 0.00000000 1.88421968 1.89798029
v 0.00000000 1.88421968 1.89798029
v 0.00000000 1.88421968 1.89798029
v 0.00000000 1.92929866 2.00705728
v 0.00000000 1.92929866 2.00705728
v 0.00000000 1.88027583 0.79404934
v 0.00000000 1.88027583 0.79404934
v 0.00000000 1.88027583 0.79404934
v 0.00000000 1.88027583 0.79404934
v 0.00000000 1.93188484 0.94441232
v 0.00000000 1.93188484 0.94441232
v 0.00000000 1.93188484 0.94441232
v 0.00000000 1.93188484 0.94441232
v 0.00000000 2.16527990 1.18959034
v 0.00000000 2.16527990 1.18959034
v 0.00000000 2.16527990 1.18959034
v 0.00000000 2.16527990 1.18959034
v 0.00000000 2.27592779 1.34949436
v 0.00000000 2.27592779 1.34949436
v 0.00000000 2.27592779 1.34949436
v 0.00000000 2.27592779 1.34949436
v 0.00000000 2.34577774 1.48541240
v 0.00000000 2.34577774 1.48541240
v 0.00000000 2.34577774 1.48541240
v 0.00000000 2.34577774 1.48541240
v 0.00000000 2.34925862 1.67314843
v 0.00000000 2.34925862 1.67314843
v 0.00000000 2.34925862 1.67314843
v 0.00000000 2.34925862 1.67314843
v 0.00000000 2.30661075 1.82902935
v 0.00000000 2.30661075 1.82902935
v 0.00000000 2.30661075 1.82902935
v 0.00000000 2.30661075 1.82902935
v 0.00000000 2.21968070 1.90938939
v 0.00000000 2.21968070 1.90938939
v 0.00000000 2.21968070 1.90938939
v 0.00000000 2.21968070 1.90938939
v 0.00000000 2.16232362 1.99377633
v 0.00000000 2.16232362 1.99377633
v 0.00000000 2.16232362 1.99377633
v 0.00000000 2.16232362 1.99377633
v 0.00000000 2.09297670 2.08515346
v 0.00000000 2.09297670 2.08515346
v 0.00000000 1.99263858 2.17970524
v 0.00000000 1.99263858 2.17970524
v 0.00000000 1.99263858 2.17970524
v 0.00000000 1.99263858 2.17970524
v 0.00000000 1.99263858 2.17970524
v 0.00000000 1.99263858 2.17970524
v 0.00000000 1.99263858 2.17970524
v 0.00000000 1.99263858 2.17970524
v 0.00000000 1.99263858 2.17970524
v 0.00000000 1.99828768 2.13418136
v 0.00000000 1.99828768 2.13418136
v 0.00000000 1.99828768 2.13418136
v 0.00000000 1.99828768 2.13418136
v 0.00000000 1.99828768 2.13418136
v 0.00000000 1.99828768 2.13418136
v 0.00000000 1.99828768 2.13418136
v 0.00000000 1.99828768 2.13418136
v 0.00000000 2.02969567 1.87331031
v 0.00000000 2.02969567 1.87331031
v 0.00000000 2.02969567 1.87331031
v 0.00000000 2.02969567 1.87331031
v 0.00000000 2.02969567 1.87331031
v 0.00000000 2.00360960 1.77254734
v 0.00000000 2.02342167 1.99957929
v 0.00000000 2.02342167 1.99957929
v 0.00000000 2.02342167 1.99957929
v 0.00000000 2.02342167 1.99957929
v 0.00000000 2.02342167 1.99957929
v 0.00000000 2.02342167 1.99957929
v 0.00000000 2.02342167 1.99957929
v 0.52962399 1.54031782 1.15147426
v 0.52962399 1.54031782 1.15147426
v 0.52962399 1.54031782 1.15147426
v 0.52962399 1.54031782 1.15147426
v 0.48833299 1.46059384 1.31048930
v 0.48833299 1.46059384 1.31048930
v 0.48833299 1.46059384 1.31048930
v 0.48833299 1.46059384 1.31048930
v 0.34610900 1.37181674 1.47510421
v 0.34610900 1.37181674 1.47510421
v 0.34610900 1.37181674 1.47510421
v 0.34610900 1.37181674 1.47510421
v 0.19040801 1.33038471 1.54434525
v 0.19040801 1.33038471 1.54434525
v 0.19040801 1.33038471 1.54434525
v 0.19040801 1.33038471 1.54434525
v 0.00000000 1.31495974 1.56567119
v 0.00000000 1.31495974 1.56567119
v 0.00000000 1.31495974 1.56567119
v 0.00000000 1.31495974 1.56567119
v 0.44483700 1.61636684 0.85580126
v 0.44483700 1.61636684 0.85580126
v 0.44483700 1.61636684 0.85580126
v 0.44483700 1.61636684 0.85580126
v 0.31020999 1.68247187 0.69503628
v 0.31020999 1.68247187 0.69503628
v 0.31020999 1.68247187 0.69503628
v 0.31020999 1.68247187 0.69503628
v 0.27643800 1.80852983 0.85963429
v 0.27643800 1.80852983 0.85963429
v 0.30132401 1.74208487 0.66764432
v 0.30132401 1.74208487 0.66764432
v 0.14407000 1.76353695 0.58718431
v 0.14407000 1.76353695 0.58718431
v 0.14407000 1.76353695 0.58718431
v 0.14407000 1.76353695 0.58718431
v 0.00000000 1.77369490 0.56163931
v 0.00000000 1.77369490 0.56163931
v 0.00000000 1.77369490 0.56163931
v 0.00000000 1.77369490 0.56163931
v 0.57375199 1.47123486 1.05963326
v 0.57375199 1.47123486 1.05963326
v 0.57375199 1.47123486 1.05963326
v 0.57375199 1.47123486 1.05963326
v 0.56454700 1.31119278 1.22982119
v 0.56454700 1.31119278 1.22982119
v 0.56454700 1.31119278 1.22982119
v 0.56454700 1.31119278 1.22982119
v 0.38994700 1.20833779 1.38100716
v 0.38994700 1.20833779 1.38100716
v 0.38994700 1.20833779 1.38100716
v 0.38994700 1.20833779 1.38100716
v 0.20746100 1.15490376 1.44906218
v 0.20746100 1.15490376 1.44906218
v 0.20746100 1.15490376 1.44906218
v 0.20746100 1.15490376 1.44906218
v 0.00000000 1.13687777 1.47179623
v 0.00000000 1.13687777 1.47179623
v 0.00000000 1.13687777 1.47179623
v 0.00000000 1.13687777 1.47179623
v 0.45400000 1.55432891 0.77984925
v 0.45400000 1.55432891 0.77984925
v 0.45400000 1.55432891 0.77984925
v 0.45400000 1.55432891 0.77984925
v 0.30563399 1.63245894 0.59055827
v 0.30563399 1.63245894 0.59055827
v 0.30563399 1.63245894 0.59055827
v 0.29063001 1.59339087 0.43202427
v 0.29063001 1.59339087 0.43202427
v 0.13997100 1.63012189 0.35741527
v 0.13997100 1.63012189 0.35741527
v 0.13997100 1.63012189 0.35741527
v 0.13997100 1.63012189 0.35741527
v 0.00000000 1.64108795 0.32634828
v 0.00000000 1.64108795 0.32634828
v 0.00000000 1.64108795 0.32634828
v 0.00000000 1.64108795 0.32634828
v 0.60962099 1.35496183 0.96979021
v 0.60962099 1.35496183 0.96979021
v 0.60962099 1.35496183 0.96979021
v 0.60962099 1.35496183 0.96979021
v 0.59059203 1.18998783 1.13545724
v 0.59059203 1.18998783 1.13545724
v 0.59059203 1.18998783 1.13545724
v 0.59059203 1.18998783 1.13545724
v 0.42010599 1.06221583 1.27770919
v 0.42010599 1.06221583 1.27770919
v 0.42010599 1.06221583 1.27770919
v 0.42010599 1.06221583 1.27770919
v 0.21753900 1.00829674 1.33631711
v 0.21753900 1.00829674 1.33631711
v 0.21753900 1.00829674 1.33631711
v 0.21753900 1.00829674 1.33631711
v 0.00000000 0.98410178 1.36132412
v 0.00000000 0.98410178 1.36132412
v 0.00000000 0.98410178 1.36132412
v 0.00000000 0.98410178 1.36132412
v 0.46210599 1.37959185 0.54134023
v 0.46210599 1.37959185 0.54134023
v 0.46210599 1.37959185 0.54134023
v 0.46210599 1.37959185 0.54134023
v 0.33658099 1.50508289 0.43117525
v 0.33658099 1.50508289 0.43117525
v 0.33658099 1.50508289 0.43117525
v 0.33658099 1.50508289 0.43117525
v 0.13957199 1.45929001 0.10824224
v 0.13957199 1.45929001 0.10824224
v 0.13957199 1.45929001 0.10824224
v 0.13957199 1.45929001 0.10824224
v 0.13957199 1.45929001 0.10824224
v 0.24259999 1.44878301 0.16345524
v 0.24259999 1.44878301 0.16345524
v 0.00000000 1.46538304 0.07784525
v 0.00000000 1.46538304 0.07784525
v 0.00000000 1.46538304 0.07784525
v 0.00000000 1.46538304 0.07784525
v 0.62994999 1.14596092 0.76641817
v 0.62994999 1.14596092 0.76641817
v 0.62994999 1.14596092 0.76641817
v 0.62994999 1.14596092 0.76641817
v 0.60435498 1.02098688 0.93469714
v 0.60435498 1.02098688 0.93469714
v 0.60435498 1.02098688 0.93469714
v 0.60435498 1.02098688 0.93469714
v 0.43425500 0.90337181 1.09051314
v 0.43425500 0.90337181 1.09051314
v 0.43425500 0.90337181 1.09051314
v 0.43425500 0.90337181 1.09051314
v 0.22050799 0.84648983 1.14049413
v 0.22050799 0.84648983 1.14049413
v 0.22050799 0.84648983 1.14049413
v 0.22050799 0.84648983 1.14049413
v 0.00000000 0.82187681 1.16034212
v 0.00000000 0.82187681 1.16034212
v 0.00000000 0.82187681 1.16034212
v 0.00000000 0.82187681 1.16034212
v 0.49092299 1.19981200 0.32697620
v 0.49092299 1.19981200 0.32697620
v 0.49092299 1.19981200 0.32697620
v 0.49092299 1.19981200 0.32697620
v 0.23193499 1.37909900 0.08703123
v 0.23193499 1.37909900 0.08703123
v 0.23193499 1.37909900 0.08703123
v 0.23193499 1.37909900 0.08703123
v 0.23193499 1.37909900 0.08703123
v 0.60026598 1.00559189 0.57574915
v 0.60026598 1.00559189 0.57574915
v 0.60026598 1.00559189 0.57574915
v 0.60026598 1.00559189 0.57574915
v 0.56706297 0.89538186 0.73161414
v 0.56706297 0.89538186 0.73161414
v 0.56706297 0.89538186 0.73161414
v 0.56706297 0.89538186 0.73161414
v 0.39719099 0.77712384 0.87229414
v 0.39719099 0.77712384 0.87229414
v 0.39719099 0.77712384 0.87229414
v 0.39719099 0.77712384 0.87229414
v 0.20755400 0.71568188 0.91735011
v 0.20755400 0.71568188 0.91735011
v 0.20755400 0.71568188 0.91735011
v 0.20755400 0.71568188 0.91735011
v 0.00000000 0.69527086 0.93033713
v 0.00000000 0.69527086 0.93033713
v 0.00000000 0.69527086 0.93033713
v 0.00000000 0.69527086 0.93033713
v 0.47053501 1.11350294 0.21678419
v 0.47053501 1.11350294 0.21678419
v 0.47053501 1.11350294 0.21678419
v 0.47053501 1.11350294 0.21678419
v 0.24534000 1.29732704 -0.00411178
v 0.24534000 1.29732704 -0.00411178
v 0.24534000 1.29732704 -0.00411178
v 0.24534000 1.29732704 -0.00411178
v 0.13681599 1.31177200 -0.07520378
v 0.13681599 1.31177200 -0.07520378
v 0.13681599 1.31177200 -0.07520378
v 0.13681599 1.31177200 -0.07520378
v 0.00000000 1.32869901 -0.11336677
v 0.00000000 1.32869901 -0.11336677
v 0.00000000 1.32869901 -0.11336677
v 0.00000000 1.32869901 -0.11336677
v 0.57947499 0.92714892 0.43736417
v 0.57947499 0.92714892 0.43736417
v 0.57947499 0.92714892 0.43736417
v 0.57947499 0.92714892 0.43736417
v 0.53616500 0.80125388 0.57472612
v 0.53616500 0.80125388 0.57472612
v 0.53616500 0.80125388 0.57472612
v 0.53616500 0.80125388 0.57472612
v 0.37565100 0.67647791 0.69161713
v 0.37565100 0.67647791 0.69161713
v 0.37565100 0.67647791 0.69161713
v 0.37565100 0.67647791 0.69161713
v 0.19022900 0.62546485 0.74710213
v 0.19022900 0.62546485 0.74710213
v 0.19022900 0.62546485 0.74710213
v 0.19022900 0.62546485 0.74710213
v 0.00000000 0.61028188 0.75681911
v 0.00000000 0.61028188 0.75681911
v 0.00000000 0.61028188 0.75681911
v 0.00000000 0.61028188 0.75681911
v 0.41740400 0.92997099 -0.06488784
v 0.41740400 0.92997099 -0.06488784
v 0.41740400 0.92997099 -0.06488784
v 0.41740400 0.92997099 -0.06488784
v 0.28505400 1.08019307 -0.18981781
v 0.28505400 1.08019307 -0.18981781
v 0.28505400 1.08019307 -0.18981781
v 0.28505400 1.08019307 -0.18981781
v 0.13722800 1.15611009 -0.22802581
v 0.13722800 1.15611009 -0.22802581
v 0.13722800 1.15611009 -0.22802581
v 0.13722800 1.15611009 -0.22802581
v 0.00000000 1.19421808 -0.25041480
v 0.00000000 1.19421808 -0.25041480
v 0.00000000 1.19421808 -0.25041480
v 0.00000000 1.19421808 -0.25041480
v 0.51396102 0.77088598 0.14075613
v 0.51396102 0.77088598 0.14075613
v 0.51396102 0.77088598 0.14075613
v 0.51396102 0.77088598 0.14075613
v 0.51396102 0.77088598 0.14075613
v 0.49230701 0.70160496 0.38861111
v 0.49230701 0.70160496 0.38861111
v 0.49230701 0.70160496 0.38861111
v 0.24582100 0.46013692 0.53664406
v 0.24582100 0.46013692 0.53664406
v 0.24582100 0.46013692 0.53664406
v 0.39314699 0.49499292 0.50615307
v 0.39314699 0.49499292 0.50615307
v 0.39314699 0.49499292 0.50615307
v 0.39314699 0.49499292 0.50615307
v 0.00000000 0.43522090 0.50761707
v 0.00000000 0.43522090 0.50761707
v 0.00000000 0.43522090 0.50761707
v 0.00000000 0.43522090 0.50761707
v 0.14449000 0.43905190 0.49843807
v 0.14449000 0.43905190 0.49843807
v 0.14449000 0.43905190 0.49843807
v 0.14449000 0.43905190 0.49843807
v 0.14449000 0.43905190 0.49843807
v 0.43710601 0.53687393 0.39623010
v 0.43710601 0.53687393 0.39623010
v 0.43710601 0.53687393 0.39623010
v 0.43710601 0.53687393 0.39623010
v 0.00000000 0.37853494 0.39208505
v 0.00000000 0.37853494 0.39208505
v 0.00000000 0.37853494 0.39208505
v 0.00000000 0.37853494 0.39208505
v 0.06243400 0.38645693 0.39476207
v 0.06243400 0.38645693 0.39476207
v 0.06243400 0.38645693 0.39476207
v 0.06243400 0.38645693 0.39476207
v 0.06243400 0.38645693 0.39476207
v 0.39586699 0.47211596 0.22200108
v 0.39586699 0.47211596 0.22200108
v 0.39586699 0.47211596 0.22200108
v 0.39586699 0.47211596 0.22200108
v 0.39586699 0.47211596 0.22200108
v 0.00000000 0.29973298 0.21240505
v 0.00000000 0.29973298 0.21240505
v 0.00000000 0.29973298 0.21240505
v 0.00000000 0.29973298 0.21240505
v 0.16866000 0.34657695 0.21630806
v 0.16866000 0.34657695 0.21630806
v 0.16866000 0.34657695 0.21630806
v 0.16866000 0.34657695 0.21630806
v 0.16866000 0.34657695 0.21630806
v 0.16866000 0.34657695 0.21630806
v 0.16866000 0.34657695 0.21630806
v 0.33923301 0.45003799 -0.01395892
v 0.33923301 0.45003799 -0.01395892
v 0.33923301 0.45003799 -0.01395892
v 0.33923301 0.45003799 -0.01395892
v 0.42648500 0.67536903 -0.04938489
v 0.42648500 0.67536903 -0.04938489
v 0.42648500 0.67536903 -0.04938489
v 0.42648500 0.67536903 -0.04938489
v 0.00000000 0.28729600 0.00759305
v 0.00000000 0.28729600 0.00759305
v 0.00000000 0.28729600 0.00759305
v 0.00000000 0.28729600 0.00759305
v 0.11763600 0.30439299 0.00086105
v 0.11763600 0.30439299 0.00086105
v 0.11763600 0.30439299 0.00086105
v 0.11763600 0.30439299 0.00086105
v 0.28475201 0.44478608 -0.37627892
v 0.28475201 0.44478608 -0.37627892
v 0.28475201 0.44478608 -0.37627892
v 0.28475201 0.44478608 -0.37627892
v 0.31227800 0.54613704 -0.40907889
v 0.31227800 0.54613704 -0.40907889
v 0.31227800 0.54613704 -0.40907889
v 0.31227800 0.54613704 -0.40907889
v 0.27906099 0.40116399 0.01457207
v 0.27906099 0.40116399 0.01457207
v 0.27906099 0.40116399 0.01457207
v 0.27906099 0.40116399 0.01457207
v 0.27906099 0.40116399 0.01457207
v 0.15584700 0.38451907 -0.33822193
v 0.15584700 0.38451907 -0.33822193
v 0.15584700 0.38451907 -0.33822193
v 0.15584700 0.38451907 -0.33822193
v 0.00000000 0.37643200 0.02130406
v 0.00000000 0.37643200 0.02130406
v 0.00000000 0.37643200 0.02130406
v 0.00000000 0.37643200 0.02130406
v 0.00000000 0.36944705 -0.31650194
v 0.00000000 0.36944705 -0.31650194
v 0.00000000 0.36944705 -0.31650194
v 0.00000000 0.36944705 -0.31650194
v 0.27673799 0.31748214 -0.84344096
v 0.27673799 0.31748214 -0.84344096
v 0.29321200 0.38576015 -0.85333496
v 0.29321200 0.38576015 -0.85333496
v 0.15200700 0.26816314 -0.82967396
v 0.15200700 0.26816314 -0.82967396
v 0.00000000 0.26328715 -0.83139594
v 0.00000000 0.26328715 -0.83139594
v 0.28086200 0.16805024 -1.39117500
v 0.28086200 0.16805024 -1.39117500
v 0.28086200 0.16805024 -1.39117500
v 0.26742500 0.13217423 -1.37477694
v 0.26742500 0.13217423 -1.37477694
v 0.26742500 0.13217423 -1.37477694
v 0.26742500 0.13217423 -1.37477694
v 0.24117699 -0.08707268 -1.89278306
v 0.24117699 -0.08707268 -1.89278306
v 0.24117699 -0.08707268 -1.89278306
v 0.24117699 -0.08707268 -1.89278306
v 0.25856200 0.20016223 -1.41099891
v 0.25856200 0.20016223 -1.41099891
v 0.25856200 0.20016223 -1.41099891
v 0.25856200 0.20016223 -1.41099891
v 0.14754599 0.11364423 -1.35894702
v 0.14754599 0.11364423 -1.35894702
v 0.14754599 0.11364423 -1.35894702
v 0.14754599 0.11364423 -1.35894702
v 0.14497000 -0.10086565 -2.08111693
v 0.14497000 -0.10086565 -2.08111693
v 0.14497000 -0.10086565 -2.08111693
v 0.14497000 -0.10086565 -2.08111693
v 0.14497000 -0.10086565 -2.08111693
v 0.14497000 -0.10086565 -2.08111693
v 0.00000000 0.12061623 -1.38790796
v 0.00000000 0.12061623 -1.38790796
v 0.00000000 0.12061623 -1.38790796
v 0.00000000 0.12061623 -1.38790796
v 0.00000000 -0.09064264 -2.14950301
v 0.00000000 -0.09064264 -2.14950301
v 0.00000000 -0.09064264 -2.14950301
v 0.00000000 -0.09064264 -2.14950301
v 0.23534000 -0.07342668 -1.89134599
v 0.23534000 -0.07342668 -1.89134599
v 0.23534000 -0.07342668 -1.89134599
v 0.21081600 0.24855425 -1.44490393
v 0.21081600 0.24855425 -1.44490393
v 0.21081600 0.24855425 -1.44490393
v 0.21081600 0.24855425 -1.44490393
v 0.00000000 -0.08114764 -2.15613104
v 0.00000000 -0.08114764 -2.15613104
v 0.00000000 -0.08114764 -2.15613104
v 0.00000000 -0.08114764 -2.15613104
v 0.24943000 0.83235605 -0.43920586
v 0.24943000 0.83235605 -0.43920586
v 0.24943000 0.83235605 -0.43920586
v 0.24943000 0.83235605 -0.43920586
v 0.13186300 0.92483708 -0.52738687
v 0.13186300 0.92483708 -0.52738687
v 0.13186300 0.92483708 -0.52738687
v 0.13186300 0.92483708 -0.52738687
v 0.00000000 0.92736307 -0.53783085
v 0.00000000 0.92736307 -0.53783085
v 0.00000000 0.92736307 -0.53783085
v 0.00000000 0.92736307 -0.53783085
v 0.29163301 0.69654305 -0.43346587
v 0.29163301 0.69654305 -0.43346587
v 0.29163301 0.69654305 -0.43346587
v 0.29163301 0.69654305 -0.43346587
v 0.27134600 0.47841415 -0.87614689
v 0.27134600 0.47841415 -0.87614689
v 0.23156901 0.56232015 -0.90438893
v 0.23156901 0.56232015 -0.90438893
v 0.13107599 0.62794415 -0.96261890
v 0.13107599 0.62794415 -0.96261890
v 0.00000000 0.63882117 -0.97577788
v 0.00000000 0.63882117 -0.97577788
v 0.13016300 0.28297324 -1.46833391
v 0.13016300 0.28297324 -1.46833391
v 0.13016300 0.28297324 -1.46833391
v 0.13016300 0.28297324 -1.46833391
v 0.00000000 0.30355225 -1.48464591
v 0.00000000 0.30355225 -1.48464591
v 0.00000000 0.30355225 -1.48464591
v 0.00000000 0.30355225 -1.48464591
v 0.45208001 1.55357788 0.84563627
v 0.45208001 1.55357788 0.84563627
v 0.45208001 1.55357788 0.84563627
v 0.45208001 1.55357788 0.84563627
v 0.45208001 1.55357788 0.84563627
v 0.38390100 1.70696086 1.04999833
v 0.38390100 1.70696086 1.04999833
v 0.38390100 1.70696086 1.04999833
v 0.38390100 1.70696086 1.04999833
v 0.55075997 1.62549481 0.84980229
v 0.55075997 1.62549481 0.84980229
v 0.40420899 1.73314983 1.03625935
v 0.40420899 1.73314983 1.03625935
v 0.40420899 1.73314983 1.03625935
v 0.40420899 1.73314983 1.03625935
v 0.53743500 1.59991376 1.17619231
v 0.53743500 1.59991376 1.17619231
v 0.51973599 1.57359878 1.18987229
v 0.51973599 1.57359878 1.18987229
v 0.53557903 1.33234996 0.32040922
v 0.53557903 1.33234996 0.32040922
v 0.53557903 1.33234996 0.32040922
v 0.49763599 1.42056088 0.44064024
v 0.49763599 1.42056088 0.44064024
v 0.49763599 1.42056088 0.44064024
v 0.67570102 1.39564078 1.14484524
v 0.67570102 1.39564078 1.14484524
v 0.67570102 1.39564078 1.14484524
v 0.67570102 1.39564078 1.14484524
v 0.62527102 1.44540687 0.94604922
v 0.62527102 1.44540687 0.94604922
v 0.62527102 1.44540687 0.94604922
v 0.65439802 1.36769586 1.13467025
v 0.65439802 1.36769586 1.13467025
v 0.65439802 1.36769586 1.13467025
v 0.65439802 1.36769586 1.13467025
v 0.62635499 1.41892786 0.97699124
v 0.62635499 1.41892786 0.97699124
v 0.62141699 1.44707082 0.81847627
v 0.62141699 1.44707082 0.81847627
v 0.62141699 1.44707082 0.81847627
v 0.62141699 1.44707082 0.81847627
v 0.59606898 1.36992194 0.62165623
v 0.59606898 1.36992194 0.62165623
v 0.70911902 1.13576087 0.88730420
v 0.70911902 1.13576087 0.88730420
v 0.70911902 1.13576087 0.88730420
v 0.70911902 1.13576087 0.88730420
v 0.62559497 1.31953287 0.69314919
v 0.62559497 1.31953287 0.69314919
v 0.62559497 1.31953287 0.69314919
v 0.62559497 1.31953287 0.69314919
v 0.62559497 1.31953287 0.69314919
v 0.62559497 1.31953287 0.69314919
v 0.57212001 1.38442685 0.63028722
v 0.57212001 1.38442685 0.63028722
v 0.57212001 1.38442685 0.63028722
v 0.66170102 1.04263689 0.61447316
v 0.66170102 1.04263689 0.61447316
v 0.66170102 1.04263689 0.61447316
v 0.22306301 0.72552712 -0.80302488
v 0.21482401 0.78608115 -0.80968885
v 0.21482401 0.78608115 -0.80968885
v 0.17364600 0.84513315 -0.82221887
v 0.20834900 0.72453818 -0.87254190
v 0.19494499 0.76164714 -0.93309986
v 0.19494499 0.76164714 -0.93309986
v 0.16605499 0.82122317 -0.88254784
v 0.58310801 1.13742096 0.30699919
v 0.54208100 1.21026690 0.29052621
v 0.61206597 1.06269390 0.32935619
v 0.51765800 1.16283295 0.13988419
v 0.55060101 1.10434303 0.14837018
v 0.54203498 1.09074997 0.08229118
v 0.52066302 1.13822101 0.11379919
v 0.56852502 1.04185900 0.16476817
v 0.55271399 1.05143998 0.13150918
v 0.06373600 2.18596664 1.93403042
v 0.06373600 2.18596664 1.93403042
v 0.06373600 2.18596664 1.93403042
v 0.06373600 2.18596664 1.93403042
v 0.08326100 2.17509166 1.93358434
v 0.08326100 2.17509166 1.93358434
v 0.08326100 2.17509166 1.93358434
v 0.08326100 2.17509166 1.93358434
v 0.06547100 2.16966572 1.95945443
v 0.06547100 2.16966572 1.95945443
v 0.06547100 2.16966572 1.95945443
v 0.06547100 2.16966572 1.95945443
v 0.07692900 2.16413775 1.95674742
v 0.07692900 2.16413775 1.95674742
v 0.07692900 2.16413775 1.95674742
v 0.07692900 2.16413775 1.95674742
v 0.07050600 2.16847077 1.94155241
v 0.07050600 2.16847077 1.94155241
v 0.07050600 2.16847077 1.94155241
v 0.07050600 2.16847077 1.94155241
v 0.32578099 1.36877200 0.16982122
v 0.39603901 1.35558995 0.23362123
v 0.41918001 1.31502699 0.05489122
v 0.35489699 1.32480501 0.04401522
v 0.45292899 1.35728795 0.31904622
v 0.47249699 1.29002999 0.07199522
v 0.42045301 1.30348099 -0.04153978
v 0.37630999 1.31651497 -0.01177078
v 0.45949900 1.29466903 0.00964322
v 0.48307100 1.35394388 0.38834523
v 0.52232802 1.28759687 0.39489422
v 0.42909801 1.18503500 -0.08574880
v 0.39447200 1.23938002 -0.09193979
v 0.55150300 1.22145288 0.40471321
v 0.45001900 1.12411500 -0.07594481
v 0.32005900 1.15988405 -0.43404279
v 0.35869899 1.11174209 -0.42922180
v 0.34726000 1.09101114 -0.53144979
v 0.32114300 1.13686904 -0.49149980
v 0.38032600 1.05455608 -0.41942781
v 0.36427200 1.05667504 -0.48329982
v 0.35751000 0.33913898 0.21670106
v 0.35751000 0.33913898 0.21670106
v 0.35751000 0.33913898 0.21670106
v 0.35751000 0.33913898 0.21670106
v 0.26140001 0.32845298 0.15721006
v 0.26140001 0.32845298 0.15721006
v 0.26140001 0.32845298 0.15721006
v 0.26140001 0.32845298 0.15721006
v 0.26140001 0.32845298 0.15721006
v 0.32441500 0.41176096 0.15303108
v 0.32441500 0.41176096 0.15303108
v 0.32441500 0.41176096 0.15303108
v 0.13034900 0.33013994 0.32516706
v 0.13034900 0.33013994 0.32516706
v 0.13034900 0.33013994 0.32516706
v 0.13034900 0.33013994 0.32516706
v 0.14762799 0.38219597 0.22064907
v 0.14762799 0.38219597 0.22064907
v 0.16866000 0.30398392 0.40716305
v 0.16866000 0.30398392 0.40716305
v 0.16866000 0.30398392 0.40716305
v 0.16866000 0.30398392 0.40716305
v 0.26115099 0.28383093 0.44218706
v 0.26115099 0.28383093 0.44218706
v 0.26115099 0.28383093 0.44218706
v 0.26115099 0.28383093 0.44218706
v 0.35440499 0.30398392 0.40716305
v 0.35440499 0.30398392 0.40716305
v 0.35440499 0.30398392 0.40716305
v 0.35440499 0.30398392 0.40716305
v 0.39582101 0.32975495 0.32518705
v 0.39582101 0.32975495 0.32518705
v 0.39582101 0.32975495 0.32518705
v 0.39582101 0.32975495 0.32518705
v 0.29993501 -0.28252410 0.63560797
v 0.29993501 -0.28252410 0.63560797
v 0.36780399 -0.28227310 0.63860197
v 0.36780399 -0.28227310 0.63860197
v 0.36780399 -0.28227310 0.63860197
v 0.36780399 -0.28227310 0.63860197
v 0.29993501 -0.28166612 0.67199494
v 0.24392200 -0.28227212 0.64626594
v 0.24392200 -0.28227212 0.64626594
v 0.24392200 -0.28227212 0.64626594
v 0.24392200 -0.28227212 0.64626594
v 0.23575699 -0.28166612 0.67199494
v 0.23575699 -0.28166612 0.67199494
v 0.22435500 -0.28105911 0.69772495
v 0.22435500 -0.28105911 0.69772495
v 0.22435500 -0.28105911 0.69772495
v 0.22435500 -0.28105911 0.69772495
v 0.29993501 -0.28080812 0.70838298
v 0.29993501 -0.28080812 0.70838298
v 0.32567200 -0.28105911 0.69772495
v 0.32567200 -0.28105911 0.69772495
v 0.38443500 -0.28166612 0.67199494
v 0.38443500 -0.28166612 0.67199494
v 0.38443500 -0.28166612 0.67199494
v 0.35733199 0.22809296 0.22709004
v 0.35733199 0.22809296 0.22709004
v 0.35733199 0.22809296 0.22709004
v 0.35733199 0.22809296 0.22709004
v 0.26924300 0.22604297 0.19066004
v 0.26924300 0.22604297 0.19066004
v 0.26924300 0.22604297 0.19066004
v 0.26924300 0.22604297 0.19066004
v 0.18115500 0.22809296 0.22709004
v 0.18115500 0.22809296 0.22709004
v 0.18115500 0.22809296 0.22709004
v 0.18115500 0.22809296 0.22709004
v 0.14466800 0.23304295 0.31503905
v 0.14466800 0.23304295 0.31503905
v 0.14466800 0.23304295 0.31503905
v 0.14466800 0.23304295 0.31503905
v 0.18115500 0.23799393 0.40298803
v 0.18115500 0.23799393 0.40298803
v 0.18115500 0.23799393 0.40298803
v 0.18115500 0.23799393 0.40298803
v 0.26924300 0.24004193 0.43941803
v 0.26924300 0.24004193 0.43941803
v 0.26924300 0.24004193 0.43941803
v 0.26924300 0.24004193 0.43941803
v 0.35733199 0.23799393 0.40298803
v 0.35733199 0.23799393 0.40298803
v 0.35733199 0.23799393 0.40298803
v 0.35733199 0.23799393 0.40298803
v 0.39381900 0.23304295 0.31503905
v 0.39381900 0.23304295 0.31503905
v 0.39381900 0.23304295 0.31503905
v 0.39381900 0.23304295 0.31503905
v 0.34658799 0.12398896 0.26641201
v 0.34658799 0.12398896 0.26641201
v 0.26924300 0.11210596 0.23666102
v 0.26924300 0.11210596 0.23666102
v 0.19189800 0.12398896 0.26641201
v 0.19189800 0.12398896 0.26641201
v 0.15986100 0.15268594 0.33823603
v 0.15986100 0.15268594 0.33823603
v 0.19189800 0.18137993 0.41006103
v 0.19189800 0.18137993 0.41006103
v 0.26924300 0.19326893 0.43981204
v 0.26924300 0.19326893 0.43981204
v 0.34658799 0.18137993 0.41006103
v 0.34658799 0.18137993 0.41006103
v 0.37862599 0.15268594 0.33823603
v 0.37862599 0.15268594 0.33823603
v 0.34207001 0.05467095 0.30063100
v 0.34207001 0.05467095 0.30063100
v 0.26924300 0.03736095 0.27592600
v 0.26924300 0.03736095 0.27592600
v 0.19641601 0.05467095 0.30063100
v 0.19641601 0.05467095 0.30063100
v 0.16625001 0.09645894 0.36027502
v 0.16625001 0.09645894 0.36027502
v 0.19641601 0.13824892 0.41991904
v 0.19641601 0.13824892 0.41991904
v 0.26924300 0.15555793 0.44462403
v 0.26924300 0.15555793 0.44462403
v 0.34207001 0.13824892 0.41991904
v 0.34207001 0.13824892 0.41991904
v 0.37223601 0.09645894 0.36027502
v 0.37223601 0.09645894 0.36027502
v 0.32987899 -0.01391806 0.36469099
v 0.32987899 -0.01391806 0.36469099
v 0.26924300 -0.03265906 0.34796899
v 0.26924300 -0.03265906 0.34796899
v 0.20860800 -0.01391806 0.36469099
v 0.20860800 -0.01391806 0.36469099
v 0.18349101 0.03132293 0.40506301
v 0.18349101 0.03132293 0.40506301
v 0.20860800 0.07656392 0.44543402
v 0.20860800 0.07656392 0.44543402
v 0.26924300 0.09530493 0.46215703
v 0.26924300 0.09530493 0.46215703
v 0.32987899 0.07656392 0.44543402
v 0.32987899 0.07656392 0.44543402
v 0.35499501 0.03132293 0.40506301
v 0.35499501 0.03132293 0.40506301
v 0.35389000 -0.21538010 0.60049894
v 0.35389000 -0.21538010 0.60049894
v 0.35389000 -0.21538010 0.60049894
v 0.35389000 -0.21538010 0.60049894
v 0.35389000 -0.21538010 0.60049894
v 0.29993501 -0.20824409 0.58206799
v 0.29993501 -0.20824409 0.58206799
v 0.29993501 -0.20824409 0.58206799
v 0.29993501 -0.20824409 0.58206799
v 0.24598099 -0.21538010 0.60049894
v 0.24598099 -0.21538010 0.60049894
v 0.24598099 -0.21538010 0.60049894
v 0.24598099 -0.21538010 0.60049894
v 0.24598099 -0.21538010 0.60049894
v 0.22363199 -0.20426311 0.65597298
v 0.22363199 -0.20426311 0.65597298
v 0.22363199 -0.20426311 0.65597298
v 0.24598099 -0.19801112 0.70956394
v 0.24598099 -0.19801112 0.70956394
v 0.24598099 -0.19801112 0.70956394
v 0.24598099 -0.19801112 0.70956394
v 0.24598099 -0.19801112 0.70956394
v 0.24598099 -0.19801112 0.70956394
v 0.29993501 -0.19542413 0.73176196
v 0.29993501 -0.19542413 0.73176196
v 0.29993501 -0.19542413 0.73176196
v 0.29993501 -0.19542413 0.73176196
v 0.35389000 -0.19801112 0.70956394
v 0.35389000 -0.19801112 0.70956394
v 0.35389000 -0.19801112 0.70956394
v 0.35389000 -0.19801112 0.70956394
v 0.35389000 -0.19801112 0.70956394
v 0.35389000 -0.19801112 0.70956394
v 0.37623799 -0.20426311 0.65597298
v 0.37623799 -0.20426311 0.65597298
v 0.37623799 -0.20426311 0.65597298
v 0.37623799 -0.20426311 0.65597298
v 0.27794099 -0.21567313 0.77102199
v 0.27794099 -0.21567313 0.77102199
v 0.27794099 -0.21567313 0.77102199
v 0.27794099 -0.21567313 0.77102199
v 0.27794099 -0.21567313 0.77102199
v 0.29993501 -0.20429213 0.76627197
v 0.29993501 -0.20429213 0.76627197
v 0.22196101 -0.23563212 0.70208295
v 0.22196101 -0.23563212 0.70208295
v 0.20072500 -0.28110213 0.76608993
v 0.20072500 -0.28110213 0.76608993
v 0.20072500 -0.28110213 0.76608993
v 0.20072500 -0.25100414 0.76008095
v 0.20072500 -0.25100414 0.76008095
v 0.20072500 -0.25100414 0.76008095
v 0.29993501 -0.28085114 0.77305998
v 0.27033600 -0.28110213 0.77851195
v 0.27033600 -0.28110213 0.77851195
v 0.32314801 -0.21567313 0.77102199
v 0.32314801 -0.21567313 0.77102199
v 0.32314801 -0.21567313 0.77102199
v 0.32314801 -0.21567313 0.77102199
v 0.32314801 -0.21567313 0.77102199
v 0.33075300 -0.28110213 0.77851195
v 0.33075300 -0.28110213 0.77851195
v 0.39387900 -0.28105911 0.69772495
v 0.39387900 -0.28105911 0.69772495
v 0.39387900 -0.28105911 0.69772495
v 0.39387900 -0.28105911 0.69772495
v 0.38730401 -0.23563212 0.68853696
v 0.38730401 -0.23563212 0.68853696
v 0.40483800 -0.25100414 0.76008095
v 0.40483800 -0.25100414 0.76008095
v 0.40483800 -0.25100414 0.76008095
v 0.40483800 -0.28110213 0.76608993
v 0.40483800 -0.28110213 0.76608993
v 0.40483800 -0.28110213 0.76608993
v 0.32417199 -0.23706810 0.58906098
v 0.32417199 -0.23706810 0.58906098
v 0.29905000 -0.22620110 0.58332398
v 0.29905000 -0.22620110 0.58332398
v 0.36780399 -0.24788811 0.63141693
v 0.36780399 -0.24788811 0.63141693
v 0.34908900 -0.28245412 0.61161495
v 0.34908900 -0.28245412 0.61161495
v 0.34908900 -0.25782309 0.59943195
v 0.29905000 -0.28288711 0.61129798
v 0.27392700 -0.23706810 0.58906098
v 0.27392700 -0.23706810 0.58906098
v 0.25316799 -0.28245310 0.61161495
v 0.25316799 -0.28245310 0.61161495
v 0.24392200 -0.24788811 0.63966896
v 0.24392200 -0.24788811 0.63966896
v 0.25316799 -0.25782211 0.59943195
v 0.31968001 -0.24499010 0.57406994
v 0.31968001 -0.24499010 0.57406994
v 0.29905000 -0.23556710 0.57126798
v 0.29905000 -0.23556710 0.57126798
v 0.27841899 -0.24499010 0.57406994
v 0.27841899 -0.24499010 0.57406994
v 0.26876399 -0.26396809 0.57884695
v 0.26876399 -0.28604911 0.58437992
v 0.26876399 -0.28604911 0.58437992
v 0.29905000 -0.28636510 0.58393593
v 0.29905000 -0.28636510 0.58393593
v 0.32933599 -0.28604911 0.58437992
v 0.32933599 -0.28604911 0.58437992
v 0.32933599 -0.26396809 0.57884695
v 0.32188100 -0.25172409 0.52068897
v 0.32188100 -0.25172409 0.52068897
v 0.32188100 -0.25172409 0.52068897
v 0.32188100 -0.25172409 0.52068897
v 0.29993501 -0.24219209 0.51832195
v 0.29993501 -0.24219209 0.51832195
v 0.29993501 -0.24219209 0.51832195
v 0.29993501 -0.24219209 0.51832195
v 0.27798900 -0.25172409 0.52068897
v 0.27798900 -0.25172409 0.52068897
v 0.27798900 -0.25172409 0.52068897
v 0.27798900 -0.25172409 0.52068897
v 0.26771700 -0.27417710 0.52626295
v 0.26771700 -0.27417710 0.52626295
v 0.26771700 -0.29895008 0.53241194
v 0.26771700 -0.29895008 0.53241194
v 0.26771700 -0.29895008 0.53241194
v 0.26771700 -0.29895008 0.53241194
v 0.29993501 -0.29914308 0.53246094
v 0.29993501 -0.29914308 0.53246094
v 0.29993501 -0.29914308 0.53246094
v 0.29993501 -0.29914308 0.53246094
v 0.33215299 -0.29895008 0.53241194
v 0.33215299 -0.29895008 0.53241194
v 0.33215299 -0.29895008 0.53241194
v 0.33215299 -0.29895008 0.53241194
v 0.33215299 -0.27417710 0.52626295
v 0.33215299 -0.27417710 0.52626295
v 0.31625599 -0.26857307 0.50695194
v 0.31625599 -0.26857307 0.50695194
v 0.31625599 -0.26857307 0.50695194
v 0.31625599 -0.26857307 0.50695194
v 0.29993501 -0.26034510 0.50490894
v 0.29993501 -0.26034510 0.50490894
v 0.29993501 -0.26034510 0.50490894
v 0.29993501 -0.26034510 0.50490894
v 0.32204899 -0.29941007 0.51460696
v 0.32204899 -0.29941007 0.51460696
v 0.32204899 -0.29941007 0.51460696
v 0.32204899 -0.29941007 0.51460696
v 0.32389501 -0.28410607 0.51080794
v 0.32389501 -0.28410607 0.51080794
v 0.32389501 -0.28410607 0.51080794
v 0.29993501 -0.29960510 0.51465494
v 0.29993501 -0.29960510 0.51465494
v 0.29993501 -0.29960510 0.51465494
v 0.29993501 -0.29960510 0.51465494
v 0.28361401 -0.26857307 0.50695194
v 0.28361401 -0.26857307 0.50695194
v 0.28361401 -0.26857307 0.50695194
v 0.28361401 -0.26857307 0.50695194
v 0.27782100 -0.29941007 0.51460696
v 0.27782100 -0.29941007 0.51460696
v 0.27782100 -0.29941007 0.51460696
v 0.27782100 -0.29941007 0.51460696
v 0.27597600 -0.28410607 0.51080794
v 0.27597600 -0.28410607 0.51080794
v 0.27597600 -0.28410607 0.51080794
v 0.37704501 -0.21398013 0.75871595
v 0.37704501 -0.21398013 0.75871595
v 0.37704501 -0.21398013 0.75871595
v 0.37704501 -0.21398013 0.75871595
v 0.21921000 -0.21398013 0.75871595
v 0.21921000 -0.21398013 0.75871595
v 0.21921000 -0.21398013 0.75871595
v 0.21921000 -0.21398013 0.75871595
v 0.31089401 -0.30166008 0.47765095
v 0.31089401 -0.30166008 0.47765095
v 0.31089401 -0.30166008 0.47765095
v 0.31089401 -0.30166008 0.47765095
v 0.31089401 -0.30166008 0.47765095
v 0.29993501 -0.30464809 0.47839294
v 0.29993501 -0.30464809 0.47839294
v 0.29993501 -0.30464809 0.47839294
v 0.29993501 -0.30464809 0.47839294
v 0.29993501 -0.32020007 0.44746593
v 0.29993501 -0.32020007 0.44746593
v 0.29993501 -0.32020007 0.44746593
v 0.29993501 -0.32020007 0.44746593
v 0.29993501 -0.32020007 0.44746593
v 0.29993501 -0.32020007 0.44746593
v 0.28897700 -0.30166008 0.47765095
v 0.28897700 -0.30166008 0.47765095
v 0.28897700 -0.30166008 0.47765095
v 0.28897700 -0.30166008 0.47765095
v 0.28897700 -0.30166008 0.47765095
v 0.29247001 -0.28646209 0.47387795
v 0.29247001 -0.28646209 0.47387795
v 0.29247001 -0.28646209 0.47387795
v 0.29247001 -0.28646209 0.47387795
v 0.29993501 -0.27693008 0.47151194
v 0.29993501 -0.27693008 0.47151194
v 0.29993501 -0.27693008 0.47151194
v 0.29993501 -0.27693008 0.47151194
v 0.30739999 -0.28646209 0.47387795
v 0.30739999 -0.28646209 0.47387795
v 0.30739999 -0.28646209 0.47387795
v 0.30739999 -0.28646209 0.47387795
v 0.32881901 -0.26669714 0.90871693
v 0.32881901 -0.24308015 0.83476194
v 0.31806701 -0.22490414 0.83173796
v 0.31806701 -0.22490414 0.83173796
v 0.31806701 -0.24096816 0.90718998
v 0.31806701 -0.24096816 0.90718998
v 0.32881901 -0.28357413 0.83710397
v 0.32881901 -0.28357413 0.83710397
v 0.32881901 -0.30077917 0.90871693
v 0.32881901 -0.30077917 0.90871693
v 0.29993501 -0.28332313 0.83981998
v 0.29993501 -0.28332313 0.83981998
v 0.29993501 -0.30052716 0.90871693
v 0.27105099 -0.28357413 0.83710397
v 0.27105099 -0.28357413 0.83710397
v 0.27105099 -0.30077917 0.90871693
v 0.27105099 -0.30077917 0.90871693
v 0.27105099 -0.24308015 0.83476194
v 0.27105099 -0.26669714 0.90871693
v 0.28180301 -0.22490414 0.83173796
v 0.28180301 -0.22490414 0.83173796
v 0.28180301 -0.24096816 0.90718998
v 0.28180301 -0.24096816 0.90718998
v 0.29993501 -0.21992814 0.83414098
v 0.29993501 -0.21992814 0.83414098
v 0.29993501 -0.23599215 0.90718999
v 0.29993501 -0.23599215 0.90718999
v 0.29993501 -0.21062213 0.79936096
v 0.29993501 -0.21062213 0.79936096
v 0.31806701 -0.21910913 0.79286697
v 0.31806701 -0.21910913 0.79286697
v 0.34852999 -0.25089614 0.79390295
v 0.34852999 -0.25089614 0.79390295
v 0.34852999 -0.25089614 0.79390295
v 0.34852999 -0.25089614 0.79390295
v 0.34852999 -0.25089614 0.79390295
v 0.33075300 -0.25100414 0.77250298
v 0.33075300 -0.25100414 0.77250298
v 0.33075300 -0.25100414 0.77250298
v 0.34873700 -0.28110214 0.79901994
v 0.34873700 -0.28110214 0.79901994
v 0.34873700 -0.28110214 0.79901994
v 0.34873700 -0.28110214 0.79901994
v 0.34873700 -0.28110214 0.79901994
v 0.34873700 -0.28110214 0.79901994
v 0.29993501 -0.28085114 0.80460097
v 0.29993501 -0.28085114 0.80460097
v 0.29993501 -0.28085114 0.80460097
v 0.25619799 -0.28110214 0.79833097
v 0.25619799 -0.28110214 0.79833097
v 0.25619799 -0.28110214 0.79833097
v 0.25619799 -0.28110214 0.79833097
v 0.25619799 -0.28110214 0.79833097
v 0.25619799 -0.28110214 0.79833097
v 0.27033600 -0.25100414 0.77250298
v 0.27033600 -0.25100414 0.77250298
v 0.27033600 -0.25100414 0.77250298
v 0.25628701 -0.25086214 0.79319598
v 0.25628701 -0.25086214 0.79319598
v 0.25628701 -0.25086214 0.79319598
v 0.25628701 -0.25086214 0.79319598
v 0.28180301 -0.21910913 0.79286697
v 0.28180301 -0.21910913 0.79286697
v 0.27624500 -0.30077917 0.91925693
v 0.27624500 -0.30077917 0.91925693
v 0.27624500 -0.30077917 0.91925693
v 0.27624500 -0.30077917 0.91925693
v 0.27656299 -0.26699517 0.92233093
v 0.27656299 -0.26699517 0.92233093
v 0.27656299 -0.26699517 0.92233093
v 0.29993501 -0.30052716 0.91925693
v 0.29993501 -0.30052716 0.91925693
v 0.29993501 -0.30052716 0.91925693
v 0.32362500 -0.30077917 0.91925693
v 0.32362500 -0.30077917 0.91925693
v 0.32362500 -0.30077917 0.91925693
v 0.32362500 -0.30077917 0.91925693
v 0.32330799 -0.26699517 0.92233093
v 0.32330799 -0.26699517 0.92233093
v 0.32330799 -0.26699517 0.92233093
v 0.29993501 -0.24741215 0.92080297
v 0.29993501 -0.24741215 0.92080297
v 0.29993501 -0.24741215 0.92080297
v 0.29993501 -0.24741215 0.92080297
v 0.31460699 -0.25238816 0.92080297
v 0.31460699 -0.25238816 0.92080297
v 0.31460699 -0.25238816 0.92080297
v 0.31460699 -0.25238816 0.92080297
v 0.28526300 -0.25238816 0.92080297
v 0.28526300 -0.25238816 0.92080297
v 0.28526300 -0.25238816 0.92080297
v 0.28526300 -0.25238816 0.92080297
v 0.27688000 -0.28999115 0.92540396
v 0.27688000 -0.28999115 0.92540396
v 0.29993501 -0.28973917 0.92540396
v 0.29993501 -0.28973917 0.92540396
v 0.32299000 -0.28999115 0.92540396
v 0.32299000 -0.28999115 0.92540396
v 0.37975201 -0.24176011 0.66410293
v 0.37975201 -0.24176011 0.66410293
v 0.22916700 -0.24176011 0.66410293
v 0.34342101 -0.28105911 0.69772495
v 0.34342101 -0.28105911 0.69772495
v 0.34342101 -0.28110213 0.76608993
v 0.34492499 -0.20653712 0.75973996
v 0.34492499 -0.20653712 0.75973996
v 0.36478901 -0.28005313 0.83838297
v 0.36478901 -0.28005313 0.83838297
v 0.36289299 -0.25622313 0.83651598
v 0.36289299 -0.25622313 0.83651598
v 0.37335601 -0.28110214 0.79940296
v 0.38910499 -0.28005313 0.83778198
v 0.41487899 -0.28110214 0.79940296
v 0.41487899 -0.28110214 0.79940296
v 0.41487899 -0.25241314 0.79431297
v 0.41487899 -0.25241314 0.79431297
v 0.41647401 -0.25622313 0.83524795
v 0.41647401 -0.25622313 0.83524795
v 0.41652900 -0.28005313 0.83716793
v 0.41652900 -0.28005313 0.83716793
v 0.34953901 -0.22377713 0.79312196
v 0.34953901 -0.22377713 0.79312196
v 0.34953901 -0.22377713 0.79312196
v 0.37046701 -0.23618614 0.83391394
v 0.37046701 -0.23618614 0.83391394
v 0.40016201 -0.22377713 0.79312196
v 0.40016201 -0.22377713 0.79312196
v 0.40633300 -0.23618614 0.83288594
v 0.40633300 -0.23618614 0.83288594
v 0.37639600 -0.21633413 0.79414495
v 0.38820800 -0.22867214 0.83340498
v 0.25484800 -0.28110213 0.76608993
v 0.24388300 -0.20653712 0.75973996
v 0.24388300 -0.20653712 0.75973996
v 0.22569500 -0.25622313 0.83866497
v 0.22569500 -0.25622313 0.83866497
v 0.22474100 -0.28005313 0.84049792
v 0.22474100 -0.28005313 0.84049792
v 0.18911700 -0.25234415 0.79289796
v 0.18911700 -0.25234415 0.79289796
v 0.18911700 -0.28110214 0.79802496
v 0.18911700 -0.28110214 0.79802496
v 0.17214000 -0.28005313 0.83775593
v 0.17214000 -0.28005313 0.83775593
v 0.17225499 -0.25622313 0.83587195
v 0.17225499 -0.25622313 0.83587195
v 0.21610400 -0.28110214 0.79802496
v 0.19888900 -0.28005313 0.83916796
v 0.24211399 -0.22333413 0.79170396
v 0.24211399 -0.22333413 0.79170396
v 0.22164400 -0.23618614 0.83622899
v 0.22164400 -0.23618614 0.83622899
v 0.22276400 -0.21589114 0.79272696
v 0.20223200 -0.22333413 0.79170396
v 0.20223200 -0.22333413 0.79170396
v 0.18183801 -0.23618614 0.83378895
v 0.18183801 -0.23618614 0.83378895
v 0.20232999 -0.22867214 0.83504494
v 0.41185099 -0.24587115 0.87451794
v 0.41185099 -0.24587115 0.87451794
v 0.41185099 -0.24587115 0.87451794
v 0.41185099 -0.24587115 0.87451794
v 0.42192101 -0.27694914 0.87440093
v 0.42192101 -0.27694914 0.87440093
v 0.42192101 -0.27694914 0.87440093
v 0.42192101 -0.27694914 0.87440093
v 0.42192101 -0.30077916 0.87440092
v 0.42192101 -0.30077916 0.87440092
v 0.42192101 -0.30077916 0.87440092
v 0.42192101 -0.30077916 0.87440092
v 0.39449701 -0.30077916 0.87501592
v 0.39449701 -0.30077916 0.87501592
v 0.37018201 -0.30077916 0.87561698
v 0.37018201 -0.30077916 0.87561698
v 0.37018201 -0.30077916 0.87561698
v 0.37018201 -0.30077916 0.87561698
v 0.36834100 -0.27694914 0.87566997
v 0.36834100 -0.27694914 0.87566997
v 0.36834100 -0.27694914 0.87566997
v 0.36834100 -0.27694914 0.87566997
v 0.37598601 -0.24587116 0.87554594
v 0.37598601 -0.24587116 0.87554594
v 0.37598601 -0.24587116 0.87554594
v 0.37598601 -0.24587116 0.87554594
v 0.39372700 -0.23835714 0.87503799
v 0.39372700 -0.23835714 0.87503799
v 0.39372700 -0.23835714 0.87503799
v 0.21290100 -0.24587116 0.87644299
v 0.21290100 -0.24587116 0.87644299
v 0.21290100 -0.24587116 0.87644299
v 0.21290100 -0.24587116 0.87644299
v 0.21710099 -0.27694914 0.87644596
v 0.21710099 -0.27694914 0.87644596
v 0.21710099 -0.27694914 0.87644596
v 0.21710099 -0.27694914 0.87644596
v 0.21626300 -0.30077916 0.87639494
v 0.21626300 -0.30077916 0.87639494
v 0.21626300 -0.30077916 0.87639494
v 0.21626300 -0.30077916 0.87639494
v 0.19041000 -0.30077916 0.87506396
v 0.19041000 -0.30077916 0.87506396
v 0.16366100 -0.30077916 0.87365294
v 0.16366100 -0.30077916 0.87365294
v 0.16366100 -0.30077916 0.87365294
v 0.16366100 -0.30077916 0.87365294
v 0.16366100 -0.27694914 0.87365295
v 0.16366100 -0.27694914 0.87365295
v 0.16366100 -0.27694914 0.87365295
v 0.16366100 -0.27694914 0.87365295
v 0.17309400 -0.24587115 0.87400295
v 0.17309400 -0.24587115 0.87400295
v 0.17309400 -0.24587115 0.87400295
v 0.17309400 -0.24587115 0.87400295
v 0.19358701 -0.23835714 0.87525894
v 0.19358701 -0.23835714 0.87525894
v 0.19358701 -0.23835714 0.87525894
v 0.28277901 -0.28759016 0.95098896
v 0.28277901 -0.28759016 0.95098896
v 0.28277901 -0.28759016 0.95098896
v 0.28277901 -0.28759016 0.95098896
v 0.28277901 -0.30469016 0.94969494
v 0.28277901 -0.30469016 0.94969494
v 0.28277901 -0.30469016 0.94969494
v 0.28277901 -0.30469016 0.94969494
v 0.29993501 -0.32021617 1.01411492
v 0.29993501 -0.32021617 1.01411492
v 0.29993501 -0.32021617 1.01411492
v 0.29993501 -0.32021617 1.01411492
v 0.29993501 -0.32021617 1.01411492
v 0.29993501 -0.32021617 1.01411492
v 0.29993501 -0.32021617 1.01411492
v 0.29993501 -0.32021617 1.01411492
v 0.29993501 -0.30444015 0.94971395
v 0.29993501 -0.30444015 0.94971395
v 0.29993501 -0.30444015 0.94971395
v 0.29993501 -0.30444015 0.94971395
v 0.31709099 -0.30469016 0.94969494
v 0.31709099 -0.30469016 0.94969494
v 0.31709099 -0.30469016 0.94969494
v 0.31709099 -0.30469016 0.94969494
v 0.31709099 -0.28759016 0.95098896
v 0.31709099 -0.28759016 0.95098896
v 0.31709099 -0.28759016 0.95098896
v 0.31709099 -0.28759016 0.95098896
v 0.31070501 -0.26713116 0.95253594
v 0.31070501 -0.26713116 0.95253594
v 0.31070501 -0.26713116 0.95253594
v 0.31070501 -0.26713116 0.95253594
v 0.29993501 -0.26216916 0.95291098
v 0.29993501 -0.26216916 0.95291098
v 0.29993501 -0.26216916 0.95291098
v 0.29993501 -0.26216916 0.95291098
v 0.28916499 -0.26713116 0.95253594
v 0.28916499 -0.26713116 0.95253594
v 0.28916499 -0.26713116 0.95253594
v 0.28916499 -0.26713116 0.95253594
v 0.37738901 -0.29739416 0.88867898
v 0.37738901 -0.29739416 0.88867898
v 0.37738901 -0.29739416 0.88867898
v 0.37738901 -0.29739416 0.88867898
v 0.37586501 -0.27592516 0.88872196
v 0.37586501 -0.27592516 0.88872196
v 0.37586501 -0.27592516 0.88872196
v 0.37586501 -0.27592516 0.88872196
v 0.39475399 -0.29739416 0.88818092
v 0.39475399 -0.29739416 0.88818092
v 0.37943599 -0.25176415 0.88861998
v 0.37943599 -0.25176415 0.88861998
v 0.37943599 -0.25176415 0.88861998
v 0.37943599 -0.25176415 0.88861998
v 0.39411700 -0.24499515 0.88819893
v 0.39411700 -0.24499515 0.88819893
v 0.39411700 -0.24499515 0.88819893
v 0.39411700 -0.24499515 0.88819893
v 0.41249499 -0.29739416 0.88767297
v 0.41249499 -0.29739416 0.88767297
v 0.41249499 -0.29739416 0.88767297
v 0.41249499 -0.29739416 0.88767297
v 0.41249499 -0.27592516 0.88767297
v 0.41249499 -0.27592516 0.88767297
v 0.41249499 -0.27592516 0.88767297
v 0.41249499 -0.27592516 0.88767297
v 0.40911499 -0.25176415 0.88776995
v 0.40911499 -0.25176415 0.88776995
v 0.40911499 -0.25176415 0.88776995
v 0.40911499 -0.25176415 0.88776995
v 0.38456699 -0.30432115 0.92998392
v 0.38456699 -0.30432115 0.92998392
v 0.38456699 -0.30432115 0.92998392
v 0.38350099 -0.29049916 0.93105997
v 0.38350099 -0.29049916 0.93105997
v 0.38350099 -0.29049916 0.93105997
v 0.38350099 -0.29049916 0.93105997
v 0.39671001 -0.30429415 0.92963696
v 0.38599801 -0.26904214 0.93261094
v 0.38599801 -0.26904214 0.93261094
v 0.38599801 -0.26904214 0.93261094
v 0.38599801 -0.26904214 0.93261094
v 0.39626500 -0.26466117 0.93264695
v 0.39626500 -0.26466117 0.93264695
v 0.39626500 -0.26466117 0.93264695
v 0.39626500 -0.26466117 0.93264695
v 0.40911600 -0.30426816 0.92928196
v 0.40911600 -0.30426816 0.92928196
v 0.40911600 -0.30426816 0.92928196
v 0.40911600 -0.29044414 0.93032796
v 0.40911600 -0.29044414 0.93032796
v 0.40911600 -0.29044414 0.93032796
v 0.40911600 -0.29044414 0.93032796
v 0.40675300 -0.26899717 0.93201794
v 0.40675300 -0.26899717 0.93201794
v 0.40675300 -0.26899717 0.93201794
v 0.40675300 -0.26899717 0.93201794
v 0.39792299 -0.31246217 0.98001594
v 0.39792299 -0.31246217 0.98001594
v 0.39792299 -0.31246217 0.98001594
v 0.39792299 -0.31246217 0.98001594
v 0.39792299 -0.31246217 0.98001594
v 0.39792299 -0.31246217 0.98001594
v 0.39792299 -0.31246217 0.98001594
v 0.16891100 -0.30077916 0.89064796
v 0.16891100 -0.30077916 0.89064796
v 0.16891100 -0.30077916 0.89064796
v 0.16891100 -0.30077916 0.89064796
v 0.17063899 -0.27599415 0.89507897
v 0.17063899 -0.27599415 0.89507897
v 0.17063899 -0.27599415 0.89507897
v 0.17063899 -0.27599415 0.89507897
v 0.17063899 -0.27599415 0.89507897
v 0.17063899 -0.27599415 0.89507897
v 0.18935101 -0.30077917 0.89189995
v 0.18935101 -0.30077917 0.89189995
v 0.17398900 -0.25040016 0.89095898
v 0.17398900 -0.25040016 0.89095898
v 0.17398900 -0.25040016 0.89095898
v 0.17398900 -0.25040016 0.89095898
v 0.19216900 -0.24288616 0.89207293
v 0.19216900 -0.24288616 0.89207293
v 0.19216900 -0.24288616 0.89207293
v 0.19216900 -0.24288616 0.89207293
v 0.20710200 -0.27599415 0.89731295
v 0.20710200 -0.27599415 0.89731295
v 0.20710200 -0.27599415 0.89731295
v 0.20710200 -0.27599415 0.89731295
v 0.20710200 -0.27599415 0.89731295
v 0.20710200 -0.27599415 0.89731295
v 0.20861401 -0.30077917 0.89307995
v 0.20861401 -0.30077917 0.89307995
v 0.20861401 -0.30077917 0.89307995
v 0.20861401 -0.30077917 0.89307995
v 0.20930400 -0.25040016 0.89312293
v 0.20930400 -0.25040016 0.89312293
v 0.20930400 -0.25040016 0.89312293
v 0.20930400 -0.25040016 0.89312293
v 0.17236701 -0.29417414 0.89950998
v 0.17236701 -0.29417414 0.89950998
v 0.17236701 -0.29417414 0.89950998
v 0.17236701 -0.29417414 0.89950998
v 0.18877999 -0.29417414 0.90051497
v 0.18877999 -0.29417414 0.90051497
v 0.17644399 -0.25552416 0.89975996
v 0.17644399 -0.25552416 0.89975996
v 0.17644399 -0.25552416 0.89975996
v 0.17644399 -0.25552416 0.89975996
v 0.19104400 -0.24949116 0.90065398
v 0.19104400 -0.24949116 0.90065398
v 0.19104400 -0.24949116 0.90065398
v 0.19104400 -0.24949116 0.90065398
v 0.20424899 -0.29417414 0.90146292
v 0.20424899 -0.29417414 0.90146292
v 0.20424899 -0.29417414 0.90146292
v 0.20424899 -0.29417414 0.90146292
v 0.20480300 -0.25552416 0.90149696
v 0.20480300 -0.25552416 0.90149696
v 0.20480300 -0.25552416 0.90149696
v 0.20480300 -0.25552416 0.90149696
v 0.17176700 -0.30518515 0.92273594
v 0.17176700 -0.30518515 0.92273594
v 0.17176700 -0.30518515 0.92273594
v 0.17176700 -0.30518515 0.92273594
v 0.17176700 -0.29051015 0.92384596
v 0.17176700 -0.29051015 0.92384596
v 0.17176700 -0.29051015 0.92384596
v 0.17176700 -0.29051015 0.92384596
v 0.18532000 -0.30524716 0.92356397
v 0.18532000 -0.30524716 0.92356397
v 0.17513300 -0.26853717 0.92571498
v 0.17513300 -0.26853717 0.92571498
v 0.17513300 -0.26853717 0.92571498
v 0.17513300 -0.26853717 0.92571498
v 0.18718900 -0.26396517 0.92680098
v 0.18718900 -0.26396517 0.92680098
v 0.18718900 -0.26396517 0.92680098
v 0.18718900 -0.26396517 0.92680098
v 0.19858600 -0.29063315 0.92548497
v 0.19858600 -0.29063315 0.92548497
v 0.19858600 -0.29063315 0.92548497
v 0.19858600 -0.29063315 0.92548497
v 0.19809300 -0.30530716 0.92434395
v 0.19809300 -0.30530716 0.92434395
v 0.19809300 -0.30530716 0.92434395
v 0.19809300 -0.30530716 0.92434395
v 0.19855100 -0.26864514 0.92714597
v 0.19855100 -0.26864514 0.92714597
v 0.19855100 -0.26864514 0.92714597
v 0.19855100 -0.26864514 0.92714597
v 0.18293600 -0.31765015 0.96911896
v 0.18293600 -0.31765015 0.96911896
v 0.18293600 -0.31765015 0.96911896
v 0.18293600 -0.31765015 0.96911896
v 0.18293600 -0.31765015 0.96911896
v 0.18293600 -0.31765015 0.96911896
v 0.18293600 -0.31765015 0.96911896
v 0.52053499 1.25581591 0.40567223
v 0.56914598 1.18099492 0.41020321
v 0.39038101 1.01746097 -0.19149483
v 0.34448099 1.08368305 -0.19329081
v 0.60881197 1.10392194 0.42485220
v 0.42065999 0.94280800 -0.18337484
v 0.14764500 0.82888316 -0.98924384
v 0.17907199 0.78992318 -0.98700588
v 0.15836200 0.77012218 -1.10626089
v 0.14513899 0.79014421 -1.08094989
v 0.19468100 0.74314116 -0.97815489
v 0.17113701 0.74275321 -1.07482087
v 0.23916200 1.40801498 0.18017223
v 0.29466501 1.37912592 0.18899823
v 0.29379600 1.31464195 0.01655622
v 0.23368900 1.34126699 0.00644723
v 0.34682801 1.35069999 0.20281223
v 0.34855700 1.28238594 0.03166422
v 0.23877300 1.19385404 -0.36285881
v 0.29191300 1.17560905 -0.35612280
v 0.29378301 1.15607805 -0.41827480
v 0.25656500 1.17212505 -0.39973081
v 0.33536699 1.14373809 -0.34193580
v 0.31939101 1.13771004 -0.38697480
v -0.47889999 1.36395793 0.43493324
v -0.34305000 1.13179604 -0.21350181
v -0.38748300 1.07285002 -0.20767082
v -0.51446098 1.29235892 0.44215421
v -0.41504800 1.00491801 -0.19589583
v -0.55008000 1.21925990 0.45348620
v -0.19074801 0.92579015 -0.79403582
v -0.18673500 0.89778813 -0.86234984
v -0.21123999 0.86209616 -0.90429387
v -0.23050600 0.88027812 -0.78787383
v -0.22871301 0.82049915 -0.84976486
v -0.24940699 0.82427711 -0.77385787
v -0.34403399 1.45786493 0.44332726
v -0.31757700 1.29024900 -0.03866078
v -0.37865600 1.26000095 -0.03129179
v -0.42280200 1.41786687 0.44393325
v -0.41513801 1.21112395 -0.01615680
v -0.47916001 1.36794989 0.45518022
v -0.27263600 1.19429607 -0.38128180
v -0.28268999 1.16593106 -0.43811179
v -0.31979099 1.13245006 -0.47207882
v -0.32255700 1.15864307 -0.37287681
v -0.34403700 1.10420902 -0.42287781
v -0.35836101 1.11156803 -0.35834481
v -0.50667900 1.29149787 0.43303923
v -0.42300001 1.17652500 -0.04581880
v -0.45496300 1.12216700 -0.03967881
v -0.54377401 1.22809593 0.44094720
v -0.47257200 1.06125904 -0.02982382
v -0.57909900 1.16852097 0.45386719
v -0.34482101 1.09585208 -0.38731780
v -0.34550801 1.07010205 -0.44586181
v -0.37135401 1.02783307 -0.48407081
v -0.38344899 1.04769403 -0.38256482
v -0.38863701 0.99784608 -0.43394084
v -0.40508801 0.99052507 -0.37270184
v -0.22807300 1.38293300 0.12362423
v -0.26056001 1.33334696 0.00030822
v -0.32946801 1.32149803 0.01540622
v -0.29992101 1.36863193 0.19176223
v -0.38674000 1.29576098 0.03699222
v -0.35378200 1.37458200 0.28198724
v -0.28819400 1.31963397 -0.05490878
v -0.33809599 1.30205096 -0.08230278
v -0.37731299 1.29235101 -0.02896178
v -0.39749399 1.34479591 0.20358423
v -0.42115900 1.29282998 0.07946922
v -0.47977000 1.28027199 0.08989722
v -0.45819101 1.33112796 0.26681124
v -0.52813500 1.24918900 0.10797021
v -0.52813500 1.24918900 0.10797021
v -0.51550901 1.33301193 0.35118722
v -0.44412401 1.28016698 0.02416122
v -0.48680401 1.26715004 -0.00326479
v -0.52149200 1.25386094 0.04526521
v -0.52202898 1.31613894 0.24736422
v -0.52202898 1.31613894 0.24736422
v -0.51182199 1.28403495 0.12402922
v -0.55339003 1.24283800 0.13314921
v -0.56360298 1.25299390 0.25970021
v -0.56360298 1.25299390 0.25970021
v -0.56360298 1.25299390 0.25970021
v -0.58026999 1.19021795 0.14254620
v -0.59832799 1.18664701 0.27362221
v -0.59832799 1.18664701 0.27362221
v -0.53186297 1.26795100 0.07143321
v -0.56694400 1.24602603 0.04533621
v -0.57761401 1.20460795 0.08646320
v -0.59866101 1.28210595 0.55646221
v -0.59866101 1.28210595 0.55646221
v -0.59866101 1.28210595 0.55646221
v -0.59866101 1.28210595 0.55646221
v -0.59866101 1.28210595 0.55646221
v -0.59866101 1.28210595 0.55646221
v -0.59866101 1.28210595 0.55646221
v -0.59866101 1.28210595 0.55646221
v -0.59866101 1.28210595 0.55646221
v -0.59866101 1.28210595 0.55646221
v -0.59866101 1.28210595 0.55646221
v -0.54232198 1.36980990 0.53183024
v -0.54232198 1.36980990 0.53183024
v -0.54232198 1.36980990 0.53183024
v -0.54232198 1.36980990 0.53183024
v -0.54232198 1.36980990 0.53183024
v -0.62676299 1.19912996 0.58546718
v -0.62676299 1.19912996 0.58546718
v -0.62676299 1.19912996 0.58546718
v -0.62676299 1.19912996 0.58546718
v -0.62676299 1.19912996 0.58546718
v -0.62676299 1.19912996 0.58546718
v -0.62676299 1.19912996 0.58546718
v -0.62676299 1.19912996 0.58546718
v -0.53490102 1.29080100 0.25742523
v -0.53490102 1.29080100 0.25742523
v -0.55433500 1.19618199 0.12031520
v -0.57017100 1.22437198 0.27173620
v -0.57017100 1.22437198 0.27173620
v -0.57017100 1.22437198 0.27173620
v -0.56237799 1.13676701 0.13327320
v -0.59982401 1.15511889 0.28674020
v -0.59982401 1.15511889 0.28674020
v -0.54229498 1.22723995 0.08366421
v -0.56250697 1.19354497 0.05914720
v -0.56371701 1.15112994 0.10220619
v -0.53118300 1.25695295 0.28048522
v -0.57459801 1.18990691 0.29447620
v -0.60309100 1.11583597 0.31330718
v -0.52578402 1.20194695 0.11592620
v -0.52939999 1.18410204 0.09424920
v -0.54979599 1.14189397 0.06657919
v -0.54857200 1.15319095 0.12592620
v -0.54668802 1.10262797 0.10948819
v -0.55989099 1.09304092 0.13953819
v -0.21147700 2.30856462 1.66601542
v -0.21147700 2.30856462 1.66601542
v -0.24831100 2.29665874 1.50676838
v -0.24831100 2.29665874 1.50676838
v -0.24831100 2.29665874 1.50676838
v -0.33553001 2.23525474 1.54471137
v -0.33553001 2.23525474 1.54471137
v -0.33553001 2.23525474 1.54471137
v -0.33553001 2.23525474 1.54471137
v -0.33553001 2.23525474 1.54471137
v -0.29194501 2.25152965 1.65644433
v -0.29194501 2.25152965 1.65644433
v -0.29194501 2.25152965 1.65644433
v -0.26294199 2.23097182 1.38042738
v -0.26294199 2.23097182 1.38042738
v -0.26294199 2.23097182 1.38042738
v -0.35976401 2.16850781 1.41081036
v -0.35976401 2.16850781 1.41081036
v -0.35976401 2.16850781 1.41081036
v -0.35976401 2.16850781 1.41081036
v -0.26248401 2.08311776 1.20373129
v -0.26248401 2.08311776 1.20373129
v -0.26248401 2.08311776 1.20373129
v -0.40067101 1.96461478 1.23689339
v -0.40067101 1.96461478 1.23689339
v -0.40067101 1.96461478 1.23689339
v -0.40067101 1.96461478 1.23689339
v -0.40067101 1.96461478 1.23689339
v -0.25402299 1.85320586 1.03073628
v -0.25402299 1.85320586 1.03073628
v -0.25402299 1.85320586 1.03073628
v -0.37196100 1.79068881 1.08844930
v -0.37196100 1.79068881 1.08844930
v -0.37196100 1.79068881 1.08844930
v -0.37196100 1.79068881 1.08844930
v -0.25483900 1.78450987 0.87007529
v -0.25483900 1.78450987 0.87007529
v -0.25483900 1.78450987 0.87007529
v -0.25483900 1.78450987 0.87007529
v -0.25483900 1.78450987 0.87007529
v -0.36774600 1.69957383 0.99985628
v -0.36774600 1.69957383 0.99985628
v -0.36774600 1.69957383 0.99985628
v -0.36774600 1.69957383 0.99985628
v -0.22398999 2.23247761 1.76289036
v -0.22398999 2.23247761 1.76289036
v -0.22398999 2.23247761 1.76289036
v -0.15707600 2.27457064 1.80436244
v -0.15707600 2.27457064 1.80436244
v -0.15707600 2.27457064 1.80436244
v -0.13084801 2.16842668 1.86217941
v -0.13084801 2.16842668 1.86217941
v -0.13084801 2.16842668 1.86217941
v -0.13084801 2.16842668 1.86217941
v -0.13084801 2.16842668 1.86217941
v -0.10208300 2.18895976 1.88134838
v -0.10208300 2.18895976 1.88134838
v -0.10208300 2.18895976 1.88134838
v -0.10208300 2.18895976 1.88134838
v -0.10208300 2.18895976 1.88134838
v -0.24747799 2.14792677 1.62609232
v -0.24747799 2.14792677 1.62609232
v -0.24747799 2.14792677 1.62609232
v -0.24747799 2.14792677 1.62609232
v -0.24747799 2.14792677 1.62609232
v -0.25867301 2.18896075 1.65305031
v -0.25867301 2.18896075 1.65305031
v -0.25867301 2.18896075 1.65305031
v -0.25867301 2.18896075 1.65305031
v -0.43139699 1.81864275 1.31455536
v -0.43139699 1.81864275 1.31455536
v -0.43139699 1.81864275 1.31455536
v -0.43139699 1.81864275 1.31455536
v -0.40959299 1.70788681 1.43641930
v -0.40959299 1.70788681 1.43641930
v -0.40959299 1.70788681 1.43641930
v -0.40959299 1.70788681 1.43641930
v -0.33019301 1.89301679 1.56388637
v -0.33019301 1.89301679 1.56388637
v -0.33019301 1.89301679 1.56388637
v -0.34338200 2.01348375 1.50913034
v -0.34338200 2.01348375 1.50913034
v -0.34338200 2.01348375 1.50913034
v -0.34338200 2.01348375 1.50913034
v -0.29532701 1.61487076 1.58905521
v -0.29532701 1.61487076 1.58905521
v -0.29532701 1.61487076 1.58905521
v -0.29532701 1.61487076 1.58905521
v -0.24620900 1.77926167 1.65307433
v -0.24620900 1.77926167 1.65307433
v -0.24620900 1.77926167 1.65307433
v -0.13813600 1.57388874 1.65437022
v -0.13813600 1.57388874 1.65437022
v -0.13813600 1.57388874 1.65437022
v -0.13813600 1.57388874 1.65437022
v -0.10102500 1.71570070 1.70978933
v -0.10102500 1.71570070 1.70978933
v -0.10102500 1.71570070 1.70978933
v -0.10102500 1.71570070 1.70978933
v -0.15934700 1.90573174 1.78220733
v -0.15934700 1.90573174 1.78220733
v -0.15934700 1.90573174 1.78220733
v -0.15934700 1.90573174 1.78220733
v -0.18664700 2.00360960 1.77254734
v -0.18664700 2.00360960 1.77254734
v -0.18664700 2.00360960 1.77254734
v -0.18664700 2.00360960 1.77254734
v -0.18664700 2.00360960 1.77254734
v -0.18664700 2.00360960 1.77254734
v -0.06161800 1.85789066 1.80557628
v -0.06161800 1.85789066 1.80557628
v -0.06161800 1.85789066 1.80557628
v -0.06161800 1.85789066 1.80557628
v -0.20153700 2.04952282 1.75610338
v -0.20153700 2.04952282 1.75610338
v -0.20153700 2.04952282 1.75610338
v -0.20153700 2.04952282 1.75610338
v -0.46857101 1.67517081 1.22847025
v -0.46857101 1.67517081 1.22847025
v -0.46857101 1.67517081 1.22847025
v -0.46857101 1.67517081 1.22847025
v -0.44403899 1.58446778 1.36955729
v -0.44403899 1.58446778 1.36955729
v -0.44403899 1.58446778 1.36955729
v -0.44403899 1.58446778 1.36955729
v -0.31901100 1.49547873 1.53638829
v -0.31901100 1.49547873 1.53638829
v -0.31901100 1.49547873 1.53638829
v -0.31901100 1.49547873 1.53638829
v -0.16370299 1.45735678 1.60520328
v -0.16370299 1.45735678 1.60520328
v -0.16370299 1.45735678 1.60520328
v -0.16370299 1.45735678 1.60520328
v -0.23692299 2.18944878 1.71017433
v -0.23692299 2.18944878 1.71017433
v -0.23692299 2.18944878 1.71017433
v -0.35281599 2.11840867 1.48212635
v -0.35281599 2.11840867 1.48212635
v -0.35281599 2.11840867 1.48212635
v -0.35281599 2.11840867 1.48212635
v -0.35281599 2.11840867 1.48212635
v -0.22005400 2.09799762 1.70137131
v -0.22005400 2.09799762 1.70137131
v -0.22005400 2.09799762 1.70137131
v -0.22005400 2.09799762 1.70137131
v -0.24747799 2.10005375 1.65057540
v -0.24747799 2.10005375 1.65057540
v -0.24747799 2.10005375 1.65057540
v -0.24747799 2.10005375 1.65057540
v -0.20201300 2.14146966 1.73082435
v -0.20201300 2.14146966 1.73082435
v -0.20201300 2.14146966 1.73082435
v -0.20201300 2.14146966 1.73082435
v -0.16927400 2.09025281 1.80883538
v -0.16927400 2.09025281 1.80883538
v -0.16927400 2.09025281 1.80883538
v -0.16927400 2.09025281 1.80883538
v -0.25397801 2.14493961 1.68798435
v -0.25397801 2.14493961 1.68798435
v -0.25397801 2.14493961 1.68798435
v -0.25397801 2.14493961 1.68798435
v -0.25397801 2.14493961 1.68798435
v -0.25397801 2.14493961 1.68798435
v -0.11677300 2.33190580 1.66923443
v -0.11677300 2.33190580 1.66923443
v -0.13673601 2.32408475 1.49507335
v -0.13673601 2.32408475 1.49507335
v -0.13606399 2.25834084 1.36206438
v -0.13606399 2.25834084 1.36206438
v -0.13801800 2.12800077 1.19497430
v -0.13801800 2.12800077 1.19497430
v -0.14204700 1.89973278 0.98350831
v -0.14204700 1.89973278 0.98350831
v -0.14655700 1.85188482 0.81748332
v -0.14655700 1.85188482 0.81748332
v -0.14655700 1.85188482 0.81748332
v -0.14655700 1.85188482 0.81748332
v -0.08864600 2.29426878 1.81889644
v -0.08864600 2.29426878 1.81889644
v -0.05606200 2.20994965 1.89996542
v -0.05606200 2.20994965 1.89996542
v -0.05606200 2.20994965 1.89996542
v -0.05606200 2.20994965 1.89996542
v -0.10987500 2.11394372 1.96069836
v -0.10987500 2.11394372 1.96069836
v -0.10987500 2.11394372 1.96069836
v -0.10987500 2.11394372 1.96069836
v -0.07979600 2.13922563 1.97888542
v -0.07979600 2.13922563 1.97888542
v -0.07979600 2.13922563 1.97888542
v -0.07979600 2.13922563 1.97888542
v -0.07979600 2.13922563 1.97888542
v -0.12967500 1.94003264 1.87334630
v -0.12967500 1.94003264 1.87334630
v -0.12967500 1.94003264 1.87334630
v -0.12967500 1.94003264 1.87334630
v -0.16878299 2.02945368 1.87040232
v -0.16878299 2.02945368 1.87040232
v -0.16878299 2.02945368 1.87040232
v -0.16878299 2.02945368 1.87040232
v -0.16878299 2.02945368 1.87040232
v -0.16878299 2.02945368 1.87040232
v -0.16878299 2.02945368 1.87040232
v -0.05326700 1.89825873 1.89021035
v -0.05326700 1.89825873 1.89021035
v -0.05326700 1.89825873 1.89021035
v -0.05326700 1.89825873 1.89021035
v -0.14255400 2.07323256 1.92537939
v -0.14255400 2.07323256 1.92537939
v -0.14255400 2.07323256 1.92537939
v -0.14255400 2.07323256 1.92537939
v -0.06862400 2.06045354 2.06799733
v -0.06862400 2.06045354 2.06799733
v -0.04850000 2.07408155 2.08260333
v -0.04850000 2.07408155 2.08260333
v -0.07452000 1.97494867 1.99929438
v -0.07452000 1.97494867 1.99929438
v -0.11303200 2.02337756 1.98317037
v -0.11303200 2.02337756 1.98317037
v -0.11303200 2.02337756 1.98317037
v -0.03611100 1.94560172 2.00894126
v -0.03611100 1.94560172 2.00894126
v -0.08866100 2.04338373 2.04819833
v -0.08866100 2.04338373 2.04819833
v -0.02587300 2.08352864 2.08737027
v -0.04856200 2.15466776 1.98929537
v -0.04856200 2.15466776 1.98929537
v -0.04856200 2.15466776 1.98929537
v -0.04856200 2.15466776 1.98929537
v -0.10917100 2.02164854 2.01000629
v -0.10917100 2.02164854 2.01000629
v -0.10917100 2.02164854 2.01000629
v -0.52962399 1.54031782 1.15147426
v -0.52962399 1.54031782 1.15147426
v -0.52962399 1.54031782 1.15147426
v -0.52962399 1.54031782 1.15147426
v -0.48833299 1.46059384 1.31048930
v -0.48833299 1.46059384 1.31048930
v -0.48833299 1.46059384 1.31048930
v -0.48833299 1.46059384 1.31048930
v -0.34610900 1.37181674 1.47510421
v -0.34610900 1.37181674 1.47510421
v -0.34610900 1.37181674 1.47510421
v -0.34610900 1.37181674 1.47510421
v -0.19040801 1.33038471 1.54434525
v -0.19040801 1.33038471 1.54434525
v -0.19040801 1.33038471 1.54434525
v -0.19040801 1.33038471 1.54434525
v -0.31020999 1.68247187 0.69503628
v -0.31020999 1.68247187 0.69503628
v -0.31020999 1.68247187 0.69503628
v -0.31020999 1.68247187 0.69503628
v -0.44483700 1.61636684 0.85580126
v -0.44483700 1.61636684 0.85580126
v -0.44483700 1.61636684 0.85580126
v -0.44483700 1.61636684 0.85580126
v -0.14407000 1.76353695 0.58718431
v -0.14407000 1.76353695 0.58718431
v -0.14407000 1.76353695 0.58718431
v -0.14407000 1.76353695 0.58718431
v -0.30132401 1.74208487 0.66764432
v -0.30132401 1.74208487 0.66764432
v -0.27643800 1.80852983 0.85963429
v -0.27643800 1.80852983 0.85963429
v -0.57375199 1.47123486 1.05963326
v -0.57375199 1.47123486 1.05963326
v -0.57375199 1.47123486 1.05963326
v -0.57375199 1.47123486 1.05963326
v -0.56454700 1.31119278 1.22982119
v -0.56454700 1.31119278 1.22982119
v -0.56454700 1.31119278 1.22982119
v -0.56454700 1.31119278 1.22982119
v -0.38994700 1.20833779 1.38100716
v -0.38994700 1.20833779 1.38100716
v -0.38994700 1.20833779 1.38100716
v -0.38994700 1.20833779 1.38100716
v -0.20746100 1.15490376 1.44906218
v -0.20746100 1.15490376 1.44906218
v -0.20746100 1.15490376 1.44906218
v -0.20746100 1.15490376 1.44906218
v -0.30563399 1.63245894 0.59055827
v -0.30563399 1.63245894 0.59055827
v -0.30563399 1.63245894 0.59055827
v -0.45400000 1.55432891 0.77984925
v -0.45400000 1.55432891 0.77984925
v -0.45400000 1.55432891 0.77984925
v -0.45400000 1.55432891 0.77984925
v -0.13997100 1.63012189 0.35741527
v -0.13997100 1.63012189 0.35741527
v -0.13997100 1.63012189 0.35741527
v -0.13997100 1.63012189 0.35741527
v -0.29063001 1.59339087 0.43202427
v -0.29063001 1.59339087 0.43202427
v -0.60962099 1.35496183 0.96979021
v -0.60962099 1.35496183 0.96979021
v -0.60962099 1.35496183 0.96979021
v -0.60962099 1.35496183 0.96979021
v -0.59059203 1.18998783 1.13545724
v -0.59059203 1.18998783 1.13545724
v -0.59059203 1.18998783 1.13545724
v -0.59059203 1.18998783 1.13545724
v -0.42010599 1.06221583 1.27770919
v -0.42010599 1.06221583 1.27770919
v -0.42010599 1.06221583 1.27770919
v -0.42010599 1.06221583 1.27770919
v -0.21753900 1.00829674 1.33631711
v -0.21753900 1.00829674 1.33631711
v -0.21753900 1.00829674 1.33631711
v -0.21753900 1.00829674 1.33631711
v -0.33658099 1.50508289 0.43117525
v -0.33658099 1.50508289 0.43117525
v -0.33658099 1.50508289 0.43117525
v -0.33658099 1.50508289 0.43117525
v -0.46210599 1.37959185 0.54134023
v -0.46210599 1.37959185 0.54134023
v -0.46210599 1.37959185 0.54134023
v -0.46210599 1.37959185 0.54134023
v -0.13957199 1.45929001 0.10824224
v -0.13957199 1.45929001 0.10824224
v -0.13957199 1.45929001 0.10824224
v -0.13957199 1.45929001 0.10824224
v -0.13957199 1.45929001 0.10824224
v -0.24259999 1.44878301 0.16345524
v -0.24259999 1.44878301 0.16345524
v -0.62994999 1.14596092 0.76641817
v -0.62994999 1.14596092 0.76641817
v -0.62994999 1.14596092 0.76641817
v -0.62994999 1.14596092 0.76641817
v -0.60435498 1.02098688 0.93469714
v -0.60435498 1.02098688 0.93469714
v -0.60435498 1.02098688 0.93469714
v -0.60435498 1.02098688 0.93469714
v -0.43425500 0.90337181 1.09051314
v -0.43425500 0.90337181 1.09051314
v -0.43425500 0.90337181 1.09051314
v -0.43425500 0.90337181 1.09051314
v -0.22050799 0.84648983 1.14049413
v -0.22050799 0.84648983 1.14049413
v -0.22050799 0.84648983 1.14049413
v -0.22050799 0.84648983 1.14049413
v -0.23193499 1.37909900 0.08703123
v -0.23193499 1.37909900 0.08703123
v -0.23193499 1.37909900 0.08703123
v -0.23193499 1.37909900 0.08703123
v -0.23193499 1.37909900 0.08703123
v -0.49092299 1.19981200 0.32697620
v -0.49092299 1.19981200 0.32697620
v -0.49092299 1.19981200 0.32697620
v -0.49092299 1.19981200 0.32697620
v -0.60026598 1.00559189 0.57574915
v -0.60026598 1.00559189 0.57574915
v -0.60026598 1.00559189 0.57574915
v -0.60026598 1.00559189 0.57574915
v -0.56706297 0.89538186 0.73161414
v -0.56706297 0.89538186 0.73161414
v -0.56706297 0.89538186 0.73161414
v -0.56706297 0.89538186 0.73161414
v -0.39719099 0.77712384 0.87229414
v -0.39719099 0.77712384 0.87229414
v -0.39719099 0.77712384 0.87229414
v -0.39719099 0.77712384 0.87229414
v -0.20755400 0.71568188 0.91735011
v -0.20755400 0.71568188 0.91735011
v -0.20755400 0.71568188 0.91735011
v -0.20755400 0.71568188 0.91735011
v -0.24534000 1.29732704 -0.00411178
v -0.24534000 1.29732704 -0.00411178
v -0.24534000 1.29732704 -0.00411178
v -0.24534000 1.29732704 -0.00411178
v -0.47053501 1.11350294 0.21678419
v -0.47053501 1.11350294 0.21678419
v -0.47053501 1.11350294 0.21678419
v -0.47053501 1.11350294 0.21678419
v -0.13681599 1.31177200 -0.07520378
v -0.13681599 1.31177200 -0.07520378
v -0.13681599 1.31177200 -0.07520378
v -0.13681599 1.31177200 -0.07520378
v -0.57947499 0.92714892 0.43736417
v -0.57947499 0.92714892 0.43736417
v -0.57947499 0.92714892 0.43736417
v -0.57947499 0.92714892 0.43736417
v -0.53616500 0.80125388 0.57472612
v -0.53616500 0.80125388 0.57472612
v -0.53616500 0.80125388 0.57472612
v -0.53616500 0.80125388 0.57472612
v -0.37565100 0.67647791 0.69161713
v -0.37565100 0.67647791 0.69161713
v -0.37565100 0.67647791 0.69161713
v -0.37565100 0.67647791 0.69161713
v -0.19022900 0.62546485 0.74710213
v -0.19022900 0.62546485 0.74710213
v -0.19022900 0.62546485 0.74710213
v -0.19022900 0.62546485 0.74710213
v -0.28505400 1.08019307 -0.18981781
v -0.28505400 1.08019307 -0.18981781
v -0.28505400 1.08019307 -0.18981781
v -0.28505400 1.08019307 -0.18981781
v -0.41740400 0.92997099 -0.06488784
v -0.41740400 0.92997099 -0.06488784
v -0.41740400 0.92997099 -0.06488784
v -0.41740400 0.92997099 -0.06488784
v -0.13722800 1.15611009 -0.22802581
v -0.13722800 1.15611009 -0.22802581
v -0.13722800 1.15611009 -0.22802581
v -0.13722800 1.15611009 -0.22802581
v -0.51396102 0.77088598 0.14075613
v -0.51396102 0.77088598 0.14075613
v -0.51396102 0.77088598 0.14075613
v -0.51396102 0.77088598 0.14075613
v -0.51396102 0.77088598 0.14075613
v -0.49230701 0.70160496 0.38861111
v -0.49230701 0.70160496 0.38861111
v -0.49230701 0.70160496 0.38861111
v -0.39314699 0.49499292 0.50615307
v -0.39314699 0.49499292 0.50615307
v -0.39314699 0.49499292 0.50615307
v -0.39314699 0.49499292 0.50615307
v -0.24582100 0.46013692 0.53664406
v -0.24582100 0.46013692 0.53664406
v -0.24582100 0.46013692 0.53664406
v -0.14449000 0.43905190 0.49843807
v -0.14449000 0.43905190 0.49843807
v -0.14449000 0.43905190 0.49843807
v -0.14449000 0.43905190 0.49843807
v -0.14449000 0.43905190 0.49843807
v -0.43710601 0.53687393 0.39623010
v -0.43710601 0.53687393 0.39623010
v -0.43710601 0.53687393 0.39623010
v -0.43710601 0.53687393 0.39623010
v -0.06243400 0.38645693 0.39476207
v -0.06243400 0.38645693 0.39476207
v -0.06243400 0.38645693 0.39476207
v -0.06243400 0.38645693 0.39476207
v -0.06243400 0.38645693 0.39476207
v -0.39586699 0.47211596 0.22200108
v -0.39586699 0.47211596 0.22200108
v -0.39586699 0.47211596 0.22200108
v -0.39586699 0.47211596 0.22200108
v -0.39586699 0.47211596 0.22200108
v -0.16866000 0.34657695 0.21630806
v -0.16866000 0.34657695 0.21630806
v -0.16866000 0.34657695 0.21630806
v -0.16866000 0.34657695 0.21630806
v -0.16866000 0.34657695 0.21630806
v -0.16866000 0.34657695 0.21630806
v -0.16866000 0.34657695 0.21630806
v -0.42648500 0.67536903 -0.04938489
v -0.42648500 0.67536903 -0.04938489
v -0.42648500 0.67536903 -0.04938489
v -0.42648500 0.67536903 -0.04938489
v -0.33923301 0.45003799 -0.01395892
v -0.33923301 0.45003799 -0.01395892
v -0.33923301 0.45003799 -0.01395892
v -0.33923301 0.45003799 -0.01395892
v -0.11763600 0.30439299 0.00086105
v -0.11763600 0.30439299 0.00086105
v -0.11763600 0.30439299 0.00086105
v -0.11763600 0.30439299 0.00086105
v -0.31227800 0.54613704 -0.40907889
v -0.31227800 0.54613704 -0.40907889
v -0.31227800 0.54613704 -0.40907889
v -0.31227800 0.54613704 -0.40907889
v -0.28475201 0.44478608 -0.37627892
v -0.28475201 0.44478608 -0.37627892
v -0.28475201 0.44478608 -0.37627892
v -0.28475201 0.44478608 -0.37627892
v -0.15584700 0.38451907 -0.33822193
v -0.15584700 0.38451907 -0.33822193
v -0.15584700 0.38451907 -0.33822193
v -0.15584700 0.38451907 -0.33822193
v -0.27906099 0.40116399 0.01457207
v -0.27906099 0.40116399 0.01457207
v -0.27906099 0.40116399 0.01457207
v -0.27906099 0.40116399 0.01457207
v -0.27906099 0.40116399 0.01457207
v -0.29321200 0.38576015 -0.85333496
v -0.29321200 0.38576015 -0.85333496
v -0.27673799 0.31748214 -0.84344096
v -0.27673799 0.31748214 -0.84344096
v -0.15200700 0.26816314 -0.82967396
v -0.15200700 0.26816314 -0.82967396
v -0.28086200 0.16805024 -1.39117500
v -0.28086200 0.16805024 -1.39117500
v -0.28086200 0.16805024 -1.39117500
v -0.25856200 0.20016223 -1.41099891
v -0.25856200 0.20016223 -1.41099891
v -0.25856200 0.20016223 -1.41099891
v -0.25856200 0.20016223 -1.41099891
v -0.24117699 -0.08707268 -1.89278306
v -0.24117699 -0.08707268 -1.89278306
v -0.24117699 -0.08707268 -1.89278306
v -0.24117699 -0.08707268 -1.89278306
v -0.26742500 0.13217423 -1.37477694
v -0.26742500 0.13217423 -1.37477694
v -0.26742500 0.13217423 -1.37477694
v -0.26742500 0.13217423 -1.37477694
v -0.14497000 -0.10086565 -2.08111693
v -0.14497000 -0.10086565 -2.08111693
v -0.14497000 -0.10086565 -2.08111693
v -0.14497000 -0.10086565 -2.08111693
v -0.14497000 -0.10086565 -2.08111693
v -0.14497000 -0.10086565 -2.08111693
v -0.14754599 0.11364423 -1.35894702
v -0.14754599 0.11364423 -1.35894702
v -0.14754599 0.11364423 -1.35894702
v -0.14754599 0.11364423 -1.35894702
v -0.21081600 0.24855425 -1.44490393
v -0.21081600 0.24855425 -1.44490393
v -0.21081600 0.24855425 -1.44490393
v -0.21081600 0.24855425 -1.44490393
v -0.23534000 -0.07342668 -1.89134599
v -0.23534000 -0.07342668 -1.89134599
v -0.23534000 -0.07342668 -1.89134599
v -0.13186300 0.92483708 -0.52738687
v -0.13186300 0.92483708 -0.52738687
v -0.13186300 0.92483708 -0.52738687
v -0.13186300 0.92483708 -0.52738687
v -0.24943000 0.83235605 -0.43920586
v -0.24943000 0.83235605 -0.43920586
v -0.24943000 0.83235605 -0.43920586
v -0.24943000 0.83235605 -0.43920586
v -0.29163301 0.69654305 -0.43346587
v -0.29163301 0.69654305 -0.43346587
v -0.29163301 0.69654305 -0.43346587
v -0.29163301 0.69654305 -0.43346587
v -0.23156901 0.56232015 -0.90438893
v -0.23156901 0.56232015 -0.90438893
v -0.27134600 0.47841415 -0.87614689
v -0.27134600 0.47841415 -0.87614689
v -0.13107599 0.62794415 -0.96261890
v -0.13107599 0.62794415 -0.96261890
v -0.13016300 0.28297324 -1.46833391
v -0.13016300 0.28297324 -1.46833391
v -0.13016300 0.28297324 -1.46833391
v -0.13016300 0.28297324 -1.46833391
v -0.38390100 1.70696086 1.04999833
v -0.38390100 1.70696086 1.04999833
v -0.38390100 1.70696086 1.04999833
v -0.38390100 1.70696086 1.04999833
v -0.45208001 1.55357788 0.84563627
v -0.45208001 1.55357788 0.84563627
v -0.45208001 1.55357788 0.84563627
v -0.45208001 1.55357788 0.84563627
v -0.45208001 1.55357788 0.84563627
v -0.55075997 1.62549481 0.84980229
v -0.55075997 1.62549481 0.84980229
v -0.53743500 1.59991376 1.17619231
v -0.53743500 1.59991376 1.17619231
v -0.40420899 1.73314983 1.03625935
v -0.40420899 1.73314983 1.03625935
v -0.40420899 1.73314983 1.03625935
v -0.40420899 1.73314983 1.03625935
v -0.51973599 1.57359878 1.18987229
v -0.51973599 1.57359878 1.18987229
v -0.51973599 1.57359878 1.18987229
v -0.53557903 1.33234996 0.32040922
v -0.53557903 1.33234996 0.32040922
v -0.49763599 1.42056088 0.44064024
v -0.49763599 1.42056088 0.44064024
v -0.62527102 1.44540687 0.94604922
v -0.62527102 1.44540687 0.94604922
v -0.62527102 1.44540687 0.94604922
v -0.67570102 1.39564078 1.14484524
v -0.67570102 1.39564078 1.14484524
v -0.67570102 1.39564078 1.14484524
v -0.67570102 1.39564078 1.14484524
v -0.65439802 1.36769586 1.13467025
v -0.65439802 1.36769586 1.13467025
v -0.65439802 1.36769586 1.13467025
v -0.65439802 1.36769586 1.13467025
v -0.62635499 1.41892786 0.97699124
v -0.62635499 1.41892786 0.97699124
v -0.59606898 1.36992194 0.62165623
v -0.59606898 1.36992194 0.62165623
v -0.62141699 1.44707082 0.81847627
v -0.62141699 1.44707082 0.81847627
v -0.62141699 1.44707082 0.81847627
v -0.62141699 1.44707082 0.81847627
v -0.62559497 1.31953287 0.69314919
v -0.62559497 1.31953287 0.69314919
v -0.62559497 1.31953287 0.69314919
v -0.62559497 1.31953287 0.69314919
v -0.62559497 1.31953287 0.69314919
v -0.62559497 1.31953287 0.69314919
v -0.70911902 1.13576087 0.88730420
v -0.70911902 1.13576087 0.88730420
v -0.70911902 1.13576087 0.88730420
v -0.70911902 1.13576087 0.88730420
v -0.57212001 1.38442685 0.63028722
v -0.57212001 1.38442685 0.63028722
v -0.57212001 1.38442685 0.63028722
v -0.66170102 1.04263689 0.61447316
v -0.66170102 1.04263689 0.61447316
v -0.66170102 1.04263689 0.61447316
v -0.21482401 0.78608115 -0.80968885
v -0.21482401 0.78608115 -0.80968885
v -0.22306301 0.72552712 -0.80302488
v -0.17364600 0.84513315 -0.82221887
v -0.19494499 0.76164714 -0.93309986
v -0.19494499 0.76164714 -0.93309986
v -0.20834900 0.72453818 -0.87254190
v -0.16605499 0.82122317 -0.88254784
v -0.54208100 1.21026690 0.29052621
v -0.58310801 1.13742096 0.30699919
v -0.61206597 1.06269390 0.32935619
v -0.51765800 1.16283295 0.13988419
v -0.52066302 1.13822101 0.11379919
v -0.54203498 1.09074997 0.08229118
v -0.55060101 1.10434303 0.14837018
v -0.55271399 1.05143998 0.13150918
v -0.56852502 1.04185900 0.16476817
v -0.08326100 2.17509166 1.93358434
v -0.08326100 2.17509166 1.93358434
v -0.08326100 2.17509166 1.93358434
v -0.08326100 2.17509166 1.93358434
v -0.06373600 2.18596664 1.93403042
v -0.06373600 2.18596664 1.93403042
v -0.06373600 2.18596664 1.93403042
v -0.06373600 2.18596664 1.93403042
v -0.06547100 2.16966572 1.95945443
v -0.06547100 2.16966572 1.95945443
v -0.06547100 2.16966572 1.95945443
v -0.06547100 2.16966572 1.95945443
v -0.07692900 2.16413775 1.95674742
v -0.07692900 2.16413775 1.95674742
v -0.07692900 2.16413775 1.95674742
v -0.07692900 2.16413775 1.95674742
v -0.07050600 2.16847077 1.94155241
v -0.07050600 2.16847077 1.94155241
v -0.07050600 2.16847077 1.94155241
v -0.07050600 2.16847077 1.94155241
v -0.32578099 1.36877200 0.16982122
v -0.35489699 1.32480501 0.04401522
v -0.41918001 1.31502699 0.05489122
v -0.39603901 1.35558995 0.23362123
v -0.47249699 1.29002999 0.07199522
v -0.45292899 1.35728795 0.31904622
v -0.37630999 1.31651497 -0.01177078
v -0.42045301 1.30348099 -0.04153978
v -0.45949900 1.29466903 0.00964322
v -0.48307100 1.35394388 0.38834523
v -0.39447200 1.23938002 -0.09193979
v -0.42909801 1.18503500 -0.08574880
v -0.52232802 1.28759687 0.39489422
v -0.45001900 1.12411500 -0.07594481
v -0.55150300 1.22145288 0.40471321
v -0.32005900 1.15988405 -0.43404279
v -0.32114300 1.13686904 -0.49149980
v -0.34726000 1.09101114 -0.53144979
v -0.35869899 1.11174209 -0.42922180
v -0.36427200 1.05667504 -0.48329982
v -0.38032600 1.05455608 -0.41942781
v -0.35751000 0.33913898 0.21670106
v -0.35751000 0.33913898 0.21670106
v -0.35751000 0.33913898 0.21670106
v -0.35751000 0.33913898 0.21670106
v -0.32441500 0.41176096 0.15303108
v -0.32441500 0.41176096 0.15303108
v -0.32441500 0.41176096 0.15303108
v -0.26140001 0.32845298 0.15721006
v -0.26140001 0.32845298 0.15721006
v -0.26140001 0.32845298 0.15721006
v -0.26140001 0.32845298 0.15721006
v -0.26140001 0.32845298 0.15721006
v -0.14762799 0.38219597 0.22064907
v -0.14762799 0.38219597 0.22064907
v -0.13034900 0.33013994 0.32516706
v -0.13034900 0.33013994 0.32516706
v -0.13034900 0.33013994 0.32516706
v -0.13034900 0.33013994 0.32516706
v -0.16866000 0.30398392 0.40716305
v -0.16866000 0.30398392 0.40716305
v -0.16866000 0.30398392 0.40716305
v -0.16866000 0.30398392 0.40716305
v -0.26115099 0.28383093 0.44218706
v -0.26115099 0.28383093 0.44218706
v -0.26115099 0.28383093 0.44218706
v -0.26115099 0.28383093 0.44218706
v -0.35440499 0.30398392 0.40716305
v -0.35440499 0.30398392 0.40716305
v -0.35440499 0.30398392 0.40716305
v -0.35440499 0.30398392 0.40716305
v -0.39582101 0.32975495 0.32518705
v -0.39582101 0.32975495 0.32518705
v -0.39582101 0.32975495 0.32518705
v -0.39582101 0.32975495 0.32518705
v -0.29993501 -0.28252410 0.63560797
v -0.29993501 -0.28252410 0.63560797
v -0.29993501 -0.28166612 0.67199494
v -0.36780399 -0.28227310 0.63860197
v -0.36780399 -0.28227310 0.63860197
v -0.36780399 -0.28227310 0.63860197
v -0.36780399 -0.28227310 0.63860197
v -0.24392200 -0.28227212 0.64626594
v -0.24392200 -0.28227212 0.64626594
v -0.24392200 -0.28227212 0.64626594
v -0.24392200 -0.28227212 0.64626594
v -0.23575699 -0.28166612 0.67199494
v -0.23575699 -0.28166612 0.67199494
v -0.22435500 -0.28105911 0.69772495
v -0.22435500 -0.28105911 0.69772495
v -0.22435500 -0.28105911 0.69772495
v -0.22435500 -0.28105911 0.69772495
v -0.29993501 -0.28080812 0.70838298
v -0.29993501 -0.28080812 0.70838298
v -0.32567200 -0.28105911 0.69772495
v -0.32567200 -0.28105911 0.69772495
v -0.38443500 -0.28166612 0.67199494
v -0.38443500 -0.28166612 0.67199494
v -0.38443500 -0.28166612 0.67199494
v -0.26924300 0.22604297 0.19066004
v -0.26924300 0.22604297 0.19066004
v -0.26924300 0.22604297 0.19066004
v -0.26924300 0.22604297 0.19066004
v -0.35733199 0.22809296 0.22709004
v -0.35733199 0.22809296 0.22709004
v -0.35733199 0.22809296 0.22709004
v -0.35733199 0.22809296 0.22709004
v -0.18115500 0.22809296 0.22709004
v -0.18115500 0.22809296 0.22709004
v -0.18115500 0.22809296 0.22709004
v -0.18115500 0.22809296 0.22709004
v -0.14466800 0.23304295 0.31503905
v -0.14466800 0.23304295 0.31503905
v -0.14466800 0.23304295 0.31503905
v -0.14466800 0.23304295 0.31503905
v -0.18115500 0.23799393 0.40298803
v -0.18115500 0.23799393 0.40298803
v -0.18115500 0.23799393 0.40298803
v -0.18115500 0.23799393 0.40298803
v -0.26924300 0.24004193 0.43941803
v -0.26924300 0.24004193 0.43941803
v -0.26924300 0.24004193 0.43941803
v -0.26924300 0.24004193 0.43941803
v -0.35733199 0.23799393 0.40298803
v -0.35733199 0.23799393 0.40298803
v -0.35733199 0.23799393 0.40298803
v -0.35733199 0.23799393 0.40298803
v -0.39381900 0.23304295 0.31503905
v -0.39381900 0.23304295 0.31503905
v -0.39381900 0.23304295 0.31503905
v -0.39381900 0.23304295 0.31503905
v -0.26924300 0.11210596 0.23666102
v -0.26924300 0.11210596 0.23666102
v -0.34658799 0.12398896 0.26641201
v -0.34658799 0.12398896 0.26641201
v -0.19189800 0.12398896 0.26641201
v -0.19189800 0.12398896 0.26641201
v -0.15986100 0.15268594 0.33823603
v -0.15986100 0.15268594 0.33823603
v -0.19189800 0.18137993 0.41006103
v -0.19189800 0.18137993 0.41006103
v -0.26924300 0.19326893 0.43981204
v -0.26924300 0.19326893 0.43981204
v -0.34658799 0.18137993 0.41006103
v -0.34658799 0.18137993 0.41006103
v -0.37862599 0.15268594 0.33823603
v -0.37862599 0.15268594 0.33823603
v -0.26924300 0.03736095 0.27592600
v -0.26924300 0.03736095 0.27592600
v -0.34207001 0.05467095 0.30063100
v -0.34207001 0.05467095 0.30063100
v -0.19641601 0.05467095 0.30063100
v -0.19641601 0.05467095 0.30063100
v -0.16625001 0.09645894 0.36027502
v -0.16625001 0.09645894 0.36027502
v -0.19641601 0.13824892 0.41991904
v -0.19641601 0.13824892 0.41991904
v -0.26924300 0.15555793 0.44462403
v -0.26924300 0.15555793 0.44462403
v -0.34207001 0.13824892 0.41991904
v -0.34207001 0.13824892 0.41991904
v -0.37223601 0.09645894 0.36027502
v -0.37223601 0.09645894 0.36027502
v -0.26924300 -0.03265906 0.34796899
v -0.26924300 -0.03265906 0.34796899
v -0.32987899 -0.01391806 0.36469099
v -0.32987899 -0.01391806 0.36469099
v -0.20860800 -0.01391806 0.36469099
v -0.20860800 -0.01391806 0.36469099
v -0.18349101 0.03132293 0.40506301
v -0.18349101 0.03132293 0.40506301
v -0.20860800 0.07656392 0.44543402
v -0.20860800 0.07656392 0.44543402
v -0.26924300 0.09530493 0.46215703
v -0.26924300 0.09530493 0.46215703
v -0.32987899 0.07656392 0.44543402
v -0.32987899 0.07656392 0.44543402
v -0.35499501 0.03132293 0.40506301
v -0.35499501 0.03132293 0.40506301
v -0.29993501 -0.20824409 0.58206799
v -0.29993501 -0.20824409 0.58206799
v -0.29993501 -0.20824409 0.58206799
v -0.29993501 -0.20824409 0.58206799
v -0.35389000 -0.21538010 0.60049894
v -0.35389000 -0.21538010 0.60049894
v -0.35389000 -0.21538010 0.60049894
v -0.35389000 -0.21538010 0.60049894
v -0.35389000 -0.21538010 0.60049894
v -0.24598099 -0.21538010 0.60049894
v -0.24598099 -0.21538010 0.60049894
v -0.24598099 -0.21538010 0.60049894
v -0.24598099 -0.21538010 0.60049894
v -0.24598099 -0.21538010 0.60049894
v -0.22363199 -0.20426311 0.65597298
v -0.22363199 -0.20426311 0.65597298
v -0.22363199 -0.20426311 0.65597298
v -0.24598099 -0.19801112 0.70956394
v -0.24598099 -0.19801112 0.70956394
v -0.24598099 -0.19801112 0.70956394
v -0.24598099 -0.19801112 0.70956394
v -0.24598099 -0.19801112 0.70956394
v -0.24598099 -0.19801112 0.70956394
v -0.29993501 -0.19542413 0.73176196
v -0.29993501 -0.19542413 0.73176196
v -0.29993501 -0.19542413 0.73176196
v -0.29993501 -0.19542413 0.73176196
v -0.35389000 -0.19801112 0.70956394
v -0.35389000 -0.19801112 0.70956394
v -0.35389000 -0.19801112 0.70956394
v -0.35389000 -0.19801112 0.70956394
v -0.35389000 -0.19801112 0.70956394
v -0.35389000 -0.19801112 0.70956394
v -0.37623799 -0.20426311 0.65597298
v -0.37623799 -0.20426311 0.65597298
v -0.37623799 -0.20426311 0.65597298
v -0.37623799 -0.20426311 0.65597298
v -0.29993501 -0.20429213 0.76627197
v -0.29993501 -0.20429213 0.76627197
v -0.27794099 -0.21567313 0.77102199
v -0.27794099 -0.21567313 0.77102199
v -0.27794099 -0.21567313 0.77102199
v -0.27794099 -0.21567313 0.77102199
v -0.27794099 -0.21567313 0.77102199
v -0.22196101 -0.23563212 0.70208295
v -0.22196101 -0.23563212 0.70208295
v -0.20072500 -0.25100414 0.76008095
v -0.20072500 -0.25100414 0.76008095
v -0.20072500 -0.25100414 0.76008095
v -0.20072500 -0.28110213 0.76608993
v -0.20072500 -0.28110213 0.76608993
v -0.20072500 -0.28110213 0.76608993
v -0.27033600 -0.28110213 0.77851195
v -0.27033600 -0.28110213 0.77851195
v -0.29993501 -0.28085114 0.77305998
v -0.32314801 -0.21567313 0.77102199
v -0.32314801 -0.21567313 0.77102199
v -0.32314801 -0.21567313 0.77102199
v -0.32314801 -0.21567313 0.77102199
v -0.32314801 -0.21567313 0.77102199
v -0.33075300 -0.28110213 0.77851195
v -0.33075300 -0.28110213 0.77851195
v -0.39387900 -0.28105911 0.69772495
v -0.39387900 -0.28105911 0.69772495
v -0.39387900 -0.28105911 0.69772495
v -0.39387900 -0.28105911 0.69772495
v -0.40483800 -0.28110213 0.76608993
v -0.40483800 -0.28110213 0.76608993
v -0.40483800 -0.28110213 0.76608993
v -0.40483800 -0.25100414 0.76008095
v -0.40483800 -0.25100414 0.76008095
v -0.40483800 -0.25100414 0.76008095
v -0.38730401 -0.23563212 0.68853696
v -0.38730401 -0.23563212 0.68853696
v -0.29905000 -0.22620110 0.58332398
v -0.29905000 -0.22620110 0.58332398
v -0.32417199 -0.23706810 0.58906098
v -0.32417199 -0.23706810 0.58906098
v -0.36780399 -0.24788811 0.63141693
v -0.36780399 -0.24788811 0.63141693
v -0.34908900 -0.25782309 0.59943195
v -0.34908900 -0.28245412 0.61161495
v -0.34908900 -0.28245412 0.61161495
v -0.29905000 -0.28288711 0.61129798
v -0.27392700 -0.23706810 0.58906098
v -0.27392700 -0.23706810 0.58906098
v -0.25316799 -0.28245310 0.61161495
v -0.25316799 -0.28245310 0.61161495
v -0.25316799 -0.25782211 0.59943195
v -0.24392200 -0.24788811 0.63966896
v -0.24392200 -0.24788811 0.63966896
v -0.29905000 -0.23556710 0.57126798
v -0.29905000 -0.23556710 0.57126798
v -0.31968001 -0.24499010 0.57406994
v -0.31968001 -0.24499010 0.57406994
v -0.27841899 -0.24499010 0.57406994
v -0.27841899 -0.24499010 0.57406994
v -0.26876399 -0.28604911 0.58437992
v -0.26876399 -0.28604911 0.58437992
v -0.26876399 -0.26396809 0.57884695
v -0.29905000 -0.28636510 0.58393593
v -0.29905000 -0.28636510 0.58393593
v -0.32933599 -0.28604911 0.58437992
v -0.32933599 -0.28604911 0.58437992
v -0.32933599 -0.26396809 0.57884695
v -0.29993501 -0.24219209 0.51832195
v -0.29993501 -0.24219209 0.51832195
v -0.29993501 -0.24219209 0.51832195
v -0.29993501 -0.24219209 0.51832195
v -0.32188100 -0.25172409 0.52068897
v -0.32188100 -0.25172409 0.52068897
v -0.32188100 -0.25172409 0.52068897
v -0.32188100 -0.25172409 0.52068897
v -0.27798900 -0.25172409 0.52068897
v -0.27798900 -0.25172409 0.52068897
v -0.27798900 -0.25172409 0.52068897
v -0.27798900 -0.25172409 0.52068897
v -0.26771700 -0.29895008 0.53241194
v -0.26771700 -0.29895008 0.53241194
v -0.26771700 -0.29895008 0.53241194
v -0.26771700 -0.29895008 0.53241194
v -0.26771700 -0.27417710 0.52626295
v -0.26771700 -0.27417710 0.52626295
v -0.29993501 -0.29914308 0.53246094
v -0.29993501 -0.29914308 0.53246094
v -0.29993501 -0.29914308 0.53246094
v -0.29993501 -0.29914308 0.53246094
v -0.33215299 -0.29895008 0.53241194
v -0.33215299 -0.29895008 0.53241194
v -0.33215299 -0.29895008 0.53241194
v -0.33215299 -0.29895008 0.53241194
v -0.33215299 -0.27417710 0.52626295
v -0.33215299 -0.27417710 0.52626295
v -0.29993501 -0.26034510 0.50490894
v -0.29993501 -0.26034510 0.50490894
v -0.29993501 -0.26034510 0.50490894
v -0.29993501 -0.26034510 0.50490894
v -0.31625599 -0.26857307 0.50695194
v -0.31625599 -0.26857307 0.50695194
v -0.31625599 -0.26857307 0.50695194
v -0.31625599 -0.26857307 0.50695194
v -0.32389501 -0.28410607 0.51080794
v -0.32389501 -0.28410607 0.51080794
v -0.32389501 -0.28410607 0.51080794
v -0.32204899 -0.29941007 0.51460696
v -0.32204899 -0.29941007 0.51460696
v -0.32204899 -0.29941007 0.51460696
v -0.32204899 -0.29941007 0.51460696
v -0.29993501 -0.29960510 0.51465494
v -0.29993501 -0.29960510 0.51465494
v -0.29993501 -0.29960510 0.51465494
v -0.29993501 -0.29960510 0.51465494
v -0.28361401 -0.26857307 0.50695194
v -0.28361401 -0.26857307 0.50695194
v -0.28361401 -0.26857307 0.50695194
v -0.28361401 -0.26857307 0.50695194
v -0.27782100 -0.29941007 0.51460696
v -0.27782100 -0.29941007 0.51460696
v -0.27782100 -0.29941007 0.51460696
v -0.27782100 -0.29941007 0.51460696
v -0.27597600 -0.28410607 0.51080794
v -0.27597600 -0.28410607 0.51080794
v -0.27597600 -0.28410607 0.51080794
v -0.37704501 -0.21398013 0.75871595
v -0.37704501 -0.21398013 0.75871595
v -0.37704501 -0.21398013 0.75871595
v -0.37704501 -0.21398013 0.75871595
v -0.21921000 -0.21398013 0.75871595
v -0.21921000 -0.21398013 0.75871595
v -0.21921000 -0.21398013 0.75871595
v -0.21921000 -0.21398013 0.75871595
v -0.31089401 -0.30166008 0.47765095
v -0.31089401 -0.30166008 0.47765095
v -0.31089401 -0.30166008 0.47765095
v -0.31089401 -0.30166008 0.47765095
v -0.31089401 -0.30166008 0.47765095
v -0.29993501 -0.32020007 0.44746593
v -0.29993501 -0.32020007 0.44746593
v -0.29993501 -0.32020007 0.44746593
v -0.29993501 -0.32020007 0.44746593
v -0.29993501 -0.32020007 0.44746593
v -0.29993501 -0.32020007 0.44746593
v -0.29993501 -0.30464809 0.47839294
v -0.29993501 -0.30464809 0.47839294
v -0.29993501 -0.30464809 0.47839294
v -0.29993501 -0.30464809 0.47839294
v -0.28897700 -0.30166008 0.47765095
v -0.28897700 -0.30166008 0.47765095
v -0.28897700 -0.30166008 0.47765095
v -0.28897700 -0.30166008 0.47765095
v -0.28897700 -0.30166008 0.47765095
v -0.29247001 -0.28646209 0.47387795
v -0.29247001 -0.28646209 0.47387795
v -0.29247001 -0.28646209 0.47387795
v -0.29247001 -0.28646209 0.47387795
v -0.29993501 -0.27693008 0.47151194
v -0.29993501 -0.27693008 0.47151194
v -0.29993501 -0.27693008 0.47151194
v -0.29993501 -0.27693008 0.47151194
v -0.30739999 -0.28646209 0.47387795
v -0.30739999 -0.28646209 0.47387795
v -0.30739999 -0.28646209 0.47387795
v -0.30739999 -0.28646209 0.47387795
v -0.32881901 -0.26669714 0.90871693
v -0.31806701 -0.24096816 0.90718998
v -0.31806701 -0.24096816 0.90718998
v -0.31806701 -0.22490414 0.83173796
v -0.31806701 -0.22490414 0.83173796
v -0.32881901 -0.24308015 0.83476194
v -0.32881901 -0.28357413 0.83710397
v -0.32881901 -0.28357413 0.83710397
v -0.32881901 -0.30077917 0.90871693
v -0.32881901 -0.30077917 0.90871693
v -0.29993501 -0.28332313 0.83981998
v -0.29993501 -0.28332313 0.83981998
v -0.29993501 -0.30052716 0.90871693
v -0.27105099 -0.28357413 0.83710397
v -0.27105099 -0.28357413 0.83710397
v -0.27105099 -0.30077917 0.90871693
v -0.27105099 -0.30077917 0.90871693
v -0.27105099 -0.24308015 0.83476194
v -0.27105099 -0.26669714 0.90871693
v -0.28180301 -0.22490414 0.83173796
v -0.28180301 -0.22490414 0.83173796
v -0.28180301 -0.24096816 0.90718998
v -0.28180301 -0.24096816 0.90718998
v -0.29993501 -0.21992814 0.83414098
v -0.29993501 -0.21992814 0.83414098
v -0.29993501 -0.23599215 0.90718999
v -0.29993501 -0.23599215 0.90718999
v -0.31806701 -0.21910913 0.79286697
v -0.31806701 -0.21910913 0.79286697
v -0.29993501 -0.21062213 0.79936096
v -0.29993501 -0.21062213 0.79936096
v -0.34852999 -0.25089614 0.79390295
v -0.34852999 -0.25089614 0.79390295
v -0.34852999 -0.25089614 0.79390295
v -0.34852999 -0.25089614 0.79390295
v -0.33075300 -0.25100414 0.77250298
v -0.33075300 -0.25100414 0.77250298
v -0.33075300 -0.25100414 0.77250298
v -0.34873700 -0.28110214 0.79901994
v -0.34873700 -0.28110214 0.79901994
v -0.34873700 -0.28110214 0.79901994
v -0.34873700 -0.28110214 0.79901994
v -0.34873700 -0.28110214 0.79901994
v -0.34873700 -0.28110214 0.79901994
v -0.29993501 -0.28085114 0.80460097
v -0.29993501 -0.28085114 0.80460097
v -0.29993501 -0.28085114 0.80460097
v -0.25619799 -0.28110214 0.79833097
v -0.25619799 -0.28110214 0.79833097
v -0.25619799 -0.28110214 0.79833097
v -0.25619799 -0.28110214 0.79833097
v -0.25619799 -0.28110214 0.79833097
v -0.25619799 -0.28110214 0.79833097
v -0.27033600 -0.25100414 0.77250298
v -0.27033600 -0.25100414 0.77250298
v -0.27033600 -0.25100414 0.77250298
v -0.25628701 -0.25086214 0.79319598
v -0.25628701 -0.25086214 0.79319598
v -0.25628701 -0.25086214 0.79319598
v -0.25628701 -0.25086214 0.79319598
v -0.25628701 -0.25086214 0.79319598
v -0.28180301 -0.21910913 0.79286697
v -0.28180301 -0.21910913 0.79286697
v -0.27656299 -0.26699517 0.92233093
v -0.27656299 -0.26699517 0.92233093
v -0.27656299 -0.26699517 0.92233093
v -0.27624500 -0.30077917 0.91925693
v -0.27624500 -0.30077917 0.91925693
v -0.27624500 -0.30077917 0.91925693
v -0.27624500 -0.30077917 0.91925693
v -0.29993501 -0.30052716 0.91925693
v -0.29993501 -0.30052716 0.91925693
v -0.29993501 -0.30052716 0.91925693
v -0.32362500 -0.30077917 0.91925693
v -0.32362500 -0.30077917 0.91925693
v -0.32362500 -0.30077917 0.91925693
v -0.32362500 -0.30077917 0.91925693
v -0.32330799 -0.26699517 0.92233093
v -0.32330799 -0.26699517 0.92233093
v -0.32330799 -0.26699517 0.92233093
v -0.31460699 -0.25238816 0.92080297
v -0.31460699 -0.25238816 0.92080297
v -0.31460699 -0.25238816 0.92080297
v -0.31460699 -0.25238816 0.92080297
v -0.29993501 -0.24741215 0.92080297
v -0.29993501 -0.24741215 0.92080297
v -0.29993501 -0.24741215 0.92080297
v -0.29993501 -0.24741215 0.92080297
v -0.28526300 -0.25238816 0.92080297
v -0.28526300 -0.25238816 0.92080297
v -0.28526300 -0.25238816 0.92080297
v -0.28526300 -0.25238816 0.92080297
v -0.27688000 -0.28999115 0.92540396
v -0.27688000 -0.28999115 0.92540396
v -0.29993501 -0.28973917 0.92540396
v -0.29993501 -0.28973917 0.92540396
v -0.32299000 -0.28999115 0.92540396
v -0.32299000 -0.28999115 0.92540396
v -0.37975201 -0.24176011 0.66410293
v -0.37975201 -0.24176011 0.66410293
v -0.22916700 -0.24176011 0.66410293
v -0.34342101 -0.28110213 0.76608993
v -0.34342101 -0.28105911 0.69772495
v -0.34342101 -0.28105911 0.69772495
v -0.34492499 -0.20653712 0.75973996
v -0.34492499 -0.20653712 0.75973996
v -0.36289299 -0.25622313 0.83651598
v -0.36289299 -0.25622313 0.83651598
v -0.36478901 -0.28005313 0.83838297
v -0.36478901 -0.28005313 0.83838297
v -0.38910499 -0.28005313 0.83778198
v -0.37335601 -0.28110214 0.79940296
v -0.41487899 -0.28110214 0.79940296
v -0.41487899 -0.28110214 0.79940296
v -0.41652900 -0.28005313 0.83716793
v -0.41652900 -0.28005313 0.83716793
v -0.41647401 -0.25622313 0.83524795
v -0.41647401 -0.25622313 0.83524795
v -0.41487899 -0.25241314 0.79431297
v -0.41487899 -0.25241314 0.79431297
v -0.34953901 -0.22377713 0.79312196
v -0.34953901 -0.22377713 0.79312196
v -0.37046701 -0.23618614 0.83391394
v -0.37046701 -0.23618614 0.83391394
v -0.40633300 -0.23618614 0.83288594
v -0.40633300 -0.23618614 0.83288594
v -0.40016201 -0.22377713 0.79312196
v -0.40016201 -0.22377713 0.79312196
v -0.37639600 -0.21633413 0.79414495
v -0.38820800 -0.22867214 0.83340498
v -0.25484800 -0.28110213 0.76608993
v -0.24388300 -0.20653712 0.75973996
v -0.24388300 -0.20653712 0.75973996
v -0.22474100 -0.28005313 0.84049792
v -0.22474100 -0.28005313 0.84049792
v -0.22569500 -0.25622313 0.83866497
v -0.22569500 -0.25622313 0.83866497
v -0.18911700 -0.25234415 0.79289796
v -0.18911700 -0.25234415 0.79289796
v -0.17225499 -0.25622313 0.83587195
v -0.17225499 -0.25622313 0.83587195
v -0.17214000 -0.28005313 0.83775593
v -0.17214000 -0.28005313 0.83775593
v -0.18911700 -0.28110214 0.79802496
v -0.18911700 -0.28110214 0.79802496
v -0.19888900 -0.28005313 0.83916796
v -0.21610400 -0.28110214 0.79802496
v -0.22164400 -0.23618614 0.83622899
v -0.22164400 -0.23618614 0.83622899
v -0.24211399 -0.22333413 0.79170396
v -0.24211399 -0.22333413 0.79170396
v -0.24211399 -0.22333413 0.79170396
v -0.22276400 -0.21589114 0.79272696
v -0.20232999 -0.22867214 0.83504494
v -0.18183801 -0.23618614 0.83378895
v -0.18183801 -0.23618614 0.83378895
v -0.20223200 -0.22333413 0.79170396
v -0.20223200 -0.22333413 0.79170396
v -0.42192101 -0.27694914 0.87440093
v -0.42192101 -0.27694914 0.87440093
v -0.42192101 -0.27694914 0.87440093
v -0.42192101 -0.27694914 0.87440093
v -0.41185099 -0.24587115 0.87451794
v -0.41185099 -0.24587115 0.87451794
v -0.41185099 -0.24587115 0.87451794
v -0.41185099 -0.24587115 0.87451794
v -0.42192101 -0.30077916 0.87440092
v -0.42192101 -0.30077916 0.87440092
v -0.42192101 -0.30077916 0.87440092
v -0.42192101 -0.30077916 0.87440092
v -0.37018201 -0.30077916 0.87561698
v -0.37018201 -0.30077916 0.87561698
v -0.37018201 -0.30077916 0.87561698
v -0.37018201 -0.30077916 0.87561698
v -0.39449701 -0.30077916 0.87501592
v -0.39449701 -0.30077916 0.87501592
v -0.36834100 -0.27694914 0.87566997
v -0.36834100 -0.27694914 0.87566997
v -0.36834100 -0.27694914 0.87566997
v -0.36834100 -0.27694914 0.87566997
v -0.37598601 -0.24587116 0.87554594
v -0.37598601 -0.24587116 0.87554594
v -0.37598601 -0.24587116 0.87554594
v -0.37598601 -0.24587116 0.87554594
v -0.39372700 -0.23835714 0.87503799
v -0.39372700 -0.23835714 0.87503799
v -0.39372700 -0.23835714 0.87503799
v -0.21710099 -0.27694914 0.87644596
v -0.21710099 -0.27694914 0.87644596
v -0.21710099 -0.27694914 0.87644596
v -0.21710099 -0.27694914 0.87644596
v -0.21290100 -0.24587116 0.87644299
v -0.21290100 -0.24587116 0.87644299
v -0.21290100 -0.24587116 0.87644299
v -0.21290100 -0.24587116 0.87644299
v -0.21626300 -0.30077916 0.87639494
v -0.21626300 -0.30077916 0.87639494
v -0.21626300 -0.30077916 0.87639494
v -0.21626300 -0.30077916 0.87639494
v -0.16366100 -0.30077916 0.87365294
v -0.16366100 -0.30077916 0.87365294
v -0.16366100 -0.30077916 0.87365294
v -0.16366100 -0.30077916 0.87365294
v -0.19041000 -0.30077916 0.87506396
v -0.19041000 -0.30077916 0.87506396
v -0.16366100 -0.27694914 0.87365295
v -0.16366100 -0.27694914 0.87365295
v -0.16366100 -0.27694914 0.87365295
v -0.16366100 -0.27694914 0.87365295
v -0.17309400 -0.24587115 0.87400295
v -0.17309400 -0.24587115 0.87400295
v -0.17309400 -0.24587115 0.87400295
v -0.17309400 -0.24587115 0.87400295
v -0.19358701 -0.23835714 0.87525894
v -0.19358701 -0.23835714 0.87525894
v -0.19358701 -0.23835714 0.87525894
v -0.28277901 -0.28759016 0.95098896
v -0.28277901 -0.28759016 0.95098896
v -0.28277901 -0.28759016 0.95098896
v -0.28277901 -0.28759016 0.95098896
v -0.29993501 -0.32021617 1.01411492
v -0.29993501 -0.32021617 1.01411492
v -0.29993501 -0.32021617 1.01411492
v -0.29993501 -0.32021617 1.01411492
v -0.29993501 -0.32021617 1.01411492
v -0.29993501 -0.32021617 1.01411492
v -0.29993501 -0.32021617 1.01411492
v -0.29993501 -0.32021617 1.01411492
v -0.28277901 -0.30469016 0.94969494
v -0.28277901 -0.30469016 0.94969494
v -0.28277901 -0.30469016 0.94969494
v -0.28277901 -0.30469016 0.94969494
v -0.29993501 -0.30444015 0.94971395
v -0.29993501 -0.30444015 0.94971395
v -0.29993501 -0.30444015 0.94971395
v -0.29993501 -0.30444015 0.94971395
v -0.31709099 -0.30469016 0.94969494
v -0.31709099 -0.30469016 0.94969494
v -0.31709099 -0.30469016 0.94969494
v -0.31709099 -0.30469016 0.94969494
v -0.31709099 -0.28759016 0.95098896
v -0.31709099 -0.28759016 0.95098896
v -0.31709099 -0.28759016 0.95098896
v -0.31709099 -0.28759016 0.95098896
v -0.31070501 -0.26713116 0.95253594
v -0.31070501 -0.26713116 0.95253594
v -0.31070501 -0.26713116 0.95253594
v -0.31070501 -0.26713116 0.95253594
v -0.29993501 -0.26216916 0.95291098
v -0.29993501 -0.26216916 0.95291098
v -0.29993501 -0.26216916 0.95291098
v -0.29993501 -0.26216916 0.95291098
v -0.28916499 -0.26713116 0.95253594
v -0.28916499 -0.26713116 0.95253594
v -0.28916499 -0.26713116 0.95253594
v -0.28916499 -0.26713116 0.95253594
v -0.37586501 -0.27592516 0.88872196
v -0.37586501 -0.27592516 0.88872196
v -0.37586501 -0.27592516 0.88872196
v -0.37586501 -0.27592516 0.88872196
v -0.37738901 -0.29739416 0.88867898
v -0.37738901 -0.29739416 0.88867898
v -0.37738901 -0.29739416 0.88867898
v -0.37738901 -0.29739416 0.88867898
v -0.39475399 -0.29739416 0.88818092
v -0.39475399 -0.29739416 0.88818092
v -0.37943599 -0.25176415 0.88861998
v -0.37943599 -0.25176415 0.88861998
v -0.37943599 -0.25176415 0.88861998
v -0.37943599 -0.25176415 0.88861998
v -0.39411700 -0.24499515 0.88819893
v -0.39411700 -0.24499515 0.88819893
v -0.39411700 -0.24499515 0.88819893
v -0.39411700 -0.24499515 0.88819893
v -0.41249499 -0.29739416 0.88767297
v -0.41249499 -0.29739416 0.88767297
v -0.41249499 -0.29739416 0.88767297
v -0.41249499 -0.29739416 0.88767297
v -0.41249499 -0.27592516 0.88767297
v -0.41249499 -0.27592516 0.88767297
v -0.41249499 -0.27592516 0.88767297
v -0.41249499 -0.27592516 0.88767297
v -0.40911499 -0.25176415 0.88776995
v -0.40911499 -0.25176415 0.88776995
v -0.40911499 -0.25176415 0.88776995
v -0.40911499 -0.25176415 0.88776995
v -0.38350099 -0.29049916 0.93105997
v -0.38350099 -0.29049916 0.93105997
v -0.38350099 -0.29049916 0.93105997
v -0.38350099 -0.29049916 0.93105997
v -0.38456699 -0.30432115 0.92998392
v -0.38456699 -0.30432115 0.92998392
v -0.38456699 -0.30432115 0.92998392
v -0.39671001 -0.30429415 0.92963696
v -0.38599801 -0.26904214 0.93261094
v -0.38599801 -0.26904214 0.93261094
v -0.38599801 -0.26904214 0.93261094
v -0.38599801 -0.26904214 0.93261094
v -0.39626500 -0.26466117 0.93264695
v -0.39626500 -0.26466117 0.93264695
v -0.39626500 -0.26466117 0.93264695
v -0.39626500 -0.26466117 0.93264695
v -0.40911600 -0.30426816 0.92928196
v -0.40911600 -0.30426816 0.92928196
v -0.40911600 -0.30426816 0.92928196
v -0.40911600 -0.29044414 0.93032796
v -0.40911600 -0.29044414 0.93032796
v -0.40911600 -0.29044414 0.93032796
v -0.40911600 -0.29044414 0.93032796
v -0.40675300 -0.26899717 0.93201794
v -0.40675300 -0.26899717 0.93201794
v -0.40675300 -0.26899717 0.93201794
v -0.40675300 -0.26899717 0.93201794
v -0.39792299 -0.31246217 0.98001594
v -0.39792299 -0.31246217 0.98001594
v -0.39792299 -0.31246217 0.98001594
v -0.39792299 -0.31246217 0.98001594
v -0.39792299 -0.31246217 0.98001594
v -0.39792299 -0.31246217 0.98001594
v -0.39792299 -0.31246217 0.98001594
v -0.17063899 -0.27599415 0.89507897
v -0.17063899 -0.27599415 0.89507897
v -0.17063899 -0.27599415 0.89507897
v -0.17063899 -0.27599415 0.89507897
v -0.17063899 -0.27599415 0.89507897
v -0.17063899 -0.27599415 0.89507897
v -0.16891100 -0.30077916 0.89064796
v -0.16891100 -0.30077916 0.89064796
v -0.16891100 -0.30077916 0.89064796
v -0.16891100 -0.30077916 0.89064796
v -0.18935101 -0.30077917 0.89189995
v -0.18935101 -0.30077917 0.89189995
v -0.19216900 -0.24288616 0.89207293
v -0.19216900 -0.24288616 0.89207293
v -0.19216900 -0.24288616 0.89207293
v -0.19216900 -0.24288616 0.89207293
v -0.17398900 -0.25040016 0.89095898
v -0.17398900 -0.25040016 0.89095898
v -0.17398900 -0.25040016 0.89095898
v -0.17398900 -0.25040016 0.89095898
v -0.20861401 -0.30077917 0.89307995
v -0.20861401 -0.30077917 0.89307995
v -0.20861401 -0.30077917 0.89307995
v -0.20861401 -0.30077917 0.89307995
v -0.20710200 -0.27599415 0.89731295
v -0.20710200 -0.27599415 0.89731295
v -0.20710200 -0.27599415 0.89731295
v -0.20710200 -0.27599415 0.89731295
v -0.20710200 -0.27599415 0.89731295
v -0.20710200 -0.27599415 0.89731295
v -0.20930400 -0.25040016 0.89312293
v -0.20930400 -0.25040016 0.89312293
v -0.20930400 -0.25040016 0.89312293
v -0.20930400 -0.25040016 0.89312293
v -0.17236701 -0.29417414 0.89950998
v -0.17236701 -0.29417414 0.89950998
v -0.17236701 -0.29417414 0.89950998
v -0.17236701 -0.29417414 0.89950998
v -0.18877999 -0.29417414 0.90051497
v -0.18877999 -0.29417414 0.90051497
v -0.19104400 -0.24949116 0.90065398
v -0.19104400 -0.24949116 0.90065398
v -0.19104400 -0.24949116 0.90065398
v -0.19104400 -0.24949116 0.90065398
v -0.17644399 -0.25552416 0.89975996
v -0.17644399 -0.25552416 0.89975996
v -0.17644399 -0.25552416 0.89975996
v -0.17644399 -0.25552416 0.89975996
v -0.20424899 -0.29417414 0.90146292
v -0.20424899 -0.29417414 0.90146292
v -0.20424899 -0.29417414 0.90146292
v -0.20424899 -0.29417414 0.90146292
v -0.20480300 -0.25552416 0.90149696
v -0.20480300 -0.25552416 0.90149696
v -0.20480300 -0.25552416 0.90149696
v -0.20480300 -0.25552416 0.90149696
v -0.17176700 -0.29051015 0.92384596
v -0.17176700 -0.29051015 0.92384596
v -0.17176700 -0.29051015 0.92384596
v -0.17176700 -0.29051015 0.92384596
v -0.17176700 -0.30518515 0.92273594
v -0.17176700 -0.30518515 0.92273594
v -0.17176700 -0.30518515 0.92273594
v -0.17176700 -0.30518515 0.92273594
v -0.18532000 -0.30524716 0.92356397
v -0.18532000 -0.30524716 0.92356397
v -0.18718900 -0.26396517 0.92680098
v -0.18718900 -0.26396517 0.92680098
v -0.18718900 -0.26396517 0.92680098
v -0.18718900 -0.26396517 0.92680098
v -0.17513300 -0.26853717 0.92571498
v -0.17513300 -0.26853717 0.92571498
v -0.17513300 -0.26853717 0.92571498
v -0.17513300 -0.26853717 0.92571498
v -0.19809300 -0.30530716 0.92434395
v -0.19809300 -0.30530716 0.92434395
v -0.19809300 -0.30530716 0.92434395
v -0.19809300 -0.30530716 0.92434395
v -0.19858600 -0.29063315 0.92548497
v -0.19858600 -0.29063315 0.92548497
v -0.19858600 -0.29063315 0.92548497
v -0.19858600 -0.29063315 0.92548497
v -0.19855100 -0.26864514 0.92714597
v -0.19855100 -0.26864514 0.92714597
v -0.19855100 -0.26864514 0.92714597
v -0.19855100 -0.26864514 0.92714597
v -0.18293600 -0.31765015 0.96911896
v -0.18293600 -0.31765015 0.96911896
v -0.18293600 -0.31765015 0.96911896
v -0.18293600 -0.31765015 0.96911896
v -0.18293600 -0.31765015 0.96911896
v -0.18293600 -0.31765015 0.96911896
v -0.18293600 -0.31765015 0.96911896
v -0.52053499 1.25581591 0.40567223
v -0.34448099 1.08368305 -0.19329081
v -0.39038101 1.01746097 -0.19149483
v -0.56914598 1.18099492 0.41020321
v -0.42065999 0.94280800 -0.18337484
v -0.60881197 1.10392194 0.42485220
v -0.14764500 0.82888316 -0.98924384
v -0.14513899 0.79014421 -1.08094989
v -0.15836200 0.77012218 -1.10626089
v -0.17907199 0.78992318 -0.98700588
v -0.17113701 0.74275321 -1.07482087
v -0.19468100 0.74314116 -0.97815489
v -0.23916200 1.40801498 0.18017223
v -0.23368900 1.34126699 0.00644723
v -0.29379600 1.31464195 0.01655622
v -0.29466501 1.37912592 0.18899823
v -0.34855700 1.28238594 0.03166422
v -0.34682801 1.35069999 0.20281223
v -0.23877300 1.19385404 -0.36285881
v -0.25656500 1.17212505 -0.39973081
v -0.29378301 1.15607805 -0.41827480
v -0.29191300 1.17560905 -0.35612280
v -0.31939101 1.13771004 -0.38697480
v -0.33536699 1.14373809 -0.34193580
v -0.01906600 0.81959210 -0.59299884
v 0.04743500 0.82904909 -0.59570585
v 0.04758600 0.61401617 -1.03116395
v -0.02156900 0.60280018 -1.02756895
v 0.11352600 0.81806509 -0.59165088
v 0.11627100 0.60121220 -1.02616693
v -0.04765100 0.10652534 -2.01223896
v 0.04886300 0.12129734 -2.01753590
v 0.04939200 0.05770136 -2.16122197
v -0.01980800 0.05682436 -2.11535191
v 0.14477600 0.10430834 -2.01028202
v 0.11789800 0.05523736 -2.11395191
v 0.10467800 0.67575813 -0.75857288
v 0.16685399 0.67834015 -0.75827390
v 0.17060000 0.56540119 -1.01231685
v 0.11258500 0.56006216 -1.01115885
v 0.22890601 0.67491711 -0.75503487
v 0.22837700 0.55927818 -1.00786188
v 0.12103500 0.43369223 -1.28705590
v 0.17469300 0.44204221 -1.28979890
v 0.17642000 0.41611724 -1.35674291
v 0.13930100 0.41729821 -1.32686095
v 0.22799000 0.43296821 -1.28400998
v 0.21179099 0.41680722 -1.32479589
v 0.05798000 0.67954911 -0.80708391
v 0.12016200 0.68186911 -0.80785287
v 0.11893900 0.58468020 -1.04097690
v 0.05911200 0.57982617 -1.03902688
v 0.18224600 0.67811813 -0.80582089
v 0.17858601 0.57845020 -1.03781285
v 0.06314100 0.44983621 -1.34127490
v 0.11734500 0.45802121 -1.34478990
v 0.11774700 0.43365923 -1.41233997
v 0.08117800 0.43429422 -1.38176887
v 0.17126299 0.44859024 -1.34017591
v 0.15369099 0.43345925 -1.38103192
v -0.01460000 0.67641017 -0.86837686
v 0.04758300 0.67871412 -0.86917991
v 0.04666500 0.60603016 -1.03817190
v -0.01970400 0.60195815 -1.03654887
v 0.10966700 0.67497816 -0.86711389
v 0.11287500 0.60043019 -1.03520085
v -0.01121400 0.44074923 -1.39998095
v 0.04467300 0.44886923 -1.40357594
v 0.04504200 0.42574925 -1.46549695
v 0.00849700 0.42473424 -1.44028287
v 0.10027300 0.43946424 -1.39884691
v 0.08101000 0.42389825 -1.43954592
v 0.05302800 0.80891910 -0.53969286
v 0.11961700 0.82225910 -0.54362784
v 0.11967600 0.60167717 -0.97630193
v 0.05043200 0.58658914 -0.97145589
v 0.18561999 0.80739108 -0.53834484
v 0.18827200 0.58500116 -0.97005489
v 0.02414100 0.07776933 -1.94969700
v 0.12074300 0.09638833 -1.95629392
v 0.12124300 0.03096135 -2.09915590
v 0.05196200 0.02675035 -2.05217003
v 0.21656799 0.07555233 -1.94774102
v 0.18966800 0.02516435 -2.05077099
v -0.06728000 0.67814013 -0.85390687
v -0.00509800 0.68047913 -0.85463286
v -0.00594900 0.61206716 -1.02539994
v -0.07231700 0.60793918 -1.02389886
v 0.05698600 0.67670813 -0.85264290
v 0.06026200 0.60641217 -1.02255084
v -0.06368100 0.45592224 -1.39126687
v -0.00779500 0.46414324 -1.39464096
v -0.00740300 0.44258825 -1.45712297
v -0.04395500 0.44093025 -1.43195395
v 0.04780600 0.45463723 -1.39013295
v 0.02855800 0.44009424 -1.43121593
v -0.19561900 0.84635206 -0.44633887
v -0.12922999 0.85447009 -0.45166186
v -0.14358400 0.60656413 -0.86903389
v -0.21260899 0.59678217 -0.86261090
v -0.06305800 0.84383907 -0.44883386
v -0.07480100 0.59416917 -0.86520489
v -0.27153501 0.02642030 -1.80482101
v -0.17519601 0.03939131 -1.81403100
v -0.17940900 -0.03507767 -1.95233203
v -0.24713300 -0.03129768 -1.90457500
v -0.07915400 0.02277330 -1.80844104
v -0.10946000 -0.03390768 -1.90716601
v -0.16266100 0.84223106 -0.49116386
v -0.09625300 0.85312011 -0.49730987
v -0.11196500 0.61650518 -0.92113788
v -0.18100700 0.60392514 -0.91392787
v -0.03010900 0.83968308 -0.49409185
v -0.04320900 0.60127614 -0.91697188
v -0.24300700 0.05907731 -1.87092303
v -0.14665601 0.07489732 -1.88090895
v -0.15131301 0.00416634 -2.02114510
v -0.21892799 0.00403533 -1.97225702
v -0.05064000 0.05537832 -1.87517296
v -0.08126600 0.00138833 -1.97529805
v -0.20468301 0.67738415 -0.77146286
v -0.14250000 0.67973013 -0.77206791
v -0.14285401 0.56632018 -1.02592793
v -0.20086600 0.56120419 -1.02392187
v -0.08042100 0.67607612 -0.76971889
v -0.08504200 0.55998617 -1.02229693
v -0.19688401 0.43430621 -1.29967789
v -0.14324000 0.44244723 -1.30321090
v -0.14257801 0.41639524 -1.37012499
v -0.17925701 0.41777124 -1.33971088
v -0.08989900 0.43318121 -1.29817598
v -0.10674600 0.41700824 -1.33869391
v -0.14629200 0.68348415 -0.79629589
v -0.08411000 0.68580414 -0.79706389
v -0.08533100 0.58871716 -1.03023090
v -0.14515799 0.58386218 -1.02828290
v -0.02202600 0.68205215 -0.79503286
v -0.02568500 0.58248615 -1.02706887
v -0.14112701 0.45400421 -1.33058791
v -0.08692300 0.46219121 -1.33409898
v -0.08652100 0.43785924 -1.40165894
v -0.12308900 0.43848022 -1.37108891
v -0.03300500 0.45275824 -1.32948892
v -0.05057700 0.43764522 -1.37035088
v 0.11287100 0.83742108 -0.46739287
v 0.17958599 0.85158505 -0.47114885
v 0.19003101 0.60334614 -0.88843890
v 0.12064900 0.58748415 -0.88371893
v 0.24540500 0.83661606 -0.46302486
v 0.25842801 0.58664712 -0.87917789
v 0.11788200 0.01602831 -1.82710397
v 0.21464300 0.03542931 -1.83319699
v 0.21854700 -0.03914367 -1.97145105
v 0.14815199 -0.04141068 -1.92540003
v 0.31022301 0.01485931 -1.82076394
v 0.28579599 -0.04224768 -1.92086399
v 0.09618200 0.84537806 -0.47484586
v 0.16269501 0.85474106 -0.47819585
v 0.16247700 0.61787418 -0.90217389
v 0.09331000 0.60680017 -0.89784588
v 0.22877499 0.84385105 -0.47349784
v 0.23115100 0.60521212 -0.89644392
v 0.06639100 0.06117931 -1.85602998
v 0.16291700 0.07570231 -1.86225401
v 0.16332801 0.00489334 -2.00252604
v 0.09414700 0.00629133 -1.95650196
v 0.25881800 0.05896131 -1.85407304
v 0.23185299 0.00470433 -1.95510197
v -0.11630500 0.81719807 -0.51822786
v -0.04981900 0.82986709 -0.52365688
v -0.06130100 0.60946117 -0.95626791
v -0.13042900 0.59505818 -0.94986488
v 0.01627200 0.81492910 -0.52003984
v 0.00739500 0.59270017 -0.95174893
v -0.18286100 0.08678332 -1.92733596
v -0.08640600 0.10456332 -1.93614100
v -0.08967600 0.03919135 -2.07899188
v -0.15777500 0.03565034 -2.03045701
v 0.00954200 0.08349032 -1.92996596
v -0.02008600 0.03329434 -2.03233909
v -0.06135200 0.82210408 -0.59393887
v 0.00518300 0.83292912 -0.59716485
v 0.00525100 0.61294120 -1.03014185
v -0.06393700 0.60036820 -1.02600696
v 0.07124100 0.82057713 -0.59259085
v 0.07390300 0.59877920 -1.02460589
v -0.09020600 0.09289134 -2.00494598
v 0.00634100 0.10899734 -2.01082705
v 0.00684400 0.04376736 -2.15377902
v -0.06238200 0.04201336 -2.10748910
v 0.10222100 0.09067434 -2.00298904
v 0.07532300 0.04042735 -2.10608911
v 0.21195699 0.34438500 0.00086106
v 0.21195699 0.34438500 0.00086106
v 0.21195699 0.34438500 0.00086106
v 0.21195699 0.34438500 0.00086106
v 0.21195699 0.34438500 0.00086106
v 0.00000000 0.34369501 0.00759306
v 0.00000000 0.34369501 0.00759306
v 0.00000000 0.34369501 0.00759306
v 0.00000000 0.34369501 0.00759306
v -0.21195699 0.34438500 0.00086106
v -0.21195699 0.34438500 0.00086106
v -0.21195699 0.34438500 0.00086106
v -0.21195699 0.34438500 0.00086106
v -0.21195699 0.34438500 0.00086106
v 0.00000000 0.30909603 -0.13654695
v 0.00000000 0.30909603 -0.13654695
v 0.00000000 0.30909603 -0.13654695
v 0.00000000 0.30909603 -0.13654695
v 0.07544800 0.31935902 -0.07236194
v 0.07544800 0.31935902 -0.07236194
v 0.07544800 0.31935902 -0.07236194
v 0.07544800 0.29652501 -0.07236195
v 0.07544800 0.29652501 -0.07236195
v 0.07544800 0.29652501 -0.07236195
v 0.00000000 0.28839102 -0.13654695
v 0.00000000 0.28839102 -0.13654695
v 0.00000000 0.28839102 -0.13654695
v 0.00000000 0.28839102 -0.13654695
v -0.07544800 0.31935902 -0.07236194
v -0.07544800 0.31935902 -0.07236194
v -0.07544800 0.31935902 -0.07236194
v -0.07544800 0.29652501 -0.07236195
v -0.07544800 0.29652501 -0.07236195
v -0.07544800 0.29652501 -0.07236195
vt 0.00000000 0.00000000
vt 0.50000000 0.00000000
vt 0.50000000 0.29161096
vt 0.00000000 0.29161096
vt 1.00000000 0.00000000
vt 1.00000000 0.29161096
vt 0.00000000 0.50000000
vt 0.50000000 0.50000000
vt 0.50000000 1.00000000
vt 0.00000000 1.00000000
vt 1.00000000 0.50000000
vt 1.00000000 1.00000000
vt 0.00000000 0.00000000
vt 0.50000000 0.00000000
vt 0.50000000 0.29161096
vt 0.00000000 0.29161096
vt 1.00000000 0.00000000
vt 1.00000000 0.29161096
vt 0.00000000 0.50000000
vt 0.50000000 0.50000000
vt 0.50000000 1.00000000
vt 0.00000000 1.00000000
vt 1.00000000 0.50000000
vt 1.00000000 1.00000000
vt 0.00000000 0.00000000
vt 0.50000000 0.00000000
vt 0.50000000 0.29161096
vt 0.00000000 0.29161096
vt 1.00000000 0.00000000
vt 1.00000000 0.29161096
vt 0.00000000 0.50000000
vt 0.50000000 0.50000000
vt 0.50000000 1.00000000
vt 0.00000000 1.00000000
vt 1.00000000 0.50000000
vt 1.00000000 1.00000000
vt 0.00000000 0.00000000
vt 0.50000000 0.00000000
vt 0.50000000 0.50000000
vt 0.00000000 0.50000000
vt 1.00000000 0.00000000
vt 1.00000000 0.50000000
vt 0.50000000 1.00000000
vt 0.00000000 1.00000000
vt 1.00000000 1.00000000
vt 0.00000000 0.00000000
vt 0.50000000 0.00000000
vt 0.50000000 0.50000000
vt 0.00000000 0.50000000
vt 1.00000000 0.00000000
vt 1.00000000 0.50000000
vt 0.00000000 0.50000000
vt 0.50000000 1.00000000
vt 0.00000000 1.00000000
vt 1.00000000 1.00000000
vt 0.00000000 0.00000000
vt 1.00000000 0.00000000
vt 0.00000000 0.00000000
vt 0.50000000 0.00000000
vt 1.00000000 0.00000000
vt 0.50000000 0.50000000
vt 0.00000000 0.50000000
vt 0.00000000 0.00000000
vt 1.00000000 0.00000000
vt 1.00000000 0.50000000
vt 0.50000000 1.00000000
vt 0.00000000 1.00000000
vt 1.00000000 1.00000000
vt 1.08047700 0.08252800
vt -0.09165900 0.00313002
vt 0.48346299 1.00432801
vt 1.08047700 0.08252800
vt 1.13911796 0.99240500
vt 0.01992700 0.08447599
vt 0.54895598 -0.00313306
vt -0.78915101 1.02672195
vt 0.01992700 0.08447599
vt -0.16152300 1.01586497
vt -0.01551600 -0.00217605
vt 0.25655600 1.02644098
vt 1.10323799 0.10000998
vt 0.94147998 1.01492095
vt 1.10323799 0.10000998
vt 0.54895598 -0.00313306
vt 0.53476101 -0.01139402
vt -0.78538901 1.05777204
vt 0.52086598 0.11872000
vt -0.18681601 1.04857004
vt 0.52086598 0.11872000
vt 1.09843898 -0.01186800
vt 0.52086598 0.11872000
vt 0.53476101 -0.01139402
vt 0.00000000 0.00000000
vt 1.00000000 0.00000000
vt 0.00000000 0.00000000
vt 0.50000000 0.00000000
vt 1.00000000 0.00000000
vt 0.50000000 0.50000000
vt 0.00000000 0.00000000
vt 1.00000000 0.00000000
vt 1.00000000 0.50000000
vt 0.50000000 1.00000000
vt 0.00000000 1.00000000
vt 1.00000000 1.00000000
vt 0.50000000 0.30600899
vt 0.00000000 0.30600899
vt 1.00000000 0.30600899
vt 0.00000000 0.50000000
vt 0.50000000 0.50000000
vt 0.50000000 1.00000000
vt 0.00000000 1.00000000
vt 1.00000000 0.50000000
vt 1.00000000 1.00000000
vt 0.00000000 0.00000000
vt 1.00000000 0.00000000
vt 0.00000000 0.00000000
vt 1.00000000 0.00000000
vt 0.00000000 0.00000000
vt 0.00000000 0.00000000
vt 1.00000000 1.00000000
vt 1.00000000 0.00000000
vt 1.00000000 0.00000000
vt 1.00000000 0.00000000
vt 0.00000000 1.00000000
vt 0.00000000 0.00000000
vt 1.00000000 0.00000000
vt 1.00000000 0.00000000
vt 1.00000000 1.00000000
vt 0.00000000 0.00000000
vt 1.00000000 0.00000000
vt 0.00000000 1.00000000
vt 0.00000000 0.00000000
vt 1.00000000 0.00000000
vt 1.00000000 1.00000000
vt 1.00000000 0.00000000
vt 0.00000000 0.00000000
vt 0.00000000 0.00000000
vt 0.00000000 0.00000000
vt 0.00000000 1.00000000
vt 0.00000000 0.00000000
vt 1.00000000 0.00000000
vt 1.07656097 0.98121101
vt 0.99997598 0.00002003
vt 0.00000000 0.00000000
vt -0.34323201 1.17032599
vt 0.00000000 1.00000000
vt 0.00000000 0.00000000
vt 1.00000000 0.00000000
vt 1.00000000 0.00000000
vt 1.00000000 1.00000000
vt 0.00000000 0.00000000
vt 0.00000000 1.00000000
vt 1.00000000 0.00000000
vt 1.00000000 0.00000000
vt 0.00000000 1.00000000
vt 1.00000000 0.00000000
vt 0.00000000 0.00000000
vt 0.00000000 0.00000000
vt 1.00000000 1.00000000
vt 1.00000000 0.00000000
vt 0.00000000 1.00000000
vt 0.00000000 0.00000000
vt 1.00000000 0.00000000
vt 0.00000000 0.00000000
vt 0.00000000 0.00000000
vt 1.00000000 1.00000000
vt 1.00000000 0.00000000
vt 0.00000000 0.00000000
vt 0.13084100 0.95944601
vt 1.02462399 0.24403203
vt 0.00000000 0.00000000
vt 1.00000000 0.00000000
vt 1.00000000 0.00000000
vt 0.82482702 0.99331099
vt 0.33952799 1.44003105
vt 0.00000000 0.00000000
vt 1.00000000 0.00000000
vt 0.84576601 1.09221804
vt 0.19189399 1.14257300
vt 0.51846302 1.14265394
vt 0.00000000 0.00000000
vt 1.00000000 0.00000000
vt 0.00000000 0.00000000
vt 1.37903798 1.33794904
vt 1.00000000 0.00000000
vt 1.01914501 0.48270202
vt 1.00000000 0.00000000
vt 0.00000000 1.00000000
vt 0.00000000 0.00000000
vt 0.00000000 0.00000000
vt 0.16072901 0.93195701
vt 1.00000000 0.00000000
vt 1.04848599 -0.04376698
vt 0.16072901 0.93195701
vt 1.05259705 0.89830500
vt 1.00000000 0.00000000
vt 1.00000000 1.00000000
vt 1.00000000 0.00000000
vt 0.00000000 0.00000000
vt 0.00000000 1.00000000
vt 0.00000000 0.00000000
vt 1.00000000 0.00000000
vt 0.00000000 0.00000000
vt 1.00000000 1.00000000
vt 1.00000000 0.00000000
vt 0.00000000 0.00000000
vt 0.00000000 1.00000000
vt 0.00000000 0.00000000
vt 1.00000000 0.00000000
vt 1.00000000 0.00000000
vt 0.00000000 0.00000000
vt 0.00000000 0.00000000
vt 1.00000000 1.00000000
vt 1.00000000 0.00000000
vt 0.00000000 0.00000000
vt 0.00000000 1.00000000
vt 1.00000000 0.00000000
vt 0.00000000 0.00000000
vt 0.76057202 1.06865799
vt -0.23671700 1.13996303
vt -0.04746700 0.00407100
vt 1.00000000 0.00000000
vt 0.00000000 0.00000000
vt 1.00000000 0.00000000
vt 0.00000000 1.00000000
vt 1.00000000 1.00000000
vt 0.00000000 0.00000000
vt 1.00000000 0.00000000
vt 0.00000000 0.00000000
vt 0.00000000 1.00000000
vt 0.00000000 0.00000000
vt 0.00000000 0.00000000
vt 0.07709400 0.71023798
vt -0.02767200 -0.00013995
vt 0.71413100 2.11449599
vt 1.00000000 0.00000000
vt 0.00000000 0.00000000
vt 1.00000000 1.00000000
vt 0.00000000 1.00000000
vt 0.00000000 0.00000000
vt 0.00000000 1.00000000
vt 1.00000000 0.00000000
vt 1.00000000 1.00000000
vt 0.00000000 1.00000000
vt 0.00000000 0.00000000
vt 1.00000000 0.00000000
vt 1.00000000 1.00000000
vt 0.00000000 0.00000000
vt 0.00000000 0.00000000
vt 1.00000000 1.00000000
vt 1.00000000 0.00000000
vt 0.00000000 0.00000000
vt 0.59347898 1.38649094
vt 1.00000000 0.00000000
vt 1.00000000 0.00000000
vt -0.14498800 1.31471598
vt 0.67668098 0.99543601
vt 0.00000000 0.00000000
vt 1.00000000 0.00000000
vt 0.00000000 0.00000000
vt 0.17187101 1.00202799
vt -0.00152000 1.02817595
vt 0.00000000 0.00000000
vt 1.00000000 0.00000000
vt 0.84742898 1.33295202
vt 0.00000000 0.00000000
vt 1.00000000 0.00000000
vt 0.85706502 1.05724800
vt 0.00000000 0.00000000
vt 1.00000000 0.00000000
vt 0.50000000 1.00000000
vt 0.50000000 1.00000000
vt 0.50000000 1.00000000
vt 0.50000000 1.00000000
vt 0.50000000 1.00000000
vt 0.50000000 1.00000000
vt 0.00000000 0.19900203
vt 1.00000000 0.19900203
vt 0.00000000 0.19900203
vt 1.00000000 0.19900203
vt 0.00000000 0.19900203
vt 1.00000000 0.19900203
vt 0.00000000 0.19900203
vt 1.00000000 0.19900203
vt 0.00000000 0.19900203
vt 1.00000000 0.19900203
vt 0.03555000 -0.01313400
vt 0.99984300 0.00025803
vt 0.03555000 -0.01313400
vt 0.97346300 0.32392800
vt 0.00000000 0.19900203
vt 1.00000000 0.19900203
vt 0.19900200 0.00000000
vt 0.19900200 0.00000000
vt 0.00000000 0.19900203
vt 0.19900200 0.00000000
vt 0.00000000 0.00000000
vt 0.00000000 1.00000000
vt 1.00000000 1.00000000
vt 1.00000000 0.00000000
vt 0.00000000 1.00000000
vt 0.00000000 1.00000000
vt 0.00000000 0.00000000
vt 1.00000000 0.00000000
vt 1.00000000 1.00000000
vt 0.00000000 0.00000000
vt 1.00000000 0.00000000
vt 1.00000000 0.00000000
vt 1.00000000 0.00000000
vt 1.00000000 1.00000000
vt 0.00000000 0.00000000
vt 0.00000000 1.00000000
vt 1.00000000 1.00000000
vt 1.00000000 0.00000000
vt 0.00000000 0.00000000
vt 0.00000000 1.00000000
vt 1.00000000 0.00000000
vt 0.00000000 0.00000000
vt 0.00000000 1.00000000
vt 0.00000000 0.00000000
vt 0.00000000 0.00000000
vt 0.00000000 1.00000000
vt 1.00000000 0.00000000
vt 1.00000000 1.00000000
vt 0.00000000 0.52292597
vt 1.00000000 0.52292597
vt 0.00000000 0.52292597
vt 1.00000000 0.52292597
vt 0.00000000 0.00000000
vt 1.00000000 0.00000000
vt 1.00000000 0.52292597
vt 1.00000000 0.52292597
vt 0.00000000 0.52292597
vt 0.52292597 0.00000000
vt 0.00000000 0.52292597
vt 0.00000000 0.52292597
vt 1.00000000 0.52292597
vt 0.19900200 1.00000000
vt 0.19900200 1.00000000
vt 0.19900200 0.00000000
vt 0.19900200 1.00000000
vt 0.19900200 0.52292597
vt 1.00000000 0.00000000
vt 0.00000000 0.00000000
vt 0.00000000 0.52292597
vt 0.00000000 1.00000000
vt 1.00000000 1.00000000
vt 1.00000000 1.00000000
vt 0.00000000 1.00000000
vt 0.00000000 1.00000000
vt 1.00000000 1.00000000
vt 1.00000000 1.00000000
vt 0.00000000 1.00000000
vt 0.00000000 1.00000000
vt 1.00000000 1.00000000
vt 1.00000000 1.00000000
vt 0.00000000 1.00000000
vt 1.00000000 0.00000000
vt 0.00000000 1.00000000
vt 0.00000000 1.00000000
vt 1.00000000 0.00000000
vt 0.00000000 1.00000000
vt 1.00000000 1.00000000
vt 1.00000000 1.00000000
vt 0.00000000 1.00000000
vt 0.52292597 1.00000000
vt 0.52292597 1.00000000
vt 1.00000000 1.00000000
vt 0.00000000 0.00000000
vt 0.00000000 0.00000000
vt 1.00000000 1.00000000
vt 0.00000000 1.00000000
vt 1.00000000 1.00000000
vt 0.00000000 1.00000000
vt 1.00000000 1.00000000
vt 0.00000000 1.00000000
vt 1.00000000 1.00000000
vt 0.00000000 1.00000000
vt 1.00000000 1.00000000
vt 0.00000000 1.00000000
vt 1.00000000 1.00000000
vt 0.00000000 1.00000000
vt 1.00000000 1.00000000
vt 0.00000000 1.00000000
vt 1.00000000 1.00000000
vt 0.00000000 1.00000000
vt 1.00000000 1.00000000
vt 0.00000000 1.00000000
vt 1.00000000 1.00000000
vt 0.00000000 1.00000000
vt 1.00000000 1.00000000
vt 0.00000000 1.00000000
vt 1.00000000 1.00000000
vt 0.00000000 1.00000000
vt 1.00000000 1.00000000
vt 1.00000000 0.00000000
vt 0.00000000 1.00000000
vt 0.00000000 1.00000000
vt 1.00000000 0.00000000
vt 1.00000000 1.00000000
vt 1.00000000 0.00000000
vt 1.00000000 0.00000000
vt 1.00000000 1.00000000
vt 1.00000000 0.52292597
vt 1.00000000 0.52292597
vt 0.50000000 1.00000000
vt 0.50000000 1.00000000
vt 0.50000000 1.00000000
vt 0.59950101 1.00000000
vt 1.00000000 0.50000000
vt 0.59950101 1.00000000
vt 0.50000000 1.00000000
vt 0.50000000 1.00000000
vt 0.50000000 1.00000000
vt 0.50000000 1.00000000
vt 0.50000000 1.00000000
vt 1.00000000 0.50000000
vt 0.00000000 0.50000000
vt 0.00000000 0.50000000
vt 1.00000000 0.50000000
vt 0.50000000 1.00000000
vt 0.50000000 1.00000000
vt 0.00000000 1.00000000
vt 1.00000000 1.00000000
vt 1.00000000 1.00000000
vt 1.00000000 1.00000000
vt 0.00000000 1.00000000
vt 0.00000000 1.00000000
vt 1.00000000 1.00000000
vt 1.00000000 1.00000000
vt 0.00000000 1.00000000
vt 0.00000000 1.00000000
vt 0.00000000 1.00000000
vt 1.00000000 1.00000000
vt 1.00000000 1.00000000
vt 1.00000000 0.00000000
vt 1.00000000 1.00000000
vt 0.00000000 0.00000000
vt 0.00000000 1.00000000
vt 0.00000000 0.00000000
vt 0.00000000 1.00000000
vt 1.00000000 0.00000000
vt 1.00000000 1.00000000
vt 0.00000000 0.00000000
vt 0.00000000 1.00000000
vt 1.00000000 0.00000000
vt 1.00000000 1.00000000
vt 0.00000000 1.00000000
vt 0.00000000 0.00000000
vt 1.00000000 0.00000000
vt 1.00000000 1.00000000
vt 1.00000000 0.00000000
vt 1.00000000 1.00000000
vt 1.00000000 1.00000000
vt 1.00000000 0.00000000
vt 1.00000000 1.00000000
vt 1.00000000 0.00000000
vt 0.00000000 1.00000000
vt 0.00000000 0.00000000
vt 1.00000000 1.00000000
vt 1.00000000 0.00000000
vt 0.00000000 1.00000000
vt 0.00000000 0.00000000
vt 1.00000000 0.00000000
vt 1.00000000 0.00000000
vt 1.00000000 1.00000000
vt 1.00000000 0.00000000
vt 1.00409997 -0.00825298
vt 1.00010002 0.99974102
vt -0.04269700 1.01648796
vt 0.00303100 0.01425701
vt 0.00000000 1.00000000
vt 0.00000000 0.00000000
vt 0.00000000 0.00000000
vt 0.00000000 1.00000000
vt 1.00000000 1.00000000
vt 1.00000000 0.00000000
vt 0.00000000 1.00000000
vt 0.00000000 0.00000000
vt 0.00000000 0.00000000
vt 0.00000000 1.00000000
vt 1.00000000 1.00000000
vt 1.00000000 0.00000000
vt 0.00000000 0.00000000
vt 0.00000000 1.00000000
vt 1.00000000 0.00000000
vt 1.00000000 1.00000000
vt 0.00000000 1.00000000
vt 0.00000000 0.00000000
vt 1.00000000 0.00000000
vt 1.00000000 1.00000000
vt 1.00000000 0.00000000
vt 1.00000000 1.00000000
vt 1.00000000 1.00000000
vt 1.00000000 0.00000000
vt 1.00000000 1.00000000
vt 1.00000000 0.00000000
vt 0.00000000 1.00000000
vt 0.00000000 0.00000000
vt 1.00000000 0.00000000
vt 0.00000000 1.00000000
vt 0.00000000 0.00000000
vt 0.43150300 -0.79682994
vt 1.03789902 0.98278999
vt 0.99598199 1.00797105
vt 0.99934101 0.00023901
vt -0.00429900 0.98545700
vt 0.00465200 0.00457400
vt 0.00000000 0.00000000
vt 0.00000000 1.00000000
vt 0.00000000 1.00000000
vt 0.00000000 0.00000000
vt 1.00000000 1.00000000
vt 1.00000000 0.00000000
vt 0.00000000 1.00000000
vt 0.00000000 0.00000000
vt 0.00000000 1.00000000
vt 0.00000000 0.00000000
vt 1.00000000 1.00000000
vt 1.00000000 0.00000000
vt 0.00000000 0.00000000
vt 0.00000000 1.00000000
vt 1.00000000 1.00000000
vt 1.00000000 0.00000000
vt 0.00000000 1.00000000
vt 0.00000000 0.00000000
vt 1.00000000 0.00000000
vt 1.00000000 1.00000000
vt 1.00000000 0.00000000
vt 1.00000000 1.00000000
vt 1.00000000 1.00000000
vt 1.00000000 0.00000000
vt 1.00000000 0.00000000
vt 1.00000000 1.00000000
vt 0.00000000 1.00000000
vt 0.00000000 0.00000000
vt 1.00000000 1.00000000
vt 1.00000000 0.00000000
vt 0.00000000 0.00000000
vt 0.00000000 1.00000000
vt 0.99950302 1.00071204
vt 1.00038898 0.00120002
vt 0.00467100 1.00217700
vt 0.00467100 1.00217700
vt -0.00279700 -0.00059104
vt 1.00000000 1.00000000
vt 1.00000000 1.00000000
vt 0.00000000 0.00000000
vt 0.00000000 1.00000000
vt 0.00000000 1.00000000
vt 0.00000000 0.00000000
vt 1.00000000 1.00000000
vt 1.00000000 0.00000000
vt 0.00000000 0.00000000
vt 0.00000000 1.00000000
vt 0.00000000 0.00000000
vt 0.00000000 1.00000000
vt 1.00000000 0.00000000
vt 1.00000000 1.00000000
vt 0.00000000 0.00000000
vt 0.00000000 1.00000000
vt 1.00000000 0.00000000
vt 1.00000000 1.00000000
vt 0.00000000 0.00000000
vt 0.00000000 1.00000000
vt 1.00000000 0.00000000
vt 1.00000000 1.00000000
vt 1.00000000 1.00000000
vt 1.00000000 0.00000000
vt 1.00000000 0.00000000
vt 1.00000000 1.00000000
vt 1.00000000 1.00000000
vt 1.00000000 0.00000000
vt 0.00000000 1.00000000
vt 0.00000000 0.00000000
vt 1.00000000 1.00000000
vt 1.00000000 0.00000000
vt 1.00000000 1.00000000
vt 0.00000000 1.00000000
vt 0.00000000 0.00000000
vt 1.00000000 1.00000000
vt 1.00000000 0.00000000
vt 0.00000000 0.00000000
vt 0.00000000 1.00000000
vt 0.00000000 1.00000000
vt 0.00000000 0.00000000
vt 1.00000000 0.00000000
vt 1.00000000 1.00000000
vt 0.00000000 1.00000000
vt 0.00000000 0.00000000
vt 1.00000000 1.00000000
vt 1.00000000 0.00000000
vt 0.00000000 0.00000000
vt 0.00000000 1.00000000
vt 1.00000000 1.00000000
vt 1.00000000 0.00000000
vt 1.00000000 1.00000000
vt 1.00000000 0.00000000
vt 1.00000000 0.00000000
vt 1.00000000 1.00000000
vt 1.00000000 1.00000000
vt 1.00000000 0.00000000
vt 0.00000000 0.00000000
vt 0.00000000 1.00000000
vt 1.00000000 1.00000000
vt 1.00000000 0.00000000
vt 0.00000000 1.00000000
vt 0.00000000 0.00000000
vt 1.00000000 1.00000000
vt 1.00000000 0.00000000
vt 0.00000000 1.00000000
vt 0.00000000 0.00000000
vt 0.00000000 0.00000000
vt 0.00000000 1.00000000
vt 0.00000000 1.00000000
vt 0.00000000 0.00000000
vt 0.00000000 0.00000000
vt 1.00000000 0.00000000
vt 1.00000000 1.00000000
vt 0.00000000 1.00000000
vt 0.00000000 1.00000000
vt 0.00000000 0.00000000
vt 1.00000000 0.00000000
vt 1.00000000 1.00000000
vt 0.00000000 0.00000000
vt 0.00000000 1.00000000
vt 1.00000000 1.00000000
vt 1.00000000 0.00000000
vt 0.00000000 0.00000000
vt 0.00000000 1.00000000
vt 1.00000000 0.00000000
vt 1.00000000 1.00000000
vt 1.00000000 1.00000000
vt 1.00000000 0.00000000
vt 1.00000000 0.00000000
vt 1.00000000 1.00000000
vt 1.00000000 1.00000000
vt 1.00000000 0.00000000
vt 0.00000000 1.00000000
vt 0.00000000 0.00000000
vt 1.00000000 1.00000000
vt 1.00000000 0.00000000
vt 0.00000000 1.00000000
vt 0.00000000 0.00000000
vt 1.00000000 0.00000000
vt 1.00000000 1.00000000
vt 0.00000000 1.00000000
vt 0.00000000 0.00000000
vt 0.00000000 1.00000000
vt 0.00000000 0.00000000
vt 0.00000000 0.00000000
vt 0.00000000 1.00000000
vt 1.00000000 0.00000000
vt 0.00000000 1.00000000
vt 0.00000000 0.00000000
vt 0.00000000 1.00000000
vt 1.00000000 1.00000000
vt 0.00042600 1.00007606
vt 0.00000000 0.00000000
vt 0.93568802 0.86834902
vt 0.53180701 0.69403702
vt 0.68575001 0.96129799
vt 0.53180701 0.69403702
vt 0.56327099 0.69017702
vt 0.00366800 0.99688703
vt 0.56327099 0.69017702
vt 1.18480504 0.00400698
vt 1.00000000 1.00000000
vt 1.00000000 0.00000000
vt 1.00000000 0.00000000
vt 1.00000000 1.00000000
vt 0.50149202 0.67886502
vt 0.50149202 0.67886502
vt 1.22737002 1.26533496
vt 0.22487999 0.21289098
vt 0.20685500 1.20590901
vt 0.81166202 0.37315297
vt 0.59536302 0.71266103
vt 0.42875201 -0.07448399
vt 0.59536302 0.71266103
vt 0.99744397 -0.01521695
vt 0.99071503 0.93230700
vt 0.99279302 0.94887900
vt 0.99558800 -0.02355397
vt 0.46845701 0.68553299
vt 0.46845701 0.68553299
vt 0.66234899 0.70493197
vt 0.64949399 -0.30087197
vt 0.64949399 -0.30087197
vt 0.00636700 -0.85732901
vt 0.37427199 0.69806200
vt 0.79635203 0.35273200
vt 1.27375901 -0.72226501
vt 0.62453902 0.65448803
vt 1.00000000 1.00000000
vt 1.00000000 0.00000000
vt 1.00000000 1.00000000
vt 1.00000000 0.00000000
vt 0.38993299 0.04884601
vt 0.43916199 0.33766299
vt 0.38993299 0.04884601
vt -0.26717201 -0.88097298
vt -0.26717201 -0.88097298
vt -0.24704300 -0.16074300
vt -0.24704300 -0.16074300
vt 0.00000000 1.00000000
vt 0.00000000 0.00000000
vt 1.00000000 1.00000000
vt 1.00000000 0.00000000
vt 0.00115500 -0.00061905
vt 0.02374900 1.01006103
vt 0.52796203 0.53520101
vt 0.52924299 -0.50137699
vt 1.00000000 1.00000000
vt 1.00000000 1.00000000
vt 1.00000000 1.00000000
vt 1.00000000 1.00000000
vt 0.00000000 1.00000000
vt 0.00000000 1.00000000
vt 0.00000000 1.00000000
vt 0.00000000 1.00000000
vt 0.00000000 0.00000000
vt 0.00000000 1.00000000
vt 1.00000000 1.00000000
vt 1.00000000 0.00000000
vt -0.00093900 1.00052905
vt 0.28413001 0.31728697
vt -0.00141300 -0.00198102
vt 0.27258700 -0.87701297
vt 0.00000000 1.00000000
vt 0.00000000 0.00000000
vt 1.00000000 1.00000000
vt 1.00000000 0.00000000
vt 0.00000000 0.00000000
vt 0.00000000 0.00000000
vt 0.00000000 1.00000000
vt 1.00000000 1.00000000
vt 1.00000000 0.00000000
vt 1.00000000 0.00000000
vt 1.00000000 1.00000000
vt 1.00000000 1.00000000
vt 1.00000000 0.00000000
vt 1.00000000 1.00000000
vt 1.00000000 0.00000000
vt 1.00000000 0.00000000
vt 1.00000000 1.00000000
vt 0.00000000 0.46254700
vt 1.00000000 0.46254700
vt -0.00006100 0.46242702
vt 0.24147201 -0.39146197
vt 0.00000000 0.46254700
vt 1.00000000 0.46254700
vt 1.00000000 0.46254700
vt 1.00000000 0.46254700
vt 0.20531900 0.17271900
vt 0.00151100 1.00204206
vt 0.00225200 0.00903600
vt 0.00000000 0.00000000
vt 0.00000000 1.00000000
vt 1.00000000 1.00000000
vt 1.00000000 0.00000000
vt 0.00000000 1.00000000
vt 1.00000000 0.00000000
vt 0.00000000 0.00000000
vt 1.00000000 1.00000000
vt 0.00004100 0.00008202
vt 0.97194701 1.90952098
vt -0.05477300 2.19187403
vt -0.00021300 0.99978900
vt 0.00000000 0.00000000
vt 1.00000000 0.00000000
vt 0.00000000 1.00000000
vt 1.00000000 1.00000000
vt 0.00000000 1.00000000
vt 1.00000000 1.00000000
vt 1.60938501 1.33064604
vt 0.00001100 0.49996698
vt 0.34309900 1.47106695
vt 0.99991798 0.49994302
vt 1.00000000 0.00000000
vt 1.00000000 1.00000000
vt 1.00000000 1.00000000
vt 1.00000000 0.00000000
vt 1.00000000 0.00000000
vt 1.00000000 1.00000000
vt 1.00000000 1.00000000
vt 1.00000000 0.00000000
vt 0.58794898 1.13907802
vt 0.99995601 0.99988598
vt 0.00013900 0.99995899
vt 1.00000000 0.00000000
vt 1.52352297 2.23685408
vt 0.00002800 0.99996102
vt 0.96939802 2.02500510
vt 0.99998099 0.99991602
vt 0.34011501 1.93467796
vt 0.34011501 1.93467796
vt 0.99998099 0.99991602
vt 1.00000000 1.00000000
vt 1.00000000 0.00000000
vt 0.00000000 1.00000000
vt 0.00000000 0.00000000
vt 1.00000000 0.00000000
vt 1.00000000 1.00000000
vt 0.00000000 1.00000000
vt 0.00000000 0.00000000
vt 0.00000000 1.00000000
vt 0.00000000 0.00000000
vt 0.00000000 0.00000000
vt 0.00000000 1.00000000
vt 1.00000000 1.00000000
vt 1.00000000 0.00000000
vt 0.00000000 1.00000000
vt 0.00000000 0.00000000
vt 0.98702401 0.88324398
vt -0.02533500 1.01384604
vt 1.24215400 1.03465104
vt 0.44839299 0.93666101
vt 1.00000000 0.46254700
vt 0.00000000 0.46254700
vt 0.00000000 0.46254700
vt 0.00000000 0.46254700
vt 1.00000000 1.00000000
vt 1.00000000 0.00000000
vt 0.00000000 1.00000000
vt 0.00000000 0.00000000
vt 0.00000000 0.00000000
vt 0.00000000 1.00000000
vt 0.00000000 1.00000000
vt 0.00000000 0.00000000
vt 1.00000000 1.00013900
vt 1.00000000 -1.29938412
vt 1.00000000 -1.29938412
vt 1.00000000 1.00013900
vt 1.00000000 -0.00147605
vt 1.00000000 0.00000000
vt 1.00000000 0.00000000
vt 1.00000000 0.00000000
vt 1.00000000 0.00000000
vt 0.55110800 -1.32270193
vt 1.00000000 1.11920202
vt 1.00000000 0.00000000
vt 1.00000000 0.00000000
vt 1.00000000 0.00000000
vt 1.00000000 0.00000000
vt 1.00000000 0.00000000
vt 1.00000000 0.00000000
vt 1.00000000 0.00000000
vt 1.00000000 0.00000000
vt 1.00000000 1.00000000
vt 1.00000000 1.00000000
vt 1.00000000 1.00000000
vt 1.00000000 1.00000000
vt 1.00000000 1.00000000
vt 1.00000000 1.00000000
vt 1.00000000 0.00000000
vt 1.00000000 0.00000000
vt 1.00000000 0.00000000
vt 1.00000000 0.00000000
vt 1.00000000 1.11920202
vt 1.00000000 1.11920202
vt 1.00000000 1.11920202
vt 1.00000000 0.00000000
vt 1.00000000 0.00000000
vt 1.00000000 0.00000000
vt 1.00000000 0.00000000
vt 1.00000000 -1.29938412
vt 1.00000000 -1.29938412
vt 1.00000000 1.00000000
vt 1.00000000 1.00000000
vt 1.00000000 1.00000000
vt 1.00000000 1.00000000
vt 1.00000000 1.00000000
vt 1.00000000 1.00000000
vt 1.00000000 0.00899702
vt 1.00000000 0.00899702
vt 1.00000000 0.00899702
vt 0.00000000 0.00000000
vt 1.00000000 -1.25274706
vt 0.00000000 0.00000000
vt 1.00000000 0.00000000
vt 1.00000000 1.03177404
vt 1.00000000 1.03177404
vt 1.00000000 0.00000000
vt 1.00000000 1.09544504
vt 1.00000000 0.00000000
vt 1.00000000 1.09544504
vt -0.02654800 0.13899601
vt -0.02654800 0.13899601
vt 1.08871698 -0.02081299
vt 0.00000000 0.89335197
vt 0.00000000 0.89335197
vt 1.00000000 0.89335197
vt 1.00000000 0.89335197
vt 0.00000000 1.00000000
vt 0.00000000 1.00000000
vt 1.00000000 1.00000000
vt 1.00000000 1.00000000
vt 0.50661403 0.30563200
vt -0.00263200 0.30906796
vt 1.03369701 0.30218101
vt 0.00000000 0.50000000
vt 0.50000000 0.50000000
vt 0.50000000 1.00000000
vt 0.00000000 1.00000000
vt 1.00000000 0.50000000
vt 1.00000000 1.00000000
vt 0.19900200 0.00000000
vt 0.19900200 0.00000000
vt 0.19900200 0.00000000
vt 0.19900200 0.00000000
vt 0.00000000 0.00000000
vt 0.00000000 0.00000000
vt 0.00000000 0.00000000
vt 0.00000000 0.00000000
vt 0.19900200 1.00000000
vt 0.19900200 1.00000000
vt 0.19900200 1.00000000
vt 0.19900200 1.00000000
vt 0.00000000 1.00000000
vt 0.00000000 1.00000000
vt 0.00000000 1.00000000
vt 0.00000000 1.00000000
vt 0.09950100 0.50000000
vt 0.09950100 0.50000000
vt 0.09950100 0.50000000
vt 0.09950100 0.50000000
vt 0.00000000 0.00000000
vt 0.50000000 0.00000000
vt 0.50000000 0.50000000
vt 0.00000000 0.50000000
vt 1.00000000 0.00000000
vt 1.00000000 0.50000000
vt 0.50000000 1.00000000
vt 0.00000000 1.00000000
vt 1.00000000 1.00000000
vt 0.00000000 0.00000000
vt 0.50000000 0.00000000
vt 0.50000000 0.29161096
vt 0.00000000 0.29161096
vt 1.00000000 0.00000000
vt 1.00000000 0.29161096
vt 0.00000000 0.50000000
vt 0.50000000 0.50000000
vt 0.50000000 1.00000000
vt 0.00000000 1.00000000
vt 1.00000000 0.50000000
vt 1.00000000 1.00000000
vt 0.37500000 0.31250000
vt 0.61048502 0.04576498
vt 0.61048502 0.04576498
vt 0.62500000 0.31250000
vt 0.49963701 -0.00355101
vt 0.49963701 -0.00355101
vt 0.40455201 0.31976700
vt 0.49963701 -0.00355101
vt 0.97718900 1.25130498
vt 0.60178602 -0.50449300
vt 0.40472201 0.66325700
vt 1.00000000 0.00000000
vt 0.34375000 0.15625000
vt 0.46875000 0.31250000
vt 0.34375000 0.15625000
vt 0.46875000 0.31250000
vt 0.43680999 0.49756396
vt 0.16367801 0.17176402
vt 0.38951501 0.26673496
vt 0.50000000 0.31250000
vt 0.38951501 0.26673496
vt 0.50000000 0.31250000
vt 0.50000000 0.31250000
vt 0.53125000 0.31250000
vt 0.50000000 0.31250000
vt 0.53125000 0.31250000
vt 0.56250000 0.31250000
vt 0.61048502 0.26673496
vt 0.56250000 0.31250000
vt 0.61048502 0.26673496
vt 0.59375000 0.31250000
vt 0.65625000 0.15625000
vt 0.59375000 0.31250000
vt 0.65625000 0.15625000
vt 0.50000000 0.00000000
vt 0.50000000 0.00000000
vt 0.61048502 0.04576498
vt 0.61048502 0.04576498
vt 0.61048502 0.04576498
vt 0.61048502 0.04576498
vt 0.50000000 0.14999998
vt 0.38951501 0.04576498
vt 0.38951501 0.04576498
vt 0.38951501 0.04576498
vt 0.38951501 0.04576498
vt 0.34375000 0.15625000
vt 0.34375000 0.15625000
vt 0.40094900 0.25156701
vt 0.40094900 0.25156701
vt 0.40094900 0.25156701
vt 0.40094900 0.25156701
vt 0.50000000 0.31250000
vt 0.50000000 0.31250000
vt 0.61048502 0.26673496
vt 0.61048502 0.26673496
vt 0.63160503 0.15555501
vt 0.63160503 0.15555501
vt 0.63160503 0.15555501
vt 0.61048502 0.04576498
vt 0.61048502 0.04576498
vt 0.61048502 0.04576498
vt 0.61048502 0.04576498
vt 0.50000000 0.00000000
vt 0.50000000 0.00000000
vt 0.50000000 0.00000000
vt 0.50000000 0.00000000
vt 0.38951501 0.04576498
vt 0.38951501 0.04576498
vt 0.38951501 0.04576498
vt 0.38951501 0.04576498
vt 0.34375000 0.15625000
vt 0.34375000 0.15625000
vt 0.34375000 0.15625000
vt 0.34375000 0.15625000
vt 0.38951501 0.26673496
vt 0.38951501 0.26673496
vt 0.38951501 0.26673496
vt 0.38951501 0.26673496
vt 0.50000000 0.31250000
vt 0.50000000 0.31250000
vt 0.50000000 0.31250000
vt 0.50000000 0.31250000
vt 0.61048502 0.26673496
vt 0.61048502 0.26673496
vt 0.61048502 0.26673496
vt 0.61048502 0.26673496
vt 0.65625000 0.15625000
vt 0.65625000 0.15625000
vt 0.65625000 0.15625000
vt 0.65625000 0.15625000
vt 0.61048502 0.04576498
vt 0.61048502 0.04576498
vt 0.50000000 0.00000000
vt 0.50000000 0.00000000
vt 0.38951501 0.04576498
vt 0.38951501 0.04576498
vt 0.34375000 0.15625000
vt 0.34375000 0.15625000
vt 0.38951501 0.26673496
vt 0.38951501 0.26673496
vt 0.50000000 0.31250000
vt 0.50000000 0.31250000
vt 0.61048502 0.26673496
vt 0.61048502 0.26673496
vt 0.65625000 0.15625000
vt 0.65625000 0.15625000
vt 0.61048502 0.04576498
vt 0.61048502 0.04576498
vt 0.50000000 0.00000000
vt 0.50000000 0.00000000
vt 0.38951501 0.04576498
vt 0.38951501 0.04576498
vt 0.34375000 0.15625000
vt 0.34375000 0.15625000
vt 0.38951501 0.26673496
vt 0.38951501 0.26673496
vt 0.50000000 0.31250000
vt 0.50000000 0.31250000
vt 0.61048502 0.26673496
vt 0.61048502 0.26673496
vt 0.65625000 0.15625000
vt 0.65625000 0.15625000
vt 0.61048502 0.04576498
vt 0.61048502 0.04576498
vt 0.50000000 0.00000000
vt 0.50000000 0.00000000
vt 0.38951501 0.04576498
vt 0.38951501 0.04576498
vt 0.34375000 0.15625000
vt 0.34375000 0.15625000
vt 0.38951501 0.26673496
vt 0.38951501 0.26673496
vt 0.50000000 0.31250000
vt 0.50000000 0.31250000
vt 0.61048502 0.26673496
vt 0.61048502 0.26673496
vt 0.65625000 0.15625000
vt 0.65625000 0.15625000
vt 0.61048502 0.04576498
vt 0.61048502 0.04576498
vt 0.61048502 0.04576498
vt 0.61048502 0.04576498
vt 0.61048502 0.04576498
vt 0.50000000 0.00000000
vt 0.50000000 0.00000000
vt 0.50000000 0.00000000
vt 0.50000000 0.00000000
vt 0.38951501 0.04576498
vt 0.38951501 0.04576498
vt 0.38951501 0.04576498
vt 0.38951501 0.04576498
vt 0.38951501 0.04576498
vt 0.34375000 0.15625000
vt 0.34375000 0.15625000
vt 0.34375000 0.15625000
vt 0.39852700 0.26118499
vt 0.39852700 0.26118499
vt 0.39852700 0.26118499
vt 0.39852700 0.26118499
vt 0.39852700 0.26118499
vt 0.39852700 0.26118499
vt 0.50000000 0.31250000
vt 0.50000000 0.31250000
vt 0.50000000 0.31250000
vt 0.50000000 0.31250000
vt 0.60688400 0.24671900
vt 0.60688400 0.24671900
vt 0.60688400 0.24671900
vt 0.60688400 0.24671900
vt 0.60688400 0.24671900
vt 0.60688400 0.24671900
vt 0.63716400 0.16172999
vt 0.63716400 0.16172999
vt 0.63716400 0.16172999
vt 0.63716400 0.16172999
vt 0.38951501 0.26673496
vt 0.38951501 0.26673496
vt 0.38951501 0.26673496
vt 0.38951501 0.26673496
vt 0.38951501 0.26673496
vt 0.50000000 0.31250000
vt 0.50000000 0.31250000
vt 0.39264601 0.26516801
vt 0.39264601 0.26516801
vt 0.38951501 0.26673496
vt 0.38951501 0.26673496
vt 0.38951501 0.26673496
vt 0.38951501 0.26673496
vt 0.38951501 0.26673496
vt 0.38951501 0.26673496
vt 0.50000000 0.31250000
vt 0.38951501 0.26673496
vt 0.38951501 0.26673496
vt 0.61048502 0.26673496
vt 0.61048502 0.26673496
vt 0.61048502 0.26673496
vt 0.61048502 0.26673496
vt 0.61048502 0.26673496
vt 0.61048502 0.26673496
vt 0.61048502 0.26673496
vt 0.61048502 0.26673496
vt 0.61048502 0.26673496
vt 0.61048502 0.26673496
vt 0.61048502 0.26673496
vt 0.61048502 0.26673496
vt 0.61048502 0.26673496
vt 0.61048502 0.26673496
vt 0.61048502 0.26673496
vt 0.61048502 0.26673496
vt 0.61048502 0.26673496
vt 0.61048502 0.26673496
vt 0.61048502 0.26673496
vt 0.61048502 0.04576498
vt 0.61048502 0.04576498
vt 0.50000000 0.00000000
vt 0.50000000 0.00000000
vt 0.61048502 0.04576498
vt 0.61048502 0.04576498
vt 0.61048502 0.04576498
vt 0.61048502 0.04576498
vt 0.61048502 0.04576498
vt 0.50000000 0.00000000
vt 0.38951501 0.04576498
vt 0.38951501 0.04576498
vt 0.38951501 0.04576498
vt 0.38951501 0.04576498
vt 0.38951501 0.04576498
vt 0.38951501 0.04576498
vt 0.38951501 0.04576498
vt 0.61048502 0.04576498
vt 0.61048502 0.04576498
vt 0.50000000 0.00000000
vt 0.50000000 0.00000000
vt 0.38951501 0.04576498
vt 0.38951501 0.04576498
vt 0.38951501 0.04576498
vt 0.38951501 0.04576498
vt 0.38951501 0.04576498
vt 0.50000000 0.00000000
vt 0.50000000 0.00000000
vt 0.61048502 0.04576498
vt 0.61048502 0.04576498
vt 0.61048502 0.04576498
vt 0.61048502 0.04576498
vt 0.61048502 0.04576498
vt 0.61048502 0.04576498
vt 0.61048502 0.04576498
vt 0.50000000 0.00000000
vt 0.50000000 0.00000000
vt 0.50000000 0.00000000
vt 0.50000000 0.00000000
vt 0.38951501 0.04576498
vt 0.38951501 0.04576498
vt 0.38951501 0.04576498
vt 0.38951501 0.04576498
vt 0.38951501 0.04576498
vt 0.38951501 0.04576498
vt 0.38951501 0.04576498
vt 0.38951501 0.04576498
vt 0.38951501 0.04576498
vt 0.38951501 0.04576498
vt 0.50000000 0.00000000
vt 0.50000000 0.00000000
vt 0.50000000 0.00000000
vt 0.50000000 0.00000000
vt 0.61048502 0.04576498
vt 0.61048502 0.04576498
vt 0.61048502 0.04576498
vt 0.61048502 0.04576498
vt 0.61048502 0.04576498
vt 0.61048502 0.04576498
vt 0.61048502 0.04576498
vt 0.61048502 0.04576498
vt 0.61048502 0.04576498
vt 0.61048502 0.04576498
vt 0.50000000 0.00000000
vt 0.50000000 0.00000000
vt 0.50000000 0.00000000
vt 0.50000000 0.00000000
vt 0.61048502 0.04576498
vt 0.61048502 0.04576498
vt 0.61048502 0.04576498
vt 0.61048502 0.04576498
vt 0.61048502 0.04576498
vt 0.61048502 0.04576498
vt 0.61048502 0.04576498
vt 0.50000000 0.00000000
vt 0.50000000 0.00000000
vt 0.50000000 0.00000000
vt 0.50000000 0.00000000
vt 0.38951501 0.04576498
vt 0.38951501 0.04576498
vt 0.38951501 0.04576498
vt 0.38951501 0.04576498
vt 0.38951501 0.04576498
vt 0.38951501 0.04576498
vt 0.38951501 0.04576498
vt 0.38951501 0.04576498
vt 0.38951501 0.04576498
vt 0.38951501 0.04576498
vt 0.38951501 0.04576498
vt 0.61048502 0.26673496
vt 0.61048502 0.26673496
vt 0.61048502 0.26673496
vt 0.61048502 0.26673496
vt 0.38951501 0.26673496
vt 0.38951501 0.26673496
vt 0.38951501 0.26673496
vt 0.38951501 0.26673496
vt 0.61048502 0.04576498
vt 0.61048502 0.04576498
vt 0.61048502 0.04576498
vt 0.61048502 0.04576498
vt 0.61048502 0.04576498
vt 0.50000000 0.00000000
vt 0.50000000 0.00000000
vt 0.50000000 0.00000000
vt 0.50000000 0.00000000
vt 0.50000000 0.03051001
vt 0.50000000 0.03051001
vt 0.50000000 0.03051001
vt 0.50000000 0.03051001
vt 0.50000000 0.03051001
vt 0.50000000 0.03051001
vt 0.38951501 0.04576498
vt 0.38951501 0.04576498
vt 0.38951501 0.04576498
vt 0.38951501 0.04576498
vt 0.38951501 0.04576498
vt 0.38951501 0.04576498
vt 0.38951501 0.04576498
vt 0.38951501 0.04576498
vt 0.38951501 0.04576498
vt 0.50000000 0.00000000
vt 0.50000000 0.00000000
vt 0.50000000 0.00000000
vt 0.50000000 0.00000000
vt 0.61048502 0.04576498
vt 0.61048502 0.04576498
vt 0.61048502 0.04576498
vt 0.61048502 0.04576498
vt 0.61048502 0.26673496
vt 0.61048502 0.26673496
vt 0.61048502 0.26673496
vt 0.61048502 0.26673496
vt 0.61048502 0.26673496
vt 0.61048502 0.26673496
vt 0.61048502 0.26673496
vt 0.61048502 0.26673496
vt 0.61048502 0.26673496
vt 0.61048502 0.26673496
vt 0.50000000 0.31250000
vt 0.50000000 0.31250000
vt 0.50000000 0.31250000
vt 0.38951501 0.26673496
vt 0.38951501 0.26673496
vt 0.38951501 0.26673496
vt 0.38951501 0.26673496
vt 0.38951501 0.26673496
vt 0.38951501 0.26673496
vt 0.38951501 0.26673496
vt 0.38951501 0.26673496
vt 0.38951501 0.26673496
vt 0.38951501 0.26673496
vt 0.50000000 0.31250000
vt 0.50000000 0.31250000
vt 0.50000000 0.31250000
vt 0.50000000 0.31250000
vt 0.50000000 0.31250000
vt 0.50000000 0.31250000
vt 0.61048502 0.26673496
vt 0.61048502 0.26673496
vt 0.61048502 0.26673496
vt 0.61048502 0.26673496
vt 0.61048502 0.26673496
vt 0.61048502 0.26673496
vt 0.61048502 0.26673496
vt 0.61048502 0.26673496
vt 0.61048502 0.26673496
vt 0.61048502 0.26673496
vt 0.61048502 0.26673496
vt 0.61048502 0.26673496
vt 0.61048502 0.26673496
vt 0.61048502 0.26673496
vt 0.61048502 0.26673496
vt 0.61048502 0.26673496
vt 0.50000000 0.31250000
vt 0.50000000 0.31250000
vt 0.50000000 0.31250000
vt 0.38951501 0.26673496
vt 0.38951501 0.26673496
vt 0.38951501 0.26673496
vt 0.38951501 0.26673496
vt 0.38951501 0.26673496
vt 0.38951501 0.26673496
vt 0.38951501 0.26673496
vt 0.38951501 0.26673496
vt 0.38951501 0.26673496
vt 0.38951501 0.26673496
vt 0.38951501 0.26673496
vt 0.38951501 0.26673496
vt 0.38951501 0.26673496
vt 0.38951501 0.26673496
vt 0.38951501 0.26673496
vt 0.38951501 0.26673496
vt 0.38951501 0.26673496
vt 0.38951501 0.26673496
vt 0.38951501 0.26673496
vt 0.38951501 0.26673496
vt 0.38951501 0.26673496
vt 0.38951501 0.26673496
vt 0.50000000 0.31250000
vt 0.50000000 0.31250000
vt 0.50000000 0.31250000
vt 0.61048502 0.26673496
vt 0.61048502 0.26673496
vt 0.61048502 0.26673496
vt 0.61048502 0.26673496
vt 0.61048502 0.26673496
vt 0.61048502 0.26673496
vt 0.61048502 0.26673496
vt 0.50000000 0.31250000
vt 0.50000000 0.31250000
vt 0.50000000 0.31250000
vt 0.50000000 0.31250000
vt 0.61048502 0.26673496
vt 0.61048502 0.26673496
vt 0.61048502 0.26673496
vt 0.61048502 0.26673496
vt 0.38951501 0.26673496
vt 0.38951501 0.26673496
vt 0.38951501 0.26673496
vt 0.38951501 0.26673496
vt 0.38951501 0.26673496
vt 0.38951501 0.26673496
vt 0.50000000 0.31250000
vt 0.50000000 0.31250000
vt 0.61048502 0.26673496
vt 0.61048502 0.26673496
vt 0.62917298 0.15604603
vt 0.62917298 0.15604603
vt 0.38951501 0.15625000
vt 0.61048502 0.26673496
vt 0.61048502 0.26673496
vt 0.61048502 0.26673496
vt 0.61048502 0.26673496
vt 0.61048502 0.26673496
vt 0.61048502 0.26673496
vt 0.61048502 0.26673496
vt 0.61048502 0.26673496
vt 0.61048502 0.26673496
vt 0.61048502 0.26673496
vt 0.61048502 0.26673496
vt 0.61048502 0.26673496
vt 0.61048502 0.26673496
vt 0.61048502 0.26673496
vt 0.61048502 0.26673496
vt 0.61048502 0.26673496
vt 0.61048502 0.26673496
vt 0.61048502 0.26673496
vt 0.61048502 0.26673496
vt 0.61048502 0.26673496
vt 0.61048502 0.26673496
vt 0.61048502 0.26673496
vt 0.61048502 0.26673496
vt 0.61048502 0.26673496
vt 0.61048502 0.26673496
vt 0.61048502 0.26673496
vt 0.61048502 0.26673496
vt 0.61048502 0.26673496
vt 0.61048502 0.26673496
vt 0.61048502 0.26673496
vt 0.38951501 0.26673496
vt 0.38951501 0.26673496
vt 0.38951501 0.26673496
vt 0.38951501 0.26673496
vt 0.38951501 0.26673496
vt 0.38951501 0.26673496
vt 0.38951501 0.26673496
vt 0.38951501 0.26673496
vt 0.38951501 0.26673496
vt 0.38951501 0.26673496
vt 0.38951501 0.26673496
vt 0.38951501 0.26673496
vt 0.38951501 0.26673496
vt 0.38951501 0.26673496
vt 0.38951501 0.26673496
vt 0.38951501 0.26673496
vt 0.38951501 0.26673496
vt 0.38951501 0.26673496
vt 0.38951501 0.26673496
vt 0.38951501 0.26673496
vt 0.38951501 0.26673496
vt 0.38951501 0.26673496
vt 0.38951501 0.26673496
vt 0.38951501 0.26673496
vt 0.38951501 0.26673496
vt 0.38951501 0.26673496
vt 0.38951501 0.26673496
vt 0.61048502 0.26673496
vt 0.61048502 0.26673496
vt 0.61048502 0.26673496
vt 0.61048502 0.26673496
vt 0.61048502 0.26673496
vt 0.61048502 0.26673496
vt 0.61048502 0.26673496
vt 0.61048502 0.26673496
vt 0.61048502 0.26673496
vt 0.61048502 0.26673496
vt 0.61048502 0.26673496
vt 0.61048502 0.26673496
vt 0.61048502 0.26673496
vt 0.61048502 0.26673496
vt 0.61048502 0.26673496
vt 0.61048502 0.26673496
vt 0.61048502 0.26673496
vt 0.61048502 0.26673496
vt 0.61048502 0.26673496
vt 0.61048502 0.26673496
vt 0.61048502 0.26673496
vt 0.61048502 0.26673496
vt 0.61048502 0.26673496
vt 0.61048502 0.26673496
vt 0.61048502 0.26673496
vt 0.61048502 0.26673496
vt 0.61048502 0.26673496
vt 0.61048502 0.26673496
vt 0.61048502 0.26673496
vt 0.38951501 0.26673496
vt 0.38951501 0.26673496
vt 0.38951501 0.26673496
vt 0.38951501 0.26673496
vt 0.38951501 0.26673496
vt 0.38951501 0.26673496
vt 0.38951501 0.26673496
vt 0.38951501 0.26673496
vt 0.38951501 0.26673496
vt 0.38951501 0.26673496
vt 0.38951501 0.26673496
vt 0.38951501 0.26673496
vt 0.38951501 0.26673496
vt 0.38951501 0.26673496
vt 0.38951501 0.26673496
vt 0.38951501 0.26673496
vt 0.38951501 0.26673496
vt 0.38951501 0.26673496
vt 0.38951501 0.26673496
vt 0.38951501 0.26673496
vt 0.38951501 0.26673496
vt 0.38951501 0.26673496
vt 0.38951501 0.26673496
vt 0.38951501 0.26673496
vt 0.38951501 0.26673496
vt 0.38951501 0.26673496
vt 0.38951501 0.26673496
vt 0.38951501 0.26673496
vt 0.38951501 0.26673496
vt 0.38951501 0.26673496
vt 0.38951501 0.26673496
vt 0.38951501 0.26673496
vt 0.38951501 0.26673496
vt 0.38951501 0.26673496
vt 0.38951501 0.26673496
vt 0.38951501 0.26673496
vt 0.38951501 0.26673496
vt 0.50000000 0.28198999
vt 0.50000000 0.28198999
vt 0.50000000 0.28198999
vt 0.50000000 0.28198999
vt 0.50000000 0.28198999
vt 0.50000000 0.28198999
vt 0.50000000 0.28198999
vt 0.50000000 0.28198999
vt 0.50000000 0.31250000
vt 0.50000000 0.31250000
vt 0.50000000 0.31250000
vt 0.50000000 0.31250000
vt 0.61048502 0.26673496
vt 0.61048502 0.26673496
vt 0.61048502 0.26673496
vt 0.61048502 0.26673496
vt 0.61048502 0.26673496
vt 0.61048502 0.26673496
vt 0.61048502 0.26673496
vt 0.61048502 0.26673496
vt 0.61048502 0.26673496
vt 0.61048502 0.26673496
vt 0.61048502 0.26673496
vt 0.61048502 0.26673496
vt 0.50000000 0.31250000
vt 0.50000000 0.31250000
vt 0.50000000 0.31250000
vt 0.50000000 0.31250000
vt 0.38951501 0.26673496
vt 0.38951501 0.26673496
vt 0.38951501 0.26673496
vt 0.38951501 0.26673496
vt 0.61048502 0.26673496
vt 0.61048502 0.26673496
vt 0.61048502 0.26673496
vt 0.61048502 0.26673496
vt 0.61048502 0.26673496
vt 0.61048502 0.26673496
vt 0.61048502 0.26673496
vt 0.61048502 0.26673496
vt 0.61048502 0.26673496
vt 0.61048502 0.26673496
vt 0.61048502 0.26673496
vt 0.61048502 0.26673496
vt 0.61048502 0.26673496
vt 0.61048502 0.26673496
vt 0.61048502 0.26673496
vt 0.61048502 0.26673496
vt 0.61048502 0.26673496
vt 0.61048502 0.26673496
vt 0.61048502 0.26673496
vt 0.61048502 0.26673496
vt 0.61048502 0.26673496
vt 0.61048502 0.26673496
vt 0.61048502 0.26673496
vt 0.61048502 0.26673496
vt 0.61048502 0.26673496
vt 0.61048502 0.26673496
vt 0.61048502 0.26673496
vt 0.61048502 0.26673496
vt 0.61048502 0.26673496
vt 0.61048502 0.26673496
vt 0.61048502 0.26673496
vt 0.61048502 0.26673496
vt 0.61048502 0.26673496
vt 0.61048502 0.26673496
vt 0.61048502 0.26673496
vt 0.61048502 0.26673496
vt 0.61048502 0.26673496
vt 0.61048502 0.26673496
vt 0.61048502 0.26673496
vt 0.61048502 0.26673496
vt 0.61048502 0.26673496
vt 0.61048502 0.26673496
vt 0.61048502 0.26673496
vt 0.61048502 0.26673496
vt 0.61048502 0.26673496
vt 0.61048502 0.26673496
vt 0.61048502 0.26673496
vt 0.61048502 0.26673496
vt 0.61048502 0.26673496
vt 0.61048502 0.26673496
vt 0.61048502 0.26673496
vt 0.61048502 0.26673496
vt 0.61048502 0.26673496
vt 0.61048502 0.26673496
vt 0.61048502 0.26673496
vt 0.61048502 0.26673496
vt 0.61048502 0.26673496
vt 0.61048502 0.26673496
vt 0.61048502 0.26673496
vt 0.61048502 0.26673496
vt 0.61048502 0.26673496
vt 0.61048502 0.26673496
vt 0.61048502 0.26673496
vt 0.61048502 0.26673496
vt 0.38951501 0.26673496
vt 0.38951501 0.26673496
vt 0.38951501 0.26673496
vt 0.38951501 0.26673496
vt 0.38951501 0.26673496
vt 0.38951501 0.26673496
vt 0.38951501 0.26673496
vt 0.38951501 0.26673496
vt 0.38951501 0.26673496
vt 0.38951501 0.26673496
vt 0.38951501 0.26673496
vt 0.38951501 0.26673496
vt 0.38951501 0.26673496
vt 0.38951501 0.26673496
vt 0.38951501 0.26673496
vt 0.38951501 0.26673496
vt 0.38951501 0.26673496
vt 0.38951501 0.26673496
vt 0.38951501 0.26673496
vt 0.38951501 0.26673496
vt 0.38951501 0.26673496
vt 0.38951501 0.26673496
vt 0.38951501 0.26673496
vt 0.38951501 0.26673496
vt 0.38951501 0.26673496
vt 0.38951501 0.26673496
vt 0.38951501 0.26673496
vt 0.38951501 0.26673496
vt 0.38951501 0.26673496
vt 0.38951501 0.26673496
vt 0.38951501 0.26673496
vt 0.38951501 0.26673496
vt 0.38951501 0.26673496
vt 0.38951501 0.26673496
vt 0.38951501 0.26673496
vt 0.38951501 0.26673496
vt 0.38951501 0.26673496
vt 0.38951501 0.26673496
vt 0.38951501 0.26673496
vt 0.38951501 0.26673496
vt 0.38951501 0.26673496
vt 0.38951501 0.26673496
vt 0.38951501 0.26673496
vt 0.38951501 0.26673496
vt 0.38951501 0.26673496
vt 0.38951501 0.26673496
vt 0.38951501 0.26673496
vt 0.38951501 0.26673496
vt 0.38951501 0.26673496
vt 0.38951501 0.26673496
vt 0.38951501 0.26673496
vt 0.38951501 0.26673496
vt 0.38951501 0.26673496
vt 0.38951501 0.26673496
vt 0.38951501 0.26673496
vt 0.38951501 0.26673496
vt 0.38951501 0.26673496
vt 0.38951501 0.26673496
vt 0.38951501 0.26673496
vt 0.38951501 0.26673496
vt 0.38951501 0.26673496
vt 0.38951501 0.26673496
vt 0.38951501 0.26673496
vt 0.38951501 0.26673496
vt 0.38951501 0.26673496
vt 0.38951501 0.26673496
vt 0.38951501 0.26673496
vt 0.38951501 0.26673496
vt 0.38951501 0.26673496
vt 0.38951501 0.26673496
vt 0.38951501 0.26673496
vt 0.38951501 0.26673496
vt 0.38951501 0.26673496
vt 0.38951501 0.26673496
vt 0.38951501 0.26673496
vt 0.38951501 0.26673496
vt 0.38951501 0.26673496
vt 0.38951501 0.26673496
vt 0.38951501 0.26673496
vt 0.38951501 0.26673496
vt 0.38951501 0.26673496
vt 0.38951501 0.26673496
vt 0.38951501 0.26673496
vt 0.38951501 0.26673496
vt 0.38951501 0.26673496
vt 0.38951501 0.26673496
vt 0.38951501 0.26673496
vt 0.38951501 0.26673496
vt 0.38951501 0.26673496
vt 0.38951501 0.26673496
vt 0.38951501 0.26673496
vt 0.38951501 0.26673496
vt 0.38951501 0.26673496
vt 0.00000000 0.00000000
vt 0.50000000 0.00000000
vt 0.50000000 0.26805604
vt 0.00000000 0.26805604
vt 1.00000000 0.00000000
vt 1.00000000 0.26805604
vt 0.00000000 0.50000000
vt 0.50000000 0.50000000
vt 0.50000000 1.00000000
vt 0.00000000 1.00000000
vt 1.00000000 0.50000000
vt 1.00000000 1.00000000
vt 0.00000000 0.00000000
vt 0.50000000 0.00000000
vt 0.50000000 0.15811503
vt 0.00000000 0.15811503
vt 1.00000000 0.00000000
vt 1.00000000 0.15811503
vt 0.00000000 0.50000000
vt 0.50000000 0.50000000
vt 0.50000000 1.00000000
vt 0.00000000 1.00000000
vt 1.00000000 0.50000000
vt 1.00000000 1.00000000
vt 0.00000000 0.00000000
vt 0.00000000 0.29161096
vt 0.50000000 0.29161096
vt 0.50000000 0.00000000
vt 1.00000000 0.29161096
vt 1.00000000 0.00000000
vt 0.00000000 0.50000000
vt 0.00000000 1.00000000
vt 0.50000000 1.00000000
vt 0.50000000 0.50000000
vt 1.00000000 1.00000000
vt 1.00000000 0.50000000
vt 0.00000000 0.00000000
vt 0.00000000 0.29161096
vt 0.50000000 0.29161096
vt 0.50000000 0.00000000
vt 1.00000000 0.29161096
vt 1.00000000 0.00000000
vt 0.00000000 0.50000000
vt 0.00000000 1.00000000
vt 0.50000000 1.00000000
vt 0.50000000 0.50000000
vt 1.00000000 1.00000000
vt 1.00000000 0.50000000
vt 0.00000000 0.00000000
vt 0.00000000 0.29161096
vt 0.50000000 0.29161096
vt 0.50000000 0.00000000
vt 1.00000000 0.29161096
vt 1.00000000 0.00000000
vt 0.00000000 0.50000000
vt 0.00000000 1.00000000
vt 0.50000000 1.00000000
vt 0.50000000 0.50000000
vt 1.00000000 1.00000000
vt 1.00000000 0.50000000
vt 0.00000000 0.00000000
vt 0.00000000 0.50000000
vt 0.50000000 0.50000000
vt 0.50000000 0.00000000
vt 1.00000000 0.50000000
vt 1.00000000 0.00000000
vt 0.00000000 1.00000000
vt 0.50000000 1.00000000
vt 1.00000000 1.00000000
vt 0.00000000 0.00000000
vt 0.00000000 0.50000000
vt 0.50000000 0.50000000
vt 0.50000000 0.00000000
vt 0.00000000 0.50000000
vt 1.00000000 0.50000000
vt 1.00000000 0.00000000
vt 0.00000000 1.00000000
vt 0.50000000 1.00000000
vt 1.00000000 1.00000000
vt 0.00000000 0.00000000
vt 1.00000000 0.00000000
vt 0.00000000 0.50000000
vt 0.50000000 0.50000000
vt 0.00000000 0.00000000
vt 0.50000000 0.00000000
vt 1.00000000 0.00000000
vt 1.00000000 0.50000000
vt 0.00000000 0.00000000
vt 1.00000000 0.00000000
vt 0.00000000 1.00000000
vt 0.50000000 1.00000000
vt 1.00000000 1.00000000
vt 0.54895598 -0.00313306
vt 1.10323799 0.10000998
vt 0.94147998 1.01492095
vt 1.10323799 0.10000998
vt 0.25655600 1.02644098
vt -0.01551600 -0.00217605
vt -0.16152300 1.01586497
vt 0.01992700 0.08447599
vt -0.78915101 1.02672195
vt 0.54895598 -0.00313306
vt 0.01992700 0.08447599
vt 1.13911796 0.99240500
vt 1.08047700 0.08252800
vt 0.48346299 1.00432801
vt -0.09165900 0.00313002
vt 1.08047700 0.08252800
vt 0.53476101 -0.01139402
vt 0.52086598 0.11872000
vt 1.09843898 -0.01186800
vt 0.52086598 0.11872000
vt -0.18681601 1.04857004
vt 0.52086598 0.11872000
vt -0.78538901 1.05777204
vt 0.53476101 -0.01139402
vt 0.00000000 0.00000000
vt 1.00000000 0.00000000
vt 0.50000000 0.50000000
vt 0.00000000 0.00000000
vt 0.50000000 0.00000000
vt 1.00000000 0.00000000
vt 1.00000000 0.50000000
vt 0.00000000 0.00000000
vt 1.00000000 0.00000000
vt 0.00000000 1.00000000
vt 0.50000000 1.00000000
vt 1.00000000 1.00000000
vt 0.00000000 0.30600899
vt 0.50000000 0.30600899
vt 1.00000000 0.30600899
vt 0.00000000 0.50000000
vt 0.00000000 1.00000000
vt 0.50000000 1.00000000
vt 0.50000000 0.50000000
vt 1.00000000 1.00000000
vt 1.00000000 0.50000000
vt 0.00000000 0.00000000
vt 1.00000000 0.00000000
vt 0.00000000 1.00000000
vt 0.00000000 0.00000000
vt 1.00000000 0.00000000
vt 1.00000000 0.00000000
vt 1.00000000 0.00000000
vt 0.00000000 0.00000000
vt 1.00000000 1.00000000
vt 1.00000000 0.00000000
vt 0.00000000 0.00000000
vt 0.00000000 0.00000000
vt 1.00000000 0.00000000
vt 0.00000000 1.00000000
vt 0.00000000 0.00000000
vt 1.00000000 0.00000000
vt 0.00000000 0.00000000
vt 1.00000000 0.00000000
vt 1.00000000 1.00000000
vt 1.00000000 0.00000000
vt 0.00000000 1.00000000
vt 0.00000000 0.00000000
vt 1.00000000 0.00000000
vt 0.00000000 0.00000000
vt 0.00000000 0.00000000
vt 0.00000000 0.00000000
vt 1.00000000 1.00000000
vt 1.00000000 0.00000000
vt 0.00000000 1.00000000
vt 0.00000000 0.00000000
vt 1.00000000 0.00000000
vt -0.34323201 1.17032599
vt 0.00000000 0.00000000
vt 0.99997598 0.00002003
vt 1.07656097 0.98121101
vt 0.00000000 0.00000000
vt 0.00000000 1.00000000
vt 1.00000000 0.00000000
vt 1.00000000 0.00000000
vt 1.00000000 0.00000000
vt 0.00000000 1.00000000
vt 0.00000000 0.00000000
vt 1.00000000 1.00000000
vt 1.00000000 0.00000000
vt 0.00000000 0.00000000
vt 1.00000000 0.00000000
vt 0.00000000 1.00000000
vt 0.00000000 0.00000000
vt 1.00000000 1.00000000
vt 1.00000000 0.00000000
vt 1.00000000 0.00000000
vt 1.00000000 0.00000000
vt 0.00000000 0.00000000
vt 0.13084100 0.95944601
vt 1.02462399 0.24403203
vt 0.00000000 0.00000000
vt 1.00000000 0.00000000
vt 0.00000000 0.00000000
vt 1.00000000 1.00000000
vt 0.00000000 0.00000000
vt 1.00000000 0.00000000
vt 0.00000000 0.00000000
vt 0.51846302 1.14265394
vt 0.19189399 1.14257300
vt 0.84576601 1.09221804
vt 1.00000000 0.00000000
vt 0.00000000 0.00000000
vt 0.33952799 1.44003105
vt 0.82482702 0.99331099
vt 0.00000000 0.00000000
vt 0.00000000 1.00000000
vt 0.00000000 0.00000000
vt 1.00000000 0.00000000
vt 1.00000000 0.00000000
vt 0.00000000 1.00000000
vt 0.00000000 0.00000000
vt 0.00000000 0.00000000
vt 1.00000000 1.00000000
vt 1.00000000 0.00000000
vt 1.00000000 0.00000000
vt 1.01914501 0.48270202
vt 1.00000000 0.00000000
vt 1.37903798 1.33794904
vt 0.00000000 0.00000000
vt 1.00000000 0.00000000
vt 0.00000000 1.00000000
vt 0.00000000 0.00000000
vt 0.00000000 0.00000000
vt 0.00000000 0.00000000
vt 1.00000000 1.00000000
vt 1.00000000 0.00000000
vt 1.00000000 0.00000000
vt 0.00000000 1.00000000
vt 0.00000000 0.00000000
vt 1.00000000 0.00000000
vt 0.00000000 0.00000000
vt 1.00000000 1.00000000
vt 0.00000000 0.00000000
vt 1.00000000 0.00000000
vt 0.00000000 0.00000000
vt 0.00000000 1.00000000
vt 1.00000000 1.00000000
vt 1.00000000 0.00000000
vt 0.00000000 0.00000000
vt 1.00000000 0.00000000
vt -0.04746700 0.00407100
vt -0.23671700 1.13996303
vt 0.76057202 1.06865799
vt 0.00000000 0.00000000
vt 0.00000000 0.00000000
vt 0.00000000 1.00000000
vt 0.00000000 0.00000000
vt 1.00000000 0.00000000
vt 0.71413100 2.11449599
vt -0.02767200 -0.00013995
vt 0.07709400 0.71023798
vt 0.00000000 0.00000000
vt 0.00000000 1.00000000
vt 1.00000000 1.00000000
vt 0.00000000 0.00000000
vt 1.00000000 0.00000000
vt 1.00000000 1.00000000
vt 1.00000000 0.00000000
vt 0.00000000 1.00000000
vt 0.00000000 0.00000000
vt 1.00000000 1.00000000
vt 1.00000000 0.00000000
vt 0.00000000 0.00000000
vt 0.00000000 1.00000000
vt 1.00000000 0.00000000
vt 1.00000000 1.00000000
vt 0.00000000 0.00000000
vt 0.00000000 0.00000000
vt 1.00000000 0.00000000
vt 0.59347898 1.38649094
vt 0.00000000 0.00000000
vt 0.16072901 0.93195701
vt 1.05259705 0.89830500
vt 1.04848599 -0.04376698
vt 1.00000000 0.00000000
vt 0.16072901 0.93195701
vt -0.00152000 1.02817595
vt 0.17187101 1.00202799
vt 0.00000000 0.00000000
vt 1.00000000 0.00000000
vt 0.00000000 0.00000000
vt 0.67668098 0.99543601
vt -0.14498800 1.31471598
vt 1.00000000 0.00000000
vt 0.00000000 0.00000000
vt 0.84742898 1.33295202
vt 1.00000000 0.00000000
vt 0.00000000 0.00000000
vt 1.00000000 0.00000000
vt 0.00000000 0.00000000
vt 0.85706502 1.05724800
vt 1.00000000 0.00000000
vt 0.50000000 1.00000000
vt 0.50000000 1.00000000
vt 0.50000000 1.00000000
vt 0.50000000 1.00000000
vt 0.50000000 1.00000000
vt 0.50000000 1.00000000
vt 0.00000000 0.19900203
vt 1.00000000 0.19900203
vt 0.00000000 0.19900203
vt 1.00000000 0.19900203
vt 0.00000000 0.19900203
vt 1.00000000 0.19900203
vt 0.00000000 0.19900203
vt 1.00000000 0.19900203
vt 0.00000000 0.19900203
vt 1.00000000 0.19900203
vt 0.97346300 0.32392800
vt 0.03555000 -0.01313400
vt 0.99984300 0.00025803
vt 0.03555000 -0.01313400
vt 0.00000000 0.19900203
vt 1.00000000 0.19900203
vt 0.19900200 0.00000000
vt 0.00000000 0.19900203
vt 0.19900200 0.00000000
vt 0.19900200 0.00000000
vt 1.00000000 1.00000000
vt 1.00000000 0.00000000
vt 0.00000000 0.00000000
vt 0.00000000 1.00000000
vt 0.00000000 1.00000000
vt 1.00000000 0.00000000
vt 1.00000000 1.00000000
vt 0.00000000 1.00000000
vt 0.00000000 0.00000000
vt 0.00000000 1.00000000
vt 0.00000000 0.00000000
vt 1.00000000 0.00000000
vt 1.00000000 1.00000000
vt 0.00000000 1.00000000
vt 0.00000000 0.00000000
vt 1.00000000 1.00000000
vt 1.00000000 0.00000000
vt 1.00000000 0.00000000
vt 1.00000000 0.00000000
vt 0.00000000 0.00000000
vt 0.00000000 0.00000000
vt 0.00000000 1.00000000
vt 0.00000000 0.00000000
vt 1.00000000 0.00000000
vt 1.00000000 1.00000000
vt 1.00000000 0.00000000
vt 0.00000000 1.00000000
vt 0.00000000 0.00000000
vt 1.00000000 0.52292597
vt 0.00000000 0.52292597
vt 1.00000000 0.52292597
vt 0.00000000 0.52292597
vt 0.00000000 0.52292597
vt 1.00000000 0.52292597
vt 1.00000000 0.52292597
vt 1.00000000 0.00000000
vt 0.00000000 0.00000000
vt 0.00000000 0.52292597
vt 0.52292597 0.00000000
vt 1.00000000 0.52292597
vt 0.00000000 0.52292597
vt 0.19900200 0.52292597
vt 0.19900200 1.00000000
vt 0.19900200 0.00000000
vt 0.19900200 1.00000000
vt 0.19900200 1.00000000
vt 0.00000000 0.52292597
vt 0.00000000 0.00000000
vt 1.00000000 0.00000000
vt 0.00000000 1.00000000
vt 0.00000000 0.00000000
vt 1.00000000 1.00000000
vt 1.00000000 0.00000000
vt 1.00000000 1.00000000
vt 1.00000000 0.00000000
vt 0.00000000 1.00000000
vt 0.00000000 0.00000000
vt 1.00000000 1.00000000
vt 1.00000000 0.00000000
vt 0.00000000 1.00000000
vt 0.00000000 0.00000000
vt 1.00000000 1.00000000
vt 1.00000000 0.00000000
vt 0.00000000 0.00000000
vt 0.00000000 1.00000000
vt 0.00000000 0.00000000
vt 0.00000000 1.00000000
vt 1.00000000 1.00000000
vt 1.00000000 0.00000000
vt 0.00000000 0.00000000
vt 0.00000000 1.00000000
vt 1.00000000 0.00000000
vt 1.00000000 1.00000000
vt 0.00303100 0.01425701
vt -0.04269700 1.01648796
vt 1.00010002 0.99974102
vt 1.00409997 -0.00825298
vt 1.00000000 1.00000000
vt 1.00000000 0.00000000
vt 1.00000000 0.00000000
vt 1.00000000 0.00000000
vt 0.00000000 0.00000000
vt 0.00000000 1.00000000
vt 1.00000000 0.00000000
vt 1.00000000 1.00000000
vt 1.00000000 0.00000000
vt 1.00000000 1.00000000
vt 0.00000000 1.00000000
vt 0.00000000 0.00000000
vt 1.00000000 1.00000000
vt 1.00000000 0.00000000
vt 0.00000000 1.00000000
vt 0.00000000 0.00000000
vt 1.00000000 1.00000000
vt 1.00000000 0.00000000
vt 0.00000000 0.00000000
vt 0.00000000 1.00000000
vt 0.00000000 0.00000000
vt 0.00000000 1.00000000
vt 1.00000000 0.00000000
vt 0.00000000 0.00000000
vt 0.00000000 1.00000000
vt 1.00000000 0.00000000
vt 1.00000000 1.00000000
vt 0.00465200 0.00457400
vt -0.00429900 0.98545700
vt 0.99934101 0.00023901
vt 0.99598199 1.00797105
vt 0.43150300 -0.79682994
vt 1.03789902 0.98278999
vt 0.00000000 0.00000000
vt 0.00000000 1.00000000
vt 1.00000000 0.00000000
vt 1.00000000 1.00000000
vt 1.00000000 0.00000000
vt 1.00000000 1.00000000
vt 0.00000000 0.00000000
vt 0.00000000 1.00000000
vt 1.00000000 0.00000000
vt 1.00000000 1.00000000
vt 0.00000000 1.00000000
vt 0.00000000 0.00000000
vt 1.00000000 1.00000000
vt 1.00000000 0.00000000
vt 0.00000000 0.00000000
vt 0.00000000 1.00000000
vt 0.00000000 1.00000000
vt 0.00000000 0.00000000
vt 1.00000000 1.00000000
vt 1.00000000 0.00000000
vt 0.00000000 0.00000000
vt 0.00000000 1.00000000
vt 1.00000000 1.00000000
vt 1.00000000 0.00000000
vt -0.00279700 -0.00059104
vt 0.00467100 1.00217700
vt 0.00467100 1.00217700
vt 1.00038898 0.00120002
vt 0.99950302 1.00071204
vt 1.00000000 1.00000000
vt 1.00000000 1.00000000
vt 0.00000000 1.00000000
vt 0.00000000 0.00000000
vt 1.00000000 0.00000000
vt 1.00000000 1.00000000
vt 1.00000000 1.00000000
vt 1.00000000 0.00000000
vt 0.00000000 1.00000000
vt 0.00000000 0.00000000
vt 1.00000000 1.00000000
vt 1.00000000 0.00000000
vt 0.00000000 1.00000000
vt 0.00000000 0.00000000
vt 1.00000000 1.00000000
vt 1.00000000 0.00000000
vt 0.00000000 1.00000000
vt 0.00000000 0.00000000
vt 0.00000000 0.00000000
vt 0.00000000 1.00000000
vt 1.00000000 1.00000000
vt 1.00000000 0.00000000
vt 1.00000000 1.00000000
vt 0.00000000 0.00000000
vt 0.00000000 1.00000000
vt 1.00000000 0.00000000
vt 1.00000000 1.00000000
vt 0.00000000 1.00000000
vt 0.00000000 0.00000000
vt 1.00000000 0.00000000
vt 1.00000000 1.00000000
vt 1.00000000 1.00000000
vt 1.00000000 0.00000000
vt 0.00000000 1.00000000
vt 0.00000000 0.00000000
vt 1.00000000 1.00000000
vt 1.00000000 0.00000000
vt 0.00000000 0.00000000
vt 0.00000000 1.00000000
vt 1.00000000 0.00000000
vt 1.00000000 1.00000000
vt 0.00000000 1.00000000
vt 0.00000000 0.00000000
vt 0.00000000 0.00000000
vt 0.00000000 1.00000000
vt 1.00000000 0.00000000
vt 1.00000000 1.00000000
vt 0.00000000 1.00000000
vt 0.00000000 0.00000000
vt 1.00000000 0.00000000
vt 1.00000000 1.00000000
vt 0.00000000 0.00000000
vt 0.00000000 1.00000000
vt 1.00000000 0.00000000
vt 1.00000000 1.00000000
vt 0.00000000 1.00000000
vt 1.00000000 1.00000000
vt 1.00000000 0.00000000
vt 0.00000000 0.00000000
vt 1.00000000 1.00000000
vt 1.00000000 0.00000000
vt 0.00000000 0.00000000
vt 0.00000000 1.00000000
vt 1.00000000 0.00000000
vt 1.00000000 1.00000000
vt 0.00000000 1.00000000
vt 0.00000000 0.00000000
vt 1.00000000 1.00000000
vt 1.00000000 0.00000000
vt 0.00000000 1.00000000
vt 0.00000000 0.00000000
vt 0.00000000 0.00000000
vt 0.00000000 1.00000000
vt 1.00000000 0.00000000
vt 1.00000000 1.00000000
vt 0.00000000 0.00000000
vt 0.00000000 1.00000000
vt 1.00000000 0.00000000
vt 1.00000000 1.00000000
vt 0.00000000 0.00000000
vt 0.00000000 1.00000000
vt 1.00000000 1.00000000
vt 1.00000000 0.00000000
vt 1.00000000 1.00000000
vt 0.00000000 1.00000000
vt 0.00000000 1.00000000
vt 0.00000000 0.00000000
vt 1.00000000 0.00000000
vt 0.93568802 0.86834902
vt 0.00000000 0.00000000
vt 0.00042600 1.00007606
vt 1.18480504 0.00400698
vt 0.56327099 0.69017702
vt 0.00366800 0.99688703
vt 0.56327099 0.69017702
vt 0.53180701 0.69403702
vt 0.68575001 0.96129799
vt 0.53180701 0.69403702
vt 0.20685500 1.20590901
vt 0.22487999 0.21289098
vt 1.22737002 1.26533496
vt 0.50149202 0.67886502
vt 0.50149202 0.67886502
vt 0.59536302 0.71266103
vt 0.42875201 -0.07448399
vt 0.59536302 0.71266103
vt 0.81166202 0.37315297
vt 0.64977598 -0.30096197
vt 0.64977598 -0.30096197
vt 0.66032499 0.69017100
vt 0.46845701 0.68553299
vt 0.46845701 0.68553299
vt 0.62453902 0.65448803
vt 0.79635203 0.35273200
vt 1.27375901 -0.72226501
vt 0.37427199 0.69806200
vt 0.00636700 -0.85732901
vt -0.24786399 -0.16505098
vt -0.26717201 -0.88097298
vt -0.24786399 -0.16505098
vt 0.38993299 0.04884601
vt 0.38993299 0.04884601
vt 0.38993299 0.04884601
vt 0.43916199 0.33766299
vt 0.52796203 0.53520101
vt 0.52924299 -0.50137699
vt 0.00115500 -0.00061905
vt 0.02374900 1.01006103
vt 1.00000000 1.00000000
vt 1.00000000 0.00000000
vt 0.00000000 1.00000000
vt 0.00000000 0.00000000
vt 0.00000000 1.00000000
vt 0.00000000 1.00000000
vt 0.00000000 1.00000000
vt 0.00000000 1.00000000
vt 0.27258700 -0.87701297
vt -0.00141300 -0.00198102
vt 0.28413001 0.31728697
vt -0.00093900 1.00052905
vt 1.00000000 0.00000000
vt 1.00000000 1.00000000
vt 0.00000000 1.00000000
vt 0.00000000 0.00000000
vt 1.00000000 0.00000000
vt 0.00000000 1.00000000
vt 1.00000000 1.00000000
vt 0.00000000 0.00000000
vt 1.00000000 0.00000000
vt 0.00000000 0.00000000
vt 1.00000000 1.00000000
vt 1.00000000 0.00000000
vt 0.00000000 1.00000000
vt 0.24147201 -0.39146197
vt -0.00006100 0.46242702
vt 1.00000000 0.46254700
vt 0.00000000 0.46254700
vt 1.00000000 0.46254700
vt 0.00000000 0.46254700
vt 0.00225200 0.00903600
vt 0.00151100 1.00204206
vt 0.20531900 0.17271900
vt -0.00021300 0.99978900
vt -0.05477300 2.19187403
vt 0.97194701 1.90952098
vt 0.00004100 0.00008202
vt 1.00000000 1.00000000
vt 0.00000000 0.00000000
vt 1.00000000 0.00000000
vt 0.00000000 1.00000000
vt 1.00000000 0.00000000
vt 1.00000000 1.00000000
vt 0.00000000 1.00000000
vt 0.00000000 0.00000000
vt 0.99991798 0.49994302
vt 0.34309900 1.47106695
vt 0.00001100 0.49996698
vt 1.60938501 1.33064604
vt 1.00000000 1.00000000
vt 0.00000000 1.00000000
vt 1.00000000 1.00000000
vt 0.00000000 1.00000000
vt 1.00000000 0.00000000
vt 0.00000000 0.00000000
vt 0.96939802 2.02500510
vt 0.00002800 0.99996102
vt 1.00000000 0.00000000
vt 1.52352297 2.23685408
vt 0.00013900 0.99995899
vt 0.99995601 0.99988598
vt 0.58794898 1.13907802
vt 0.00000000 0.00000000
vt 0.00000000 1.00000000
vt 1.00000000 1.00000000
vt 1.00000000 0.00000000
vt 0.00000000 0.00000000
vt 0.00000000 1.00000000
vt 1.00000000 0.00000000
vt 1.00000000 1.00000000
vt 0.00000000 0.00000000
vt 0.00000000 1.00000000
vt 1.00000000 0.00000000
vt 1.00000000 1.00000000
vt 0.44839299 0.93666101
vt 1.24215400 1.03465104
vt -0.02533500 1.01384604
vt 0.98702401 0.88324398
vt 0.00000000 0.46254700
vt 1.00000000 0.46254700
vt 0.00000000 1.00000000
vt 0.00000000 0.00000000
vt 1.00000000 0.00000000
vt 1.00000000 1.00000000
vt 1.00000000 0.00000000
vt 1.00000000 0.00000000
vt 1.00000000 0.00000000
vt 1.00000000 0.00000000
vt 1.00000000 1.00013900
vt 1.00000000 -0.00147605
vt 1.00000000 -1.29938412
vt 1.00000000 -1.29938412
vt 1.00000000 1.00013900
vt 0.55110800 -1.32270193
vt 1.00000000 1.11920202
vt 1.00000000 0.00000000
vt 1.00000000 0.00000000
vt 1.00000000 0.00000000
vt 1.00000000 0.00000000
vt 1.00000000 0.00000000
vt 1.00000000 0.00000000
vt 1.00000000 0.00000000
vt 1.00000000 0.00000000
vt 1.00000000 0.00000000
vt 1.00000000 1.00000000
vt 1.00000000 1.00000000
vt 1.00000000 1.00000000
vt 1.00000000 1.00000000
vt 1.00000000 1.11920202
vt 1.00000000 1.11920202
vt 1.00000000 1.11920202
vt 1.00000000 0.00000000
vt 1.00000000 0.00000000
vt 1.00000000 0.00000000
vt 1.00000000 0.00000000
vt 1.00000000 0.00000000
vt 1.00000000 0.00000000
vt 1.00000000 0.00000000
vt 1.00000000 0.00000000
vt 1.00000000 -1.29938412
vt 1.00000000 -1.29938412
vt 1.00000000 1.00000000
vt 1.00000000 1.00000000
vt 1.00000000 1.00000000
vt 1.00000000 1.00000000
vt 1.00000000 1.00000000
vt 1.00000000 1.00000000
vt 1.00000000 0.00000000
vt 1.00000000 1.03177404
vt 1.00000000 1.03177404
vt 1.00000000 0.00000000
vt 0.00000000 0.00000000
vt 1.00000000 -1.25274706
vt 0.00000000 0.00000000
vt 1.00000000 0.00899702
vt 1.00000000 0.00899702
vt 1.00000000 0.00899702
vt 1.00000000 1.09544504
vt 1.00000000 0.00000000
vt 1.00000000 1.09544504
vt 1.08871698 -0.02081299
vt -0.02654800 0.13899601
vt -0.02654800 0.13899601
vt 1.00000000 0.89335197
vt 0.00000000 0.89335197
vt 0.00000000 0.89335197
vt 1.00000000 0.89335197
vt 1.00000000 1.00000000
vt 0.00000000 1.00000000
vt 0.00000000 1.00000000
vt 1.00000000 1.00000000
vt -0.00263200 0.30906796
vt 0.50661403 0.30563200
vt 1.03369701 0.30218101
vt 0.00000000 0.50000000
vt 0.00000000 1.00000000
vt 0.50000000 1.00000000
vt 0.50000000 0.50000000
vt 1.00000000 1.00000000
vt 1.00000000 0.50000000
vt 0.00000000 0.00000000
vt 0.00000000 0.00000000
vt 0.00000000 0.00000000
vt 0.00000000 0.00000000
vt 0.19900200 0.00000000
vt 0.19900200 0.00000000
vt 0.19900200 0.00000000
vt 0.19900200 0.00000000
vt 0.19900200 1.00000000
vt 0.19900200 1.00000000
vt 0.19900200 1.00000000
vt 0.19900200 1.00000000
vt 0.00000000 1.00000000
vt 0.00000000 1.00000000
vt 0.00000000 1.00000000
vt 0.00000000 1.00000000
vt 0.09950100 0.50000000
vt 0.09950100 0.50000000
vt 0.09950100 0.50000000
vt 0.09950100 0.50000000
vt 0.00000000 0.00000000
vt 0.00000000 0.50000000
vt 0.50000000 0.50000000
vt 0.50000000 0.00000000
vt 1.00000000 0.50000000
vt 1.00000000 0.00000000
vt 0.00000000 1.00000000
vt 0.50000000 1.00000000
vt 1.00000000 1.00000000
vt 0.00000000 0.00000000
vt 0.00000000 0.29161096
vt 0.50000000 0.29161096
vt 0.50000000 0.00000000
vt 1.00000000 0.29161096
vt 1.00000000 0.00000000
vt 0.00000000 0.50000000
vt 0.00000000 1.00000000
vt 0.50000000 1.00000000
vt 0.50000000 0.50000000
vt 1.00000000 1.00000000
vt 1.00000000 0.50000000
vt 0.61048502 0.04576498
vt 0.62500000 0.31250000
vt 0.37500000 0.31250000
vt 0.61048502 0.04576498
vt 0.00000000 0.00000000
vt 0.40472201 0.66325700
vt 0.60178602 -0.50449300
vt 0.02281100 1.25130498
vt 0.40455201 0.31976700
vt 0.49963701 -0.00355101
vt 0.02281100 1.25130498
vt 0.49963701 -0.00355101
vt 0.16367500 0.17176497
vt 0.43680999 0.49756396
vt 0.34375000 0.15625000
vt 0.46875000 0.31250000
vt 0.34375000 0.15625000
vt 0.46875000 0.31250000
vt 0.38951501 0.26673496
vt 0.50000000 0.31250000
vt 0.38951501 0.26673496
vt 0.50000000 0.31250000
vt 0.50000000 0.31250000
vt 0.53125000 0.31250000
vt 0.50000000 0.31250000
vt 0.53125000 0.31250000
vt 0.56250000 0.31250000
vt 0.61048502 0.26673496
vt 0.56250000 0.31250000
vt 0.61048502 0.26673496
vt 0.59375000 0.31250000
vt 0.65625000 0.15625000
vt 0.59375000 0.31250000
vt 0.65625000 0.15625000
vt 0.50000000 0.00000000
vt 0.50000000 0.00000000
vt 0.50000000 0.14999998
vt 0.61048502 0.04576498
vt 0.61048502 0.04576498
vt 0.61048502 0.04576498
vt 0.61048502 0.04576498
vt 0.38951501 0.04576498
vt 0.38951501 0.04576498
vt 0.38951501 0.04576498
vt 0.38951501 0.04576498
vt 0.34375000 0.15625000
vt 0.34375000 0.15625000
vt 0.40094900 0.25156701
vt 0.40094900 0.25156701
vt 0.40094900 0.25156701
vt 0.40094900 0.25156701
vt 0.50000000 0.31250000
vt 0.50000000 0.31250000
vt 0.61048502 0.26673496
vt 0.61048502 0.26673496
vt 0.63160503 0.15555501
vt 0.63160503 0.15555501
vt 0.63160503 0.15555501
vt 0.50000000 0.00000000
vt 0.50000000 0.00000000
vt 0.50000000 0.00000000
vt 0.50000000 0.00000000
vt 0.61048502 0.04576498
vt 0.61048502 0.04576498
vt 0.61048502 0.04576498
vt 0.61048502 0.04576498
vt 0.38951501 0.04576498
vt 0.38951501 0.04576498
vt 0.38951501 0.04576498
vt 0.38951501 0.04576498
vt 0.34375000 0.15625000
vt 0.34375000 0.15625000
vt 0.34375000 0.15625000
vt 0.34375000 0.15625000
vt 0.38951501 0.26673496
vt 0.38951501 0.26673496
vt 0.38951501 0.26673496
vt 0.38951501 0.26673496
vt 0.50000000 0.31250000
vt 0.50000000 0.31250000
vt 0.50000000 0.31250000
vt 0.50000000 0.31250000
vt 0.61048502 0.26673496
vt 0.61048502 0.26673496
vt 0.61048502 0.26673496
vt 0.61048502 0.26673496
vt 0.65625000 0.15625000
vt 0.65625000 0.15625000
vt 0.65625000 0.15625000
vt 0.65625000 0.15625000
vt 0.50000000 0.00000000
vt 0.50000000 0.00000000
vt 0.61048502 0.04576498
vt 0.61048502 0.04576498
vt 0.38951501 0.04576498
vt 0.38951501 0.04576498
vt 0.34375000 0.15625000
vt 0.34375000 0.15625000
vt 0.38951501 0.26673496
vt 0.38951501 0.26673496
vt 0.50000000 0.31250000
vt 0.50000000 0.31250000
vt 0.61048502 0.26673496
vt 0.61048502 0.26673496
vt 0.65625000 0.15625000
vt 0.65625000 0.15625000
vt 0.50000000 0.00000000
vt 0.50000000 0.00000000
vt 0.61048502 0.04576498
vt 0.61048502 0.04576498
vt 0.38951501 0.04576498
vt 0.38951501 0.04576498
vt 0.34375000 0.15625000
vt 0.34375000 0.15625000
vt 0.38951501 0.26673496
vt 0.38951501 0.26673496
vt 0.50000000 0.31250000
vt 0.50000000 0.31250000
vt 0.61048502 0.26673496
vt 0.61048502 0.26673496
vt 0.65625000 0.15625000
vt 0.65625000 0.15625000
vt 0.50000000 0.00000000
vt 0.50000000 0.00000000
vt 0.61048502 0.04576498
vt 0.61048502 0.04576498
vt 0.38951501 0.04576498
vt 0.38951501 0.04576498
vt 0.34375000 0.15625000
vt 0.34375000 0.15625000
vt 0.38951501 0.26673496
vt 0.38951501 0.26673496
vt 0.50000000 0.31250000
vt 0.50000000 0.31250000
vt 0.61048502 0.26673496
vt 0.61048502 0.26673496
vt 0.65625000 0.15625000
vt 0.65625000 0.15625000
vt 0.50000000 0.00000000
vt 0.50000000 0.00000000
vt 0.50000000 0.00000000
vt 0.50000000 0.00000000
vt 0.61048502 0.04576498
vt 0.61048502 0.04576498
vt 0.61048502 0.04576498
vt 0.61048502 0.04576498
vt 0.61048502 0.04576498
vt 0.38951501 0.04576498
vt 0.38951501 0.04576498
vt 0.38951501 0.04576498
vt 0.38951501 0.04576498
vt 0.38951501 0.04576498
vt 0.34375000 0.15625000
vt 0.34375000 0.15625000
vt 0.34375000 0.15625000
vt 0.39852700 0.26118499
vt 0.39852700 0.26118499
vt 0.39852700 0.26118499
vt 0.39852700 0.26118499
vt 0.39852700 0.26118499
vt 0.39852700 0.26118499
vt 0.50000000 0.31250000
vt 0.50000000 0.31250000
vt 0.50000000 0.31250000
vt 0.50000000 0.31250000
vt 0.60688400 0.24671900
vt 0.60688400 0.24671900
vt 0.60688400 0.24671900
vt 0.60688400 0.24671900
vt 0.60688400 0.24671900
vt 0.60688400 0.24671900
vt 0.63716400 0.16172999
vt 0.63716400 0.16172999
vt 0.63716400 0.16172999
vt 0.63716400 0.16172999
vt 0.50000000 0.31250000
vt 0.50000000 0.31250000
vt 0.38951501 0.26673496
vt 0.38951501 0.26673496
vt 0.38951501 0.26673496
vt 0.38951501 0.26673496
vt 0.38951501 0.26673496
vt 0.39264601 0.26516801
vt 0.39264601 0.26516801
vt 0.38951501 0.26673496
vt 0.38951501 0.26673496
vt 0.38951501 0.26673496
vt 0.38951501 0.26673496
vt 0.38951501 0.26673496
vt 0.38951501 0.26673496
vt 0.38951501 0.26673496
vt 0.38951501 0.26673496
vt 0.50000000 0.31250000
vt 0.61048502 0.26673496
vt 0.61048502 0.26673496
vt 0.61048502 0.26673496
vt 0.61048502 0.26673496
vt 0.61048502 0.26673496
vt 0.61048502 0.26673496
vt 0.61048502 0.26673496
vt 0.61048502 0.26673496
vt 0.61048502 0.26673496
vt 0.61048502 0.26673496
vt 0.61048502 0.26673496
vt 0.61048502 0.26673496
vt 0.61048502 0.26673496
vt 0.61048502 0.26673496
vt 0.61048502 0.26673496
vt 0.61048502 0.26673496
vt 0.61048502 0.26673496
vt 0.61048502 0.26673496
vt 0.61048502 0.26673496
vt 0.50000000 0.00000000
vt 0.50000000 0.00000000
vt 0.61048502 0.04576498
vt 0.61048502 0.04576498
vt 0.61048502 0.04576498
vt 0.61048502 0.04576498
vt 0.61048502 0.04576498
vt 0.61048502 0.04576498
vt 0.61048502 0.04576498
vt 0.50000000 0.00000000
vt 0.38951501 0.04576498
vt 0.38951501 0.04576498
vt 0.38951501 0.04576498
vt 0.38951501 0.04576498
vt 0.38951501 0.04576498
vt 0.38951501 0.04576498
vt 0.38951501 0.04576498
vt 0.50000000 0.00000000
vt 0.50000000 0.00000000
vt 0.61048502 0.04576498
vt 0.61048502 0.04576498
vt 0.38951501 0.04576498
vt 0.38951501 0.04576498
vt 0.38951501 0.04576498
vt 0.38951501 0.04576498
vt 0.38951501 0.04576498
vt 0.50000000 0.00000000
vt 0.50000000 0.00000000
vt 0.61048502 0.04576498
vt 0.61048502 0.04576498
vt 0.61048502 0.04576498
vt 0.50000000 0.00000000
vt 0.50000000 0.00000000
vt 0.50000000 0.00000000
vt 0.50000000 0.00000000
vt 0.61048502 0.04576498
vt 0.61048502 0.04576498
vt 0.61048502 0.04576498
vt 0.61048502 0.04576498
vt 0.38951501 0.04576498
vt 0.38951501 0.04576498
vt 0.38951501 0.04576498
vt 0.38951501 0.04576498
vt 0.38951501 0.04576498
vt 0.38951501 0.04576498
vt 0.38951501 0.04576498
vt 0.38951501 0.04576498
vt 0.38951501 0.04576498
vt 0.38951501 0.04576498
vt 0.50000000 0.00000000
vt 0.50000000 0.00000000
vt 0.50000000 0.00000000
vt 0.50000000 0.00000000
vt 0.61048502 0.04576498
vt 0.61048502 0.04576498
vt 0.61048502 0.04576498
vt 0.61048502 0.04576498
vt 0.61048502 0.04576498
vt 0.61048502 0.04576498
vt 0.50000000 0.00000000
vt 0.50000000 0.00000000
vt 0.50000000 0.00000000
vt 0.50000000 0.00000000
vt 0.61048502 0.04576498
vt 0.61048502 0.04576498
vt 0.61048502 0.04576498
vt 0.61048502 0.04576498
vt 0.61048502 0.04576498
vt 0.61048502 0.04576498
vt 0.61048502 0.04576498
vt 0.61048502 0.04576498
vt 0.61048502 0.04576498
vt 0.61048502 0.04576498
vt 0.61048502 0.04576498
vt 0.50000000 0.00000000
vt 0.50000000 0.00000000
vt 0.50000000 0.00000000
vt 0.50000000 0.00000000
vt 0.38951501 0.04576498
vt 0.38951501 0.04576498
vt 0.38951501 0.04576498
vt 0.38951501 0.04576498
vt 0.38951501 0.04576498
vt 0.38951501 0.04576498
vt 0.38951501 0.04576498
vt 0.38951501 0.04576498
vt 0.38951501 0.04576498
vt 0.38951501 0.04576498
vt 0.38951501 0.04576498
vt 0.61048502 0.26673496
vt 0.61048502 0.26673496
vt 0.61048502 0.26673496
vt 0.61048502 0.26673496
vt 0.38951501 0.26673496
vt 0.38951501 0.26673496
vt 0.38951501 0.26673496
vt 0.38951501 0.26673496
vt 0.61048502 0.04576498
vt 0.61048502 0.04576498
vt 0.61048502 0.04576498
vt 0.61048502 0.04576498
vt 0.61048502 0.04576498
vt 0.50000000 0.03051001
vt 0.50000000 0.03051001
vt 0.50000000 0.03051001
vt 0.50000000 0.03051001
vt 0.50000000 0.03051001
vt 0.50000000 0.03051001
vt 0.50000000 0.00000000
vt 0.50000000 0.00000000
vt 0.50000000 0.00000000
vt 0.50000000 0.00000000
vt 0.38951501 0.04576498
vt 0.38951501 0.04576498
vt 0.38951501 0.04576498
vt 0.38951501 0.04576498
vt 0.38951501 0.04576498
vt 0.38951501 0.04576498
vt 0.38951501 0.04576498
vt 0.38951501 0.04576498
vt 0.38951501 0.04576498
vt 0.50000000 0.00000000
vt 0.50000000 0.00000000
vt 0.50000000 0.00000000
vt 0.50000000 0.00000000
vt 0.61048502 0.04576498
vt 0.61048502 0.04576498
vt 0.61048502 0.04576498
vt 0.61048502 0.04576498
vt 0.61048502 0.26673496
vt 0.61048502 0.26673496
vt 0.61048502 0.26673496
vt 0.61048502 0.26673496
vt 0.61048502 0.26673496
vt 0.61048502 0.26673496
vt 0.61048502 0.26673496
vt 0.61048502 0.26673496
vt 0.61048502 0.26673496
vt 0.61048502 0.26673496
vt 0.50000000 0.31250000
vt 0.50000000 0.31250000
vt 0.50000000 0.31250000
vt 0.38951501 0.26673496
vt 0.38951501 0.26673496
vt 0.38951501 0.26673496
vt 0.38951501 0.26673496
vt 0.38951501 0.26673496
vt 0.38951501 0.26673496
vt 0.38951501 0.26673496
vt 0.38951501 0.26673496
vt 0.38951501 0.26673496
vt 0.38951501 0.26673496
vt 0.50000000 0.31250000
vt 0.50000000 0.31250000
vt 0.50000000 0.31250000
vt 0.50000000 0.31250000
vt 0.61048502 0.26673496
vt 0.61048502 0.26673496
vt 0.50000000 0.31250000
vt 0.50000000 0.31250000
vt 0.61048502 0.26673496
vt 0.61048502 0.26673496
vt 0.61048502 0.26673496
vt 0.61048502 0.26673496
vt 0.61048502 0.26673496
vt 0.61048502 0.26673496
vt 0.61048502 0.26673496
vt 0.61048502 0.26673496
vt 0.61048502 0.26673496
vt 0.61048502 0.26673496
vt 0.61048502 0.26673496
vt 0.61048502 0.26673496
vt 0.61048502 0.26673496
vt 0.50000000 0.31250000
vt 0.50000000 0.31250000
vt 0.50000000 0.31250000
vt 0.38951501 0.26673496
vt 0.38951501 0.26673496
vt 0.38951501 0.26673496
vt 0.38951501 0.26673496
vt 0.38951501 0.26673496
vt 0.38951501 0.26673496
vt 0.38951501 0.26673496
vt 0.38951501 0.26673496
vt 0.38951501 0.26673496
vt 0.38951501 0.26673496
vt 0.38951501 0.26673496
vt 0.38951501 0.26673496
vt 0.38951501 0.26673496
vt 0.38951501 0.26673496
vt 0.38951501 0.26673496
vt 0.38951501 0.26673496
vt 0.38951501 0.26673496
vt 0.38951501 0.26673496
vt 0.38951501 0.26673496
vt 0.38951501 0.26673496
vt 0.38951501 0.26673496
vt 0.38951501 0.26673496
vt 0.38951501 0.26673496
vt 0.50000000 0.31250000
vt 0.50000000 0.31250000
vt 0.50000000 0.31250000
vt 0.61048502 0.26673496
vt 0.61048502 0.26673496
vt 0.61048502 0.26673496
vt 0.61048502 0.26673496
vt 0.61048502 0.26673496
vt 0.61048502 0.26673496
vt 0.61048502 0.26673496
vt 0.61048502 0.26673496
vt 0.61048502 0.26673496
vt 0.61048502 0.26673496
vt 0.61048502 0.26673496
vt 0.50000000 0.31250000
vt 0.50000000 0.31250000
vt 0.50000000 0.31250000
vt 0.50000000 0.31250000
vt 0.38951501 0.26673496
vt 0.38951501 0.26673496
vt 0.38951501 0.26673496
vt 0.38951501 0.26673496
vt 0.38951501 0.26673496
vt 0.38951501 0.26673496
vt 0.50000000 0.31250000
vt 0.50000000 0.31250000
vt 0.61048502 0.26673496
vt 0.61048502 0.26673496
vt 0.62917298 0.15604603
vt 0.62917298 0.15604603
vt 0.38951501 0.15625000
vt 0.61048502 0.26673496
vt 0.61048502 0.26673496
vt 0.61048502 0.26673496
vt 0.61048502 0.26673496
vt 0.61048502 0.26673496
vt 0.61048502 0.26673496
vt 0.61048502 0.26673496
vt 0.61048502 0.26673496
vt 0.61048502 0.26673496
vt 0.61048502 0.26673496
vt 0.61048502 0.26673496
vt 0.61048502 0.26673496
vt 0.61048502 0.26673496
vt 0.61048502 0.26673496
vt 0.61048502 0.26673496
vt 0.61048502 0.26673496
vt 0.61048502 0.26673496
vt 0.61048502 0.26673496
vt 0.61048502 0.26673496
vt 0.61048502 0.26673496
vt 0.61048502 0.26673496
vt 0.61048502 0.26673496
vt 0.61048502 0.26673496
vt 0.61048502 0.26673496
vt 0.61048502 0.26673496
vt 0.61048502 0.26673496
vt 0.61048502 0.26673496
vt 0.61048502 0.26673496
vt 0.61048502 0.26673496
vt 0.38951501 0.26673496
vt 0.38951501 0.26673496
vt 0.38951501 0.26673496
vt 0.38951501 0.26673496
vt 0.38951501 0.26673496
vt 0.38951501 0.26673496
vt 0.38951501 0.26673496
vt 0.38951501 0.26673496
vt 0.38951501 0.26673496
vt 0.38951501 0.26673496
vt 0.38951501 0.26673496
vt 0.38951501 0.26673496
vt 0.38951501 0.26673496
vt 0.38951501 0.26673496
vt 0.38951501 0.26673496
vt 0.38951501 0.26673496
vt 0.38951501 0.26673496
vt 0.38951501 0.26673496
vt 0.38951501 0.26673496
vt 0.38951501 0.26673496
vt 0.38951501 0.26673496
vt 0.38951501 0.26673496
vt 0.38951501 0.26673496
vt 0.38951501 0.26673496
vt 0.38951501 0.26673496
vt 0.38951501 0.26673496
vt 0.38951501 0.26673496
vt 0.38951501 0.26673496
vt 0.61048502 0.26673496
vt 0.61048502 0.26673496
vt 0.61048502 0.26673496
vt 0.61048502 0.26673496
vt 0.61048502 0.26673496
vt 0.61048502 0.26673496
vt 0.61048502 0.26673496
vt 0.61048502 0.26673496
vt 0.61048502 0.26673496
vt 0.61048502 0.26673496
vt 0.61048502 0.26673496
vt 0.61048502 0.26673496
vt 0.61048502 0.26673496
vt 0.61048502 0.26673496
vt 0.61048502 0.26673496
vt 0.61048502 0.26673496
vt 0.61048502 0.26673496
vt 0.61048502 0.26673496
vt 0.61048502 0.26673496
vt 0.61048502 0.26673496
vt 0.61048502 0.26673496
vt 0.61048502 0.26673496
vt 0.61048502 0.26673496
vt 0.61048502 0.26673496
vt 0.61048502 0.26673496
vt 0.61048502 0.26673496
vt 0.61048502 0.26673496
vt 0.61048502 0.26673496
vt 0.61048502 0.26673496
vt 0.38951501 0.26673496
vt 0.38951501 0.26673496
vt 0.38951501 0.26673496
vt 0.38951501 0.26673496
vt 0.38951501 0.26673496
vt 0.38951501 0.26673496
vt 0.38951501 0.26673496
vt 0.38951501 0.26673496
vt 0.38951501 0.26673496
vt 0.38951501 0.26673496
vt 0.38951501 0.26673496
vt 0.38951501 0.26673496
vt 0.38951501 0.26673496
vt 0.38951501 0.26673496
vt 0.38951501 0.26673496
vt 0.38951501 0.26673496
vt 0.38951501 0.26673496
vt 0.38951501 0.26673496
vt 0.38951501 0.26673496
vt 0.38951501 0.26673496
vt 0.38951501 0.26673496
vt 0.38951501 0.26673496
vt 0.38951501 0.26673496
vt 0.38951501 0.26673496
vt 0.38951501 0.26673496
vt 0.38951501 0.26673496
vt 0.38951501 0.26673496
vt 0.38951501 0.26673496
vt 0.38951501 0.26673496
vt 0.38951501 0.26673496
vt 0.38951501 0.26673496
vt 0.38951501 0.26673496
vt 0.38951501 0.26673496
vt 0.50000000 0.28198999
vt 0.50000000 0.28198999
vt 0.50000000 0.28198999
vt 0.50000000 0.28198999
vt 0.50000000 0.28198999
vt 0.50000000 0.28198999
vt 0.50000000 0.28198999
vt 0.50000000 0.28198999
vt 0.38951501 0.26673496
vt 0.38951501 0.26673496
vt 0.38951501 0.26673496
vt 0.38951501 0.26673496
vt 0.50000000 0.31250000
vt 0.50000000 0.31250000
vt 0.50000000 0.31250000
vt 0.50000000 0.31250000
vt 0.61048502 0.26673496
vt 0.61048502 0.26673496
vt 0.61048502 0.26673496
vt 0.61048502 0.26673496
vt 0.61048502 0.26673496
vt 0.61048502 0.26673496
vt 0.61048502 0.26673496
vt 0.61048502 0.26673496
vt 0.61048502 0.26673496
vt 0.61048502 0.26673496
vt 0.61048502 0.26673496
vt 0.61048502 0.26673496
vt 0.50000000 0.31250000
vt 0.50000000 0.31250000
vt 0.50000000 0.31250000
vt 0.50000000 0.31250000
vt 0.38951501 0.26673496
vt 0.38951501 0.26673496
vt 0.38951501 0.26673496
vt 0.38951501 0.26673496
vt 0.61048502 0.26673496
vt 0.61048502 0.26673496
vt 0.61048502 0.26673496
vt 0.61048502 0.26673496
vt 0.61048502 0.26673496
vt 0.61048502 0.26673496
vt 0.61048502 0.26673496
vt 0.61048502 0.26673496
vt 0.61048502 0.26673496
vt 0.61048502 0.26673496
vt 0.61048502 0.26673496
vt 0.61048502 0.26673496
vt 0.61048502 0.26673496
vt 0.61048502 0.26673496
vt 0.61048502 0.26673496
vt 0.61048502 0.26673496
vt 0.61048502 0.26673496
vt 0.61048502 0.26673496
vt 0.61048502 0.26673496
vt 0.61048502 0.26673496
vt 0.61048502 0.26673496
vt 0.61048502 0.26673496
vt 0.61048502 0.26673496
vt 0.61048502 0.26673496
vt 0.61048502 0.26673496
vt 0.61048502 0.26673496
vt 0.61048502 0.26673496
vt 0.61048502 0.26673496
vt 0.61048502 0.26673496
vt 0.61048502 0.26673496
vt 0.61048502 0.26673496
vt 0.61048502 0.26673496
vt 0.61048502 0.26673496
vt 0.61048502 0.26673496
vt 0.61048502 0.26673496
vt 0.61048502 0.26673496
vt 0.61048502 0.26673496
vt 0.61048502 0.26673496
vt 0.61048502 0.26673496
vt 0.61048502 0.26673496
vt 0.61048502 0.26673496
vt 0.61048502 0.26673496
vt 0.61048502 0.26673496
vt 0.61048502 0.26673496
vt 0.61048502 0.26673496
vt 0.61048502 0.26673496
vt 0.61048502 0.26673496
vt 0.61048502 0.26673496
vt 0.61048502 0.26673496
vt 0.61048502 0.26673496
vt 0.61048502 0.26673496
vt 0.61048502 0.26673496
vt 0.61048502 0.26673496
vt 0.61048502 0.26673496
vt 0.61048502 0.26673496
vt 0.61048502 0.26673496
vt 0.61048502 0.26673496
vt 0.61048502 0.26673496
vt 0.61048502 0.26673496
vt 0.61048502 0.26673496
vt 0.61048502 0.26673496
vt 0.61048502 0.26673496
vt 0.61048502 0.26673496
vt 0.61048502 0.26673496
vt 0.38951501 0.26673496
vt 0.38951501 0.26673496
vt 0.38951501 0.26673496
vt 0.38951501 0.26673496
vt 0.38951501 0.26673496
vt 0.38951501 0.26673496
vt 0.38951501 0.26673496
vt 0.38951501 0.26673496
vt 0.38951501 0.26673496
vt 0.38951501 0.26673496
vt 0.38951501 0.26673496
vt 0.38951501 0.26673496
vt 0.38951501 0.26673496
vt 0.38951501 0.26673496
vt 0.38951501 0.26673496
vt 0.38951501 0.26673496
vt 0.38951501 0.26673496
vt 0.38951501 0.26673496
vt 0.38951501 0.26673496
vt 0.38951501 0.26673496
vt 0.38951501 0.26673496
vt 0.38951501 0.26673496
vt 0.38951501 0.26673496
vt 0.38951501 0.26673496
vt 0.38951501 0.26673496
vt 0.38951501 0.26673496
vt 0.38951501 0.26673496
vt 0.38951501 0.26673496
vt 0.38951501 0.26673496
vt 0.38951501 0.26673496
vt 0.38951501 0.26673496
vt 0.38951501 0.26673496
vt 0.38951501 0.26673496
vt 0.38951501 0.26673496
vt 0.38951501 0.26673496
vt 0.38951501 0.26673496
vt 0.38951501 0.26673496
vt 0.38951501 0.26673496
vt 0.38951501 0.26673496
vt 0.38951501 0.26673496
vt 0.38951501 0.26673496
vt 0.38951501 0.26673496
vt 0.38951501 0.26673496
vt 0.38951501 0.26673496
vt 0.38951501 0.26673496
vt 0.38951501 0.26673496
vt 0.38951501 0.26673496
vt 0.38951501 0.26673496
vt 0.38951501 0.26673496
vt 0.38951501 0.26673496
vt 0.38951501 0.26673496
vt 0.38951501 0.26673496
vt 0.38951501 0.26673496
vt 0.38951501 0.26673496
vt 0.38951501 0.26673496
vt 0.38951501 0.26673496
vt 0.38951501 0.26673496
vt 0.38951501 0.26673496
vt 0.38951501 0.26673496
vt 0.38951501 0.26673496
vt 0.38951501 0.26673496
vt 0.38951501 0.26673496
vt 0.38951501 0.26673496
vt 0.38951501 0.26673496
vt 0.38951501 0.26673496
vt 0.38951501 0.26673496
vt 0.38951501 0.26673496
vt 0.38951501 0.26673496
vt 0.38951501 0.26673496
vt 0.38951501 0.26673496
vt 0.38951501 0.26673496
vt 0.38951501 0.26673496
vt 0.38951501 0.26673496
vt 0.38951501 0.26673496
vt 0.38951501 0.26673496
vt 0.38951501 0.26673496
vt 0.38951501 0.26673496
vt 0.38951501 0.26673496
vt 0.38951501 0.26673496
vt 0.38951501 0.26673496
vt 0.38951501 0.26673496
vt 0.38951501 0.26673496
vt 0.38951501 0.26673496
vt 0.38951501 0.26673496
vt 0.38951501 0.26673496
vt 0.38951501 0.26673496
vt 0.38951501 0.26673496
vt 0.38951501 0.26673496
vt 0.38951501 0.26673496
vt 0.38951501 0.26673496
vt 0.38951501 0.26673496
vt 0.38951501 0.26673496
vt 0.38951501 0.26673496
vt 0.00000000 0.00000000
vt 0.00000000 0.26805604
vt 0.50000000 0.26805604
vt 0.50000000 0.00000000
vt 1.00000000 0.26805604
vt 1.00000000 0.00000000
vt 0.00000000 0.50000000
vt 0.00000000 1.00000000
vt 0.50000000 1.00000000
vt 0.50000000 0.50000000
vt 1.00000000 1.00000000
vt 1.00000000 0.50000000
vt 0.00000000 0.00000000
vt 0.00000000 0.15811503
vt 0.50000000 0.15811503
vt 0.50000000 0.00000000
vt 1.00000000 0.15811503
vt 1.00000000 0.00000000
vt 0.00000000 0.50000000
vt 0.00000000 1.00000000
vt 0.50000000 1.00000000
vt 0.50000000 0.50000000
vt 1.00000000 1.00000000
vt 1.00000000 0.50000000
vt 0.00000000 0.00000000
vt 0.50000000 0.00000000
vt 0.50000000 0.15811503
vt 0.00000000 0.15811503
vt 1.00000000 0.00000000
vt 1.00000000 0.15811503
vt 0.00000000 0.50000000
vt 0.50000000 0.50000000
vt 0.50000000 1.00000000
vt 0.00000000 1.00000000
vt 1.00000000 0.50000000
vt 1.00000000 1.00000000
vt 0.00000000 0.00000000
vt 0.50000000 0.00000000
vt 0.50000000 0.23897499
vt 0.00000000 0.23897499
vt 1.00000000 0.00000000
vt 1.00000000 0.23897499
vt 0.00000000 0.50000000
vt 0.50000000 0.50000000
vt 0.50000000 1.00000000
vt 0.00000000 1.00000000
vt 1.00000000 0.50000000
vt 1.00000000 1.00000000
vt 0.00000000 0.00000000
vt 0.50000000 0.00000000
vt 0.50000000 0.21708703
vt 0.00000000 0.21708703
vt 1.00000000 0.00000000
vt 1.00000000 0.21708703
vt 0.00000000 0.50000000
vt 0.50000000 0.50000000
vt 0.50000000 1.00000000
vt 0.00000000 1.00000000
vt 1.00000000 0.50000000
vt 1.00000000 1.00000000
vt 0.00000000 0.00000000
vt 0.50000000 0.00000000
vt 0.50000000 0.15811503
vt 0.00000000 0.15811503
vt 1.00000000 0.00000000
vt 1.00000000 0.15811503
vt 0.00000000 0.50000000
vt 0.50000000 0.50000000
vt 0.50000000 1.00000000
vt 0.00000000 1.00000000
vt 1.00000000 0.50000000
vt 1.00000000 1.00000000
vt 0.00000000 0.00000000
vt 0.50000000 0.00000000
vt 0.50000000 0.15811503
vt 0.00000000 0.15811503
vt 1.00000000 0.00000000
vt 1.00000000 0.15811503
vt 0.00000000 0.50000000
vt 0.50000000 0.50000000
vt 0.50000000 1.00000000
vt 0.00000000 1.00000000
vt 1.00000000 0.50000000
vt 1.00000000 1.00000000
vt 0.00000000 0.00000000
vt 0.50000000 0.00000000
vt 0.50000000 0.15811503
vt 0.00000000 0.15811503
vt 1.00000000 0.00000000
vt 1.00000000 0.15811503
vt 0.00000000 0.50000000
vt 0.50000000 0.50000000
vt 0.50000000 1.00000000
vt 0.00000000 1.00000000
vt 1.00000000 0.50000000
vt 1.00000000 1.00000000
vt 0.00000000 0.00000000
vt 0.50000000 0.00000000
vt 0.50000000 0.15811503
vt 0.00000000 0.15811503
vt 1.00000000 0.00000000
vt 1.00000000 0.15811503
vt 0.00000000 0.50000000
vt 0.50000000 0.50000000
vt 0.50000000 1.00000000
vt 0.00000000 1.00000000
vt 1.00000000 0.50000000
vt 1.00000000 1.00000000
vt 0.00000000 0.00000000
vt 0.50000000 0.00000000
vt 0.50000000 0.15811503
vt 0.00000000 0.15811503
vt 1.00000000 0.00000000
vt 1.00000000 0.15811503
vt 0.00000000 0.50000000
vt 0.50000000 0.50000000
vt 0.50000000 1.00000000
vt 0.00000000 1.00000000
vt 1.00000000 0.50000000
vt 1.00000000 1.00000000
vt 0.00000000 0.00000000
vt 0.50000000 0.00000000
vt 0.50000000 0.23897499
vt 0.00000000 0.23897499
vt 1.00000000 0.00000000
vt 1.00000000 0.23897499
vt 0.00000000 0.50000000
vt 0.50000000 0.50000000
vt 0.50000000 1.00000000
vt 0.00000000 1.00000000
vt 1.00000000 0.50000000
vt 1.00000000 1.00000000
vt 0.00000000 0.00000000
vt 0.50000000 0.00000000
vt 0.50000000 0.21708703
vt 0.00000000 0.21708703
vt 1.00000000 0.00000000
vt 1.00000000 0.21708703
vt 0.00000000 0.50000000
vt 0.50000000 0.50000000
vt 0.50000000 1.00000000
vt 0.00000000 1.00000000
vt 1.00000000 0.50000000
vt 1.00000000 1.00000000
vt 0.00000000 0.00000000
vt 0.50000000 0.00000000
vt 0.50000000 0.15811503
vt 0.00000000 0.15811503
vt 1.00000000 0.00000000
vt 1.00000000 0.15811503
vt 0.00000000 0.50000000
vt 0.50000000 0.50000000
vt 0.50000000 1.00000000
vt 0.00000000 1.00000000
vt 1.00000000 0.50000000
vt 1.00000000 1.00000000
vt 0.00000000 0.00000000
vt 0.50000000 0.00000000
vt 0.50000000 0.15811503
vt 0.00000000 0.15811503
vt 1.00000000 0.00000000
vt 1.00000000 0.15811503
vt 0.00000000 0.50000000
vt 0.50000000 0.50000000
vt 0.50000000 1.00000000
vt 0.00000000 1.00000000
vt 1.00000000 0.50000000
vt 1.00000000 1.00000000
vt 0.00000000 0.00000000
vt 0.50000000 0.00000000
vt 0.50000000 0.15811503
vt 0.00000000 0.15811503
vt 1.00000000 0.00000000
vt 1.00000000 0.15811503
vt 0.00000000 0.50000000
vt 0.50000000 0.50000000
vt 0.50000000 1.00000000
vt 0.00000000 1.00000000
vt 1.00000000 0.50000000
vt 1.00000000 1.00000000
vt 0.00000000 0.00000000
vt 0.50000000 0.00000000
vt 0.50000000 0.15811503
vt 0.00000000 0.15811503
vt 1.00000000 0.00000000
vt 1.00000000 0.15811503
vt 0.00000000 0.50000000
vt 0.50000000 0.50000000
vt 0.50000000 1.00000000
vt 0.00000000 1.00000000
vt 1.00000000 0.50000000
vt 1.00000000 1.00000000
vt -0.07656700 0.95713800
vt -0.07656700 0.95713800
vt -0.12169300 0.36441398
vt -0.07656700 0.95713800
vt -0.12169300 0.36441398
vt 1.00000000 1.00000000
vt 1.00000000 1.00000000
vt 1.00000000 1.00000000
vt 1.00000000 1.00000000
vt 1.12169302 0.36441398
vt -0.07656700 0.95713800
vt -0.07656700 0.95713800
vt -0.07656700 0.95713800
vt -0.07656700 0.95713800
vt 1.00000000 1.00000000
vt 1.00000000 1.00000000
vt 1.00000000 1.00000000
vt 1.00000000 1.00000000
vt 0.00000000 1.00000000
vt 0.00000000 1.00000000
vt 0.00000000 1.00000000
vt 0.00000000 1.00000000
vt 0.00000000 1.00000000
vt 0.00000000 1.00000000
vt 1.00000000 1.00000000
vt 1.00000000 1.00000000
vt 1.00000000 1.00000000
vt 1.00000000 1.00000000
vt 0.00000000 1.00000000
vt 0.00000000 1.00000000
vt 0.00000000 1.00000000
vt 0.00000000 1.00000000
vt 0.00000000 1.00000000
vt 0.00000000 1.00000000
f 1/1 2/2 3/3
f 1/1 3/3 4/4
f 2/2 5/5 6/6
f 2/2 6/6 3/3
f 7/7 8/8 9/9
f 7/7 9/9 10/10
f 8/8 11/11 12/12
f 8/8 12/12 9/9
f 3/3 6/6 11/11
f 3/3 11/11 8/8
f 4/4 3/3 8/8
f 4/4 8/8 7/7
f 13/13 14/14 15/15
f 13/13 15/15 16/16
f 14/14 17/17 18/18
f 14/14 18/18 15/15
f 19/19 20/20 21/21
f 19/19 21/21 22/22
f 20/20 23/23 24/24
f 20/20 24/24 21/21
f 15/15 18/18 23/23
f 15/15 23/23 20/20
f 16/16 15/15 20/20
f 16/16 20/20 19/19
f 25/25 26/26 27/27
f 25/25 27/27 28/28
f 26/26 29/29 30/30
f 26/26 30/30 27/27
f 31/31 32/32 33/33
f 31/31 33/33 34/34
f 32/32 35/35 36/36
f 32/32 36/36 33/33
f 27/27 30/30 35/35
f 27/27 35/35 32/32
f 28/28 27/27 32/32
f 28/28 32/32 31/31
f 37/37 38/38 39/39
f 37/37 39/39 40/40
f 38/38 41/41 42/42
f 38/38 42/42 39/39
f 40/40 39/39 43/43
f 40/40 43/43 44/44
f 39/39 42/42 45/45
f 39/39 45/45 43/43
f 46/46 47/47 48/48
f 46/46 48/48 49/49
f 47/47 50/50 51/51
f 47/47 51/51 48/48
f 49/49 48/48 53/53
f 49/49 53/53 54/54
f 48/48 51/51 55/55
f 48/48 55/55 53/53
f 56/56 59/59 61/61
f 56/56 61/61 62/62
f 59/59 64/64 65/65
f 59/59 65/65 61/61
f 62/62 61/61 66/66
f 62/62 66/66 67/67
f 61/61 65/65 68/68
f 61/61 68/68 66/66
f 58/58 57/57 71/71
f 58/58 71/71 76/76
f 63/63 60/60 80/80
f 63/63 80/80 86/86
f 93/93 96/96 98/98
f 93/93 98/98 52/52
f 96/96 100/100 101/101
f 96/96 101/101 98/98
f 52/52 98/98 102/102
f 52/52 102/102 103/103
f 98/98 101/101 104/104
f 98/98 104/104 102/102
f 95/95 94/94 73/73
f 95/95 73/73 78/78
f 99/99 97/97 82/82
f 99/99 82/82 88/88
f 70/70 75/75 105/105
f 70/70 105/105 106/106
f 84/84 90/90 107/107
f 84/84 107/107 105/105
f 108/108 109/109 110/110
f 108/108 110/110 111/111
f 109/109 112/112 113/113
f 109/109 113/113 110/110
f 105/105 107/107 112/112
f 105/105 112/112 109/109
f 106/106 105/105 109/109
f 106/106 109/109 108/108
f 114/114 117/117 120/120
f 114/114 120/120 124/124
f 125/125 121/121 128/128
f 125/125 128/128 131/131
f 132/132 127/127 134/134
f 132/132 134/134 139/139
f 140/140 135/135 142/142
f 140/140 142/142 146/146
f 147/147 143/143 150/150
f 147/147 150/150 155/155
f 116/116 115/115 159/159
f 116/116 159/159 161/161
f 162/162 160/160 166/166
f 162/162 166/166 169/169
f 119/119 117/117 174/174
f 119/119 174/174 179/179
f 186/186 188/188 137/137
f 186/186 137/137 193/193
f 189/189 186/186 197/197
f 189/189 197/197 200/200
f 201/201 198/198 204/204
f 201/201 204/204 207/207
f 208/208 205/205 213/213
f 208/208 213/213 216/216
f 203/203 198/198 219/219
f 203/203 219/219 225/225
f 212/212 205/205 226/226
f 212/212 226/226 230/230
f 221/221 196/196 184/184
f 221/221 184/184 233/233
f 136/136 187/187 238/238
f 136/136 238/238 145/145
f 190/190 202/202 243/243
f 190/190 243/243 239/239
f 199/199 209/209 247/247
f 199/199 247/247 241/241
f 206/206 217/217 250/250
f 206/206 250/250 244/244
f 118/118 163/163 253/253
f 118/118 253/253 175/175
f 129/129 123/123 194/194
f 234/234 185/185 257/257
f 234/234 257/257 261/261
f 183/183 192/192 180/180
f 183/183 180/180 256/256
f 262/262 266/266 172/172
f 172/172 268/268 235/235
f 172/172 235/235 262/262
f 265/265 253/253 162/162
f 265/265 162/162 170/170
f 181/181 177/177 275/275
f 176/176 254/254 274/274
f 260/260 255/255 273/273
f 258/258 182/182 276/276
f 263/263 259/259 271/271
f 252/252 264/264 272/272
f 114/114 126/126 278/278
f 114/114 278/278 279/279
f 125/125 133/133 282/282
f 125/125 282/282 277/277
f 132/132 141/141 284/284
f 132/132 284/284 281/281
f 140/140 148/148 286/286
f 140/140 286/286 283/283
f 147/147 156/156 290/290
f 147/147 290/290 285/285
f 158/158 115/115 280/280
f 158/158 280/280 291/291
f 165/165 160/160 292/292
f 165/165 292/292 295/295
f 232/232 267/267 220/220
f 138/138 130/130 195/195
f 191/191 122/122 178/178
f 171/171 167/167 299/299
f 171/171 299/299 302/302
f 227/227 222/222 310/310
f 227/227 310/310 316/316
f 231/231 224/224 313/313
f 231/231 313/313 319/319
f 269/269 173/173 305/305
f 269/269 305/305 322/322
f 223/223 270/270 324/324
f 223/223 324/324 312/312
f 303/303 300/300 326/326
f 303/303 326/326 327/327
f 315/315 309/309 331/331
f 315/315 331/331 333/333
f 320/320 314/314 332/332
f 320/320 332/332 335/335
f 321/321 304/304 328/328
f 321/321 328/328 336/336
f 297/297 340/340 342/342
f 297/297 342/342 325/325
f 311/311 323/323 337/337
f 311/311 337/337 345/345
f 215/215 210/210 348/348
f 215/215 348/348 353/353
f 211/211 228/228 356/356
f 211/211 356/356 349/349
f 248/248 214/214 352/352
f 248/248 352/352 360/360
f 229/229 317/317 364/364
f 229/229 364/364 357/357
f 318/318 334/334 367/367
f 318/318 367/367 365/365
f 285/285 290/290 371/371
f 285/285 371/371 374/374
f 283/283 286/286 375/375
f 283/283 375/375 378/378
f 281/281 284/284 379/379
f 281/281 379/379 382/382
f 277/277 282/282 383/383
f 277/277 383/383 386/386
f 279/279 278/278 387/387
f 279/279 387/387 390/390
f 291/291 280/280 391/391
f 291/291 391/391 394/394
f 295/295 292/292 395/395
f 295/295 395/395 398/398
f 338/338 293/293 399/399
f 338/338 399/399 403/403
f 342/342 340/340 402/402
f 342/342 402/402 405/405
f 411/411 342/342 405/405
f 325/325 342/342 411/411
f 327/327 326/326 412/412
f 336/336 328/328 413/413
f 345/345 337/337 414/414
f 333/333 331/331 422/422
f 335/335 332/332 421/421
f 367/367 334/334 420/420
f 218/218 307/307 425/425
f 218/218 425/425 428/428
f 306/306 343/343 430/430
f 306/306 430/430 423/423
f 344/344 410/410 432/432
f 329/329 308/308 426/426
f 329/329 426/426 433/433
f 419/419 330/330 435/435
f 144/144 236/236 437/437
f 144/144 437/437 152/152
f 237/237 242/242 443/443
f 237/237 443/443 439/439
f 240/240 246/246 447/447
f 240/240 447/447 441/441
f 245/245 251/251 451/451
f 245/245 451/451 445/445
f 249/249 361/361 454/454
f 249/249 454/454 448/448
f 157/157 149/149 456/456
f 157/157 456/456 462/462
f 289/289 465/465 466/466
f 289/289 466/466 470/470
f 370/370 288/288 469/469
f 370/370 469/469 475/475
f 151/151 436/436 476/476
f 151/151 476/476 458/458
f 438/438 442/442 482/482
f 438/438 482/482 478/478
f 440/440 446/446 487/487
f 440/440 487/487 481/481
f 444/444 450/450 491/491
f 444/444 491/491 485/485
f 449/449 455/455 494/494
f 449/449 494/494 488/488
f 463/463 457/457 496/496
f 463/463 496/496 501/501
f 471/471 467/467 504/504
f 471/471 504/504 507/507
f 474/474 468/468 505/505
f 474/474 505/505 511/511
f 459/459 477/477 513/513
f 459/459 513/513 498/498
f 479/479 483/483 519/519
f 479/479 519/519 515/515
f 480/480 486/486 523/523
f 480/480 523/523 517/517
f 484/484 490/490 528/528
f 484/484 528/528 522/522
f 489/489 495/495 531/531
f 489/489 531/531 525/525
f 502/502 497/497 534/534
f 502/502 534/534 540/540
f 543/543 508/508 503/503
f 543/543 503/503 546/546
f 550/550 512/512 506/506
f 550/550 506/506 541/541
f 499/499 514/514 552/552
f 499/499 552/552 535/535
f 516/516 520/520 559/559
f 516/516 559/559 555/555
f 518/518 524/524 563/563
f 518/518 563/563 557/557
f 521/521 527/527 567/567
f 521/521 567/567 561/561
f 526/526 532/532 571/571
f 526/526 571/571 565/565
f 539/539 533/533 572/572
f 539/539 572/572 579/579
f 536/536 553/553 581/581
f 536/536 581/581 574/574
f 554/554 558/558 588/588
f 554/554 588/588 584/584
f 556/556 562/562 591/591
f 556/556 591/591 585/585
f 560/560 566/566 595/595
f 560/560 595/595 589/589
f 564/564 570/570 600/600
f 564/564 600/600 594/594
f 580/580 573/573 601/601
f 580/580 601/601 607/607
f 545/545 577/577 605/605
f 545/545 605/605 611/611
f 551/551 542/542 609/609
f 551/551 609/609 615/615
f 575/575 582/582 619/619
f 575/575 619/619 604/604
f 583/583 587/587 624/624
f 583/583 624/624 620/620
f 586/586 592/592 627/627
f 586/586 627/627 621/621
f 590/590 596/596 632/632
f 590/590 632/632 626/626
f 593/593 599/599 636/636
f 593/593 636/636 630/630
f 608/608 602/602 637/637
f 608/608 637/637 643/643
f 612/612 606/606 641/641
f 612/612 641/641 647/647
f 616/616 610/610 646/646
f 616/616 646/646 652/652
f 603/603 618/618 657/657
f 603/603 657/657 639/639
f 617/617 623/623 660/660
f 617/617 660/660 656/656
f 625/625 631/631 662/662
f 625/625 662/662 665/665
f 629/629 635/635 671/671
f 629/629 671/671 676/676
f 628/628 677/677 658/658
f 628/628 658/658 622/622
f 675/675 670/670 683/683
f 675/675 683/683 687/687
f 659/659 679/679 692/692
f 659/659 692/692 654/654
f 688/688 684/684 697/697
f 688/688 697/697 704/704
f 655/655 693/693 708/708
f 655/655 708/708 711/711
f 703/703 698/698 717/717
f 703/703 717/717 720/720
f 710/710 709/709 724/724
f 710/710 724/724 726/726
f 707/707 733/733 737/737
f 707/707 737/737 723/723
f 731/731 742/742 746/746
f 731/731 746/746 736/736
f 728/728 725/725 748/748
f 728/728 748/748 749/749
f 722/722 738/738 752/752
f 722/722 752/752 747/747
f 735/735 745/745 754/754
f 735/735 754/754 751/751
f 757/757 761/761 765/765
f 757/757 765/765 769/769
f 758/758 771/771 775/775
f 758/758 775/775 762/762
f 770/770 780/780 785/785
f 770/770 785/785 774/774
f 766/766 763/763 789/789
f 766/766 789/789 793/793
f 764/764 779/779 790/790
f 777/777 787/787 798/798
f 648/648 642/642 799/799
f 648/648 799/799 805/805
f 810/810 651/651 645/645
f 810/810 645/645 804/804
f 638/638 811/811 801/801
f 638/638 801/801 644/644
f 713/713 727/727 813/813
f 713/713 813/813 640/640
f 802/802 812/812 815/815
f 802/802 815/815 818/818
f 806/806 800/800 817/817
f 806/806 817/817 820/820
f 809/809 803/803 819/819
f 809/809 819/819 822/822
f 814/814 729/729 750/750
f 814/814 750/750 816/816
f 640/640 653/653 712/712
f 826/826 791/791 788/788
f 826/826 788/788 778/778
f 830/830 824/824 776/776
f 830/830 776/776 797/797
f 287/287 154/154 464/464
f 578/578 544/544 547/547
f 153/153 460/460 834/834
f 153/153 834/834 837/837
f 841/841 845/845 847/847
f 843/843 839/839 849/849
f 843/843 849/849 846/846
f 835/835 461/461 500/500
f 835/835 500/500 537/537
f 538/538 576/576 850/850
f 538/538 850/850 833/833
f 578/578 547/547 855/855
f 578/578 855/855 851/851
f 546/546 503/503 853/853
f 841/841 847/847 858/858
f 841/841 858/858 860/860
f 846/846 849/849 865/865
f 846/846 865/865 856/856
f 848/848 832/832 868/868
f 848/848 868/868 864/864
f 852/852 854/854 870/870
f 852/852 870/870 874/874
f 853/853 841/841 871/871
f 841/841 860/860 871/871
f 861/861 859/859 877/877
f 861/861 877/877 882/882
f 857/857 866/866 876/876
f 863/863 867/867 879/879
f 863/863 879/879 875/875
f 873/873 869/869 885/885
f 872/872 862/862 883/883
f 872/872 883/883 887/887
f 840/840 853/853 504/504
f 840/840 504/504 467/467
f 466/466 465/465 844/844
f 466/466 844/844 841/841
f 464/464 154/154 838/838
f 464/464 838/838 842/842
f 836/836 831/831 848/848
f 880/880 77/77 72/72
f 880/880 72/72 886/886
f 881/881 89/89 83/83
f 87/87 888/888 891/891
f 891/891 893/893 81/81
f 891/891 81/81 87/87
f 69/69 74/74 892/892
f 69/69 892/892 894/894
f 891/891 895/895 897/897
f 891/891 897/897 893/893
f 894/894 892/892 896/896
f 894/894 896/896 898/898
f 878/878 889/889 91/91
f 878/878 91/91 884/884
f 79/79 85/85 899/899
f 79/79 899/899 900/900
f 92/92 890/890 901/901
f 92/92 901/901 899/899
f 902/902 903/903 904/904
f 902/902 904/904 905/905
f 903/903 906/906 907/907
f 903/903 907/907 904/904
f 899/899 901/901 906/906
f 899/899 906/906 903/903
f 900/900 899/899 903/903
f 900/900 903/903 902/902
f 164/164 296/296 910/910
f 164/164 910/910 914/914
f 294/294 339/339 916/916
f 294/294 916/916 908/908
f 341/341 298/298 922/922
f 341/341 922/922 918/918
f 301/301 168/168 915/915
f 301/301 915/915 923/923
f 913/913 909/909 925/925
f 911/911 919/919 927/927
f 917/917 921/921 926/926
f 920/920 912/912 924/924
f 928/928 929/929 930/930
f 928/928 930/930 931/931
f 929/929 932/932 933/933
f 929/929 933/933 930/930
f 931/931 930/930 934/934
f 931/931 934/934 935/935
f 930/930 933/933 936/936
f 930/930 936/936 934/934
f 937/937 938/938 939/939
f 937/937 939/939 940/940
f 938/938 941/941 942/942
f 938/938 942/942 939/939
f 943/943 944/944 945/945
f 943/943 945/945 946/946
f 944/944 947/947 948/948
f 944/944 948/948 945/945
f 939/939 942/942 947/947
f 939/939 947/947 944/944
f 940/940 939/939 944/944
f 940/940 944/944 943/943
f 949/949 955/955 959/959
f 949/949 959/959 691/691
f 700/700 962/962 685/685
f 700/700 685/685 965/965
f 964/964 968/968 672/672
f 964/964 672/672 686/686
f 970/970 972/972 661/661
f 970/970 661/661 673/673
f 974/974 975/975 664/664
f 974/974 664/664 663/663
f 977/977 979/979 678/678
f 977/977 678/678 666/666
f 981/981 952/952 694/694
f 981/981 694/694 680/680
f 983/983 985/985 989/989
f 993/993 983/983 989/989
f 995/995 993/993 989/989
f 998/998 995/995 989/989
f 1000/1000 998/998 989/989
f 1003/1003 1000/1000 989/989
f 1004/1004 1003/1003 989/989
f 985/985 1004/1004 989/989
f 956/956 950/950 1008/1008
f 956/956 1008/1008 1014/1014
f 701/701 953/953 1011/1011
f 701/701 1011/1011 1017/1017
f 961/961 699/699 1015/1015
f 961/961 1015/1015 1019/1019
f 967/967 963/963 1022/1022
f 967/967 1022/1022 1024/1024
f 971/971 969/969 1025/1025
f 971/971 1025/1025 1027/1027
f 976/976 973/973 1029/1029
f 976/976 1029/1029 1031/1031
f 980/980 978/978 1034/1034
f 980/980 1034/1034 1037/1037
f 951/951 982/982 1038/1038
f 951/951 1038/1038 1010/1010
f 1013/1013 1007/1007 1039/1039
f 1013/1013 1039/1039 1042/1042
f 1018/1018 1012/1012 1041/1041
f 1018/1018 1041/1041 1044/1044
f 1021/1021 1016/1016 1043/1043
f 1021/1021 1043/1043 1045/1045
f 1023/1023 1020/1020 1046/1046
f 1023/1023 1046/1046 1047/1047
f 1028/1028 1026/1026 1048/1048
f 1028/1028 1048/1048 1049/1049
f 1032/1032 1030/1030 1050/1050
f 1032/1032 1050/1050 1051/1051
f 1036/1036 1033/1033 1052/1052
f 1036/1036 1052/1052 1053/1053
f 1009/1009 1035/1035 1054/1054
f 1009/1009 1054/1054 1040/1040
f 1042/1042 1039/1039 1055/1055
f 1042/1042 1055/1055 1058/1058
f 1044/1044 1041/1041 1057/1057
f 1044/1044 1057/1057 1060/1060
f 1045/1045 1043/1043 1059/1059
f 1045/1045 1059/1059 1061/1061
f 1047/1047 1046/1046 1062/1062
f 1047/1047 1062/1062 1063/1063
f 1049/1049 1048/1048 1064/1064
f 1049/1049 1064/1064 1065/1065
f 1051/1051 1050/1050 1066/1066
f 1051/1051 1066/1066 1067/1067
f 1053/1053 1052/1052 1068/1068
f 1053/1053 1068/1068 1069/1069
f 1040/1040 1054/1054 1070/1070
f 1040/1040 1070/1070 1056/1056
f 1058/1058 1055/1055 1071/1071
f 1058/1058 1071/1071 1074/1074
f 1060/1060 1057/1057 1073/1073
f 1060/1060 1073/1073 1076/1076
f 1061/1061 1059/1059 1075/1075
f 1061/1061 1075/1075 1078/1078
f 1063/1063 1062/1062 1077/1077
f 1063/1063 1077/1077 1079/1079
f 1065/1065 1064/1064 1080/1080
f 1065/1065 1080/1080 1081/1081
f 1067/1067 1066/1066 1082/1082
f 1067/1067 1082/1082 1083/1083
f 1069/1069 1068/1068 1084/1084
f 1069/1069 1084/1084 1085/1085
f 1056/1056 1070/1070 1086/1086
f 1056/1056 1086/1086 1072/1072
f 1074/1074 1071/1071 1087/1087
f 1074/1074 1087/1087 1094/1094
f 1076/1076 1073/1073 1093/1093
f 1076/1076 1093/1093 1100/1100
f 1078/1078 1075/1075 1096/1096
f 1078/1078 1096/1096 1103/1103
f 1079/1079 1077/1077 1102/1102
f 1079/1079 1102/1102 1105/1105
f 1081/1081 1080/1080 1107/1107
f 1081/1081 1107/1107 1110/1110
f 1083/1083 1082/1082 1113/1113
f 1083/1083 1113/1113 1116/1116
f 1085/1085 1084/1084 1119/1119
f 1085/1085 1119/1119 1121/1121
f 1072/1072 1086/1086 1122/1122
f 1072/1072 1122/1122 1090/1090
f 1111/1111 1108/1108 1125/1125
f 1111/1111 1125/1125 1129/1129
f 1132/1132 997/997 1133/1133
f 1132/1132 1133/1133 1137/1137
f 999/999 1001/1001 1139/1139
f 999/999 1139/1139 1141/1141
f 1145/1145 1115/1115 1112/1112
f 1145/1145 1112/1112 1130/1130
f 1001/1001 1002/1002 1147/1147
f 1001/1001 1147/1147 1139/1139
f 1152/1152 1153/1153 1156/1156
f 1152/1152 1156/1156 1160/1160
f 1095/1095 1088/1088 1161/1161
f 1095/1095 1161/1161 1164/1164
f 1165/1165 987/987 1168/1168
f 1165/1165 1168/1168 1169/1169
f 986/986 984/984 1170/1170
f 986/986 1170/1170 1167/1167
f 1099/1099 1092/1092 1163/1163
f 1099/1099 1163/1163 1172/1172
f 984/984 992/992 1174/1174
f 984/984 1174/1174 1170/1170
f 990/990 1175/1175 1177/1177
f 990/990 1177/1177 1173/1173
f 1164/1164 1161/1161 1178/1178
f 1164/1164 1178/1178 1181/1181
f 1172/1172 1163/1163 1180/1180
f 1172/1172 1180/1180 1183/1183
f 1173/1173 1177/1177 1184/1184
f 1173/1173 1184/1184 1185/1185
f 1170/1170 1174/1174 1186/1186
f 1170/1170 1186/1186 1187/1187
f 1167/1167 1170/1170 1188/1188
f 1167/1167 1188/1188 1189/1189
f 1191/1191 1169/1169 1168/1168
f 1191/1191 1168/1168 1190/1190
f 1181/1181 1178/1178 1193/1193
f 1181/1181 1193/1193 1199/1199
f 1183/1183 1180/1180 1196/1196
f 1183/1183 1196/1196 1202/1202
f 1185/1185 1184/1184 1204/1204
f 1185/1185 1204/1204 1206/1206
f 1187/1187 1186/1186 1209/1209
f 1187/1187 1209/1209 1211/1211
f 1189/1189 1188/1188 1212/1212
f 1189/1189 1212/1212 1214/1214
f 1191/1191 1190/1190 1217/1217
f 1191/1191 1217/1217 1219/1219
f 1198/1198 1192/1192 1220/1220
f 1198/1198 1220/1220 1226/1226
f 1218/1218 1216/1216 1230/1230
f 1218/1218 1230/1230 1232/1232
f 1215/1215 1213/1213 1237/1237
f 1215/1215 1237/1237 1228/1228
f 1203/1203 1197/1197 1225/1225
f 1203/1203 1225/1225 1242/1242
f 1210/1210 1208/1208 1246/1246
f 1210/1210 1246/1246 1236/1236
f 1207/1207 1205/1205 1249/1249
f 1207/1207 1249/1249 1244/1244
f 1089/1089 1165/1165 1169/1169
f 1089/1089 1169/1169 1162/1162
f 1153/1153 1117/1117 1252/1252
f 1153/1153 1252/1252 1156/1156
f 1106/1106 1132/1132 1137/1137
f 1106/1106 1137/1137 1255/1255
f 1177/1177 1175/1175 1098/1098
f 1177/1177 1098/1098 1171/1171
f 1184/1184 1177/1177 1171/1171
f 1184/1184 1171/1171 1182/1182
f 1204/1204 1184/1184 1182/1182
f 1204/1204 1182/1182 1200/1200
f 1249/1249 1205/1205 1201/1201
f 1249/1249 1201/1201 1240/1240
f 1194/1194 1218/1218 1232/1232
f 1194/1194 1232/1232 1222/1222
f 1179/1179 1191/1191 1219/1219
f 1179/1179 1219/1219 1195/1195
f 1162/1162 1169/1169 1191/1191
f 1162/1162 1191/1191 1179/1179
f 1259/1259 1266/1266 1270/1270
f 1263/1263 1276/1276 1269/1269
f 1280/1280 1282/1282 1268/1268
f 1274/1274 1278/1278 1267/1267
f 1285/1285 1287/1287 1271/1271
f 1289/1289 1261/1261 1272/1272
f 1227/1227 1221/1221 1286/1286
f 1227/1227 1286/1286 1284/1284
f 1241/1241 1224/1224 1283/1283
f 1241/1241 1283/1283 1281/1281
f 1248/1248 1239/1239 1279/1279
f 1248/1248 1279/1279 1275/1275
f 1243/1243 1247/1247 1273/1273
f 1235/1235 1245/1245 1277/1277
f 1235/1235 1277/1277 1264/1264
f 1229/1229 1238/1238 1265/1265
f 1229/1229 1265/1265 1258/1258
f 1234/1234 1231/1231 1262/1262
f 1223/1223 1233/1233 1260/1260
f 1223/1223 1260/1260 1288/1288
f 1290/1290 1291/1291 1293/1293
f 1290/1290 1293/1293 1295/1295
f 1297/1297 1291/1291 1290/1290
f 1297/1297 1290/1290 1299/1299
f 1300/1300 1296/1296 1298/1298
f 1300/1300 1298/1298 1302/1302
f 1304/1304 1301/1301 1302/1302
f 1304/1304 1302/1302 1306/1306
f 1307/1307 1303/1303 1305/1305
f 1307/1307 1305/1305 1308/1308
f 1309/1309 1307/1307 1308/1308
f 1309/1309 1308/1308 1311/1311
f 1313/1313 1310/1310 1312/1312
f 1313/1313 1312/1312 1315/1315
f 1292/1292 1314/1314 1316/1316
f 1292/1292 1316/1316 1294/1294
f 1145/1145 1130/1130 1318/1318
f 1145/1145 1318/1318 1319/1319
f 1325/1325 1328/1328 1146/1146
f 1325/1325 1146/1146 1320/1320
f 1148/1148 1327/1327 1324/1324
f 1148/1148 1324/1324 1333/1333
f 1139/1139 1147/1147 1331/1331
f 1139/1139 1331/1331 1335/1335
f 1141/1141 1139/1139 1337/1337
f 1141/1141 1337/1337 1342/1342
f 1345/1345 1140/1140 1339/1339
f 1345/1345 1339/1339 1348/1348
f 1124/1124 1344/1344 1347/1347
f 1124/1124 1347/1347 1351/1351
f 1129/1129 1125/1125 1352/1352
f 1129/1129 1352/1352 1317/1317
f 1308/1308 1305/1305 1354/1354
f 1308/1308 1354/1354 1358/1358
f 1306/1306 1302/1302 1361/1361
f 1306/1306 1361/1361 1356/1356
f 1302/1302 1298/1298 1363/1363
f 1302/1302 1363/1363 1361/1361
f 1299/1299 1290/1290 1368/1368
f 1299/1299 1368/1368 1365/1365
f 1294/1294 1316/1316 1372/1372
f 1294/1294 1372/1372 1374/1374
f 1290/1290 1295/1295 1376/1376
f 1290/1290 1376/1376 1368/1368
f 1315/1315 1312/1312 1381/1381
f 1315/1315 1381/1381 1371/1371
f 1311/1311 1308/1308 1358/1358
f 1311/1311 1358/1358 1379/1379
f 1357/1357 1353/1353 1382/1382
f 1355/1355 1362/1362 1385/1385
f 1355/1355 1385/1385 1383/1383
f 1360/1360 1364/1364 1386/1386
f 1360/1360 1386/1386 1384/1384
f 1366/1366 1369/1369 1387/1387
f 1166/1166 1388/1388 1005/1005
f 1166/1166 1005/1005 988/988
f 1131/1131 1390/1390 994/994
f 1131/1131 994/994 996/996
f 1101/1101 1390/1390 1131/1131
f 1101/1101 1131/1131 1104/1104
f 1123/1123 1388/1388 1166/1166
f 1123/1123 1166/1166 1091/1091
f 1120/1120 1118/1118 1154/1154
f 1120/1120 1154/1154 1389/1389
f 1006/1006 1389/1389 1154/1154
f 1006/1006 1154/1154 1151/1151
f 1101/1101 1097/1097 1176/1176
f 1101/1101 1176/1176 1390/1390
f 994/994 1390/1390 1176/1176
f 994/994 1176/1176 991/991
f 1147/1147 1002/1002 1391/1391
f 1147/1147 1391/1391 1393/1393
f 1114/1114 1144/1144 1395/1395
f 1114/1114 1395/1395 1250/1250
f 1003/1003 1004/1004 1150/1150
f 1003/1003 1150/1150 1392/1392
f 1321/1321 1329/1329 1396/1396
f 1321/1321 1396/1396 1398/1398
f 1332/1332 1400/1400 1401/1401
f 1332/1332 1401/1401 1397/1397
f 1403/1403 1405/1405 1407/1407
f 1403/1403 1407/1407 1409/1409
f 1411/1411 1322/1322 1399/1399
f 1411/1411 1399/1399 1413/1413
f 1404/1404 1416/1416 1418/1418
f 1404/1404 1418/1418 1406/1406
f 1419/1419 1412/1412 1414/1414
f 1419/1419 1414/1414 1420/1420
f 999/999 1141/1141 1421/1421
f 999/999 1421/1421 1135/1135
f 1126/1126 1109/1109 1422/1422
f 1109/1109 1257/1257 1422/1422
f 1343/1343 1350/1350 1424/1424
f 1343/1343 1424/1424 1427/1427
f 1428/1428 1430/1430 1432/1432
f 1428/1428 1432/1432 1434/1434
f 1431/1431 1436/1436 1437/1437
f 1431/1431 1437/1437 1433/1433
f 1349/1349 1439/1439 1441/1441
f 1349/1349 1441/1441 1425/1425
f 1442/1442 1444/1444 1446/1446
f 1442/1442 1446/1446 1447/1447
f 1443/1443 1429/1429 1435/1435
f 1443/1443 1435/1435 1445/1445
f 1406/1406 1418/1418 1451/1451
f 1406/1406 1451/1451 1454/1454
f 1409/1409 1407/1407 1455/1455
f 1409/1409 1455/1455 1459/1459
f 1397/1397 1401/1401 1460/1460
f 1397/1397 1460/1460 1464/1464
f 1398/1398 1396/1396 1462/1462
f 1398/1398 1462/1462 1466/1466
f 1413/1413 1399/1399 1467/1467
f 1413/1413 1467/1467 1470/1470
f 1420/1420 1414/1414 1472/1472
f 1420/1420 1472/1472 1475/1475
f 1425/1425 1441/1441 1480/1480
f 1425/1425 1480/1480 1483/1483
f 1427/1427 1424/1424 1484/1484
f 1427/1427 1484/1484 1488/1488
f 1433/1433 1437/1437 1490/1490
f 1433/1433 1490/1490 1494/1494
f 1434/1434 1432/1432 1491/1491
f 1434/1434 1491/1491 1495/1495
f 1445/1445 1435/1435 1498/1498
f 1445/1445 1498/1498 1500/1500
f 1447/1447 1446/1446 1502/1502
f 1447/1447 1502/1502 1504/1504
f 1393/1393 1391/1391 1149/1149
f 1393/1393 1149/1149 1158/1158
f 1401/1401 1400/1400 1402/1402
f 1401/1401 1402/1402 1408/1408
f 1460/1460 1401/1401 1408/1408
f 1460/1460 1408/1408 1456/1456
f 1417/1417 1420/1420 1475/1475
f 1417/1417 1475/1475 1449/1449
f 1415/1415 1419/1419 1420/1420
f 1415/1415 1420/1420 1417/1417
f 1436/1436 1341/1341 1426/1426
f 1436/1436 1426/1426 1437/1437
f 1490/1490 1437/1437 1426/1426
f 1490/1490 1426/1426 1486/1486
f 1440/1440 1447/1447 1504/1504
f 1440/1440 1504/1504 1477/1477
f 1438/1438 1442/1442 1447/1447
f 1438/1438 1447/1447 1440/1440
f 1319/1319 1318/1318 1314/1314
f 1319/1319 1314/1314 1292/1292
f 1291/1291 1325/1325 1320/1320
f 1291/1291 1320/1320 1293/1293
f 1334/1334 1325/1325 1291/1291
f 1334/1334 1291/1291 1297/1297
f 1336/1336 1330/1330 1296/1296
f 1336/1336 1296/1296 1300/1300
f 1342/1342 1337/1337 1301/1301
f 1342/1342 1301/1301 1304/1304
f 1347/1347 1338/1338 1303/1303
f 1347/1347 1303/1303 1307/1307
f 1351/1351 1347/1347 1307/1307
f 1351/1351 1307/1307 1309/1309
f 1317/1317 1352/1352 1310/1310
f 1317/1317 1310/1310 1313/1313
f 1394/1394 1143/1143 1412/1412
f 1394/1394 1412/1412 1419/1419
f 1142/1142 1326/1326 1323/1323
f 1142/1142 1323/1323 1410/1410
f 1147/1147 1393/1393 1400/1400
f 1147/1147 1400/1400 1332/1332
f 1402/1402 1400/1400 1393/1393
f 1402/1402 1393/1393 1158/1158
f 1159/1159 1157/1157 1405/1405
f 1159/1159 1405/1405 1403/1403
f 1155/1155 1253/1253 1416/1416
f 1155/1155 1416/1416 1404/1404
f 1251/1251 1394/1394 1419/1419
f 1251/1251 1419/1419 1415/1415
f 1423/1423 1256/1256 1444/1444
f 1423/1423 1444/1444 1442/1442
f 1254/1254 1138/1138 1429/1429
f 1254/1254 1429/1429 1443/1443
f 1136/1136 1134/1134 1430/1430
f 1136/1136 1430/1430 1428/1428
f 1135/1135 1421/1421 1436/1436
f 1135/1135 1436/1436 1431/1431
f 1421/1421 1141/1141 1340/1340
f 1421/1421 1340/1340 1436/1436
f 1346/1346 1128/1128 1439/1439
f 1346/1346 1439/1439 1349/1349
f 1127/1127 1423/1423 1442/1442
f 1127/1127 1442/1442 1438/1438
f 1507/1507 1511/1511 1514/1514
f 1513/1513 1525/1525 1518/1518
f 1522/1522 1526/1526 1517/1517
f 1528/1528 1532/1532 1521/1521
f 1535/1535 1541/1541 1519/1519
f 1531/1531 1537/1537 1520/1520
f 1538/1538 1544/1544 1516/1516
f 1542/1542 1508/1508 1515/1515
f 1367/1367 1377/1377 1536/1536
f 1367/1367 1536/1536 1530/1530
f 1387/1387 1369/1369 1533/1533
f 1387/1387 1533/1533 1529/1529
f 1384/1384 1386/1386 1527/1527
f 1384/1384 1527/1527 1523/1523
f 1383/1383 1385/1385 1524/1524
f 1383/1383 1524/1524 1512/1512
f 1357/1357 1382/1382 1510/1510
f 1357/1357 1510/1510 1506/1506
f 1378/1378 1359/1359 1509/1509
f 1378/1378 1509/1509 1543/1543
f 1370/1370 1380/1380 1545/1545
f 1370/1370 1545/1545 1539/1539
f 1375/1375 1373/1373 1540/1540
f 1375/1375 1540/1540 1534/1534
f 1469/1469 1463/1463 1547/1547
f 1469/1469 1547/1547 1553/1553
f 1465/1465 1461/1461 1555/1555
f 1465/1465 1555/1555 1549/1549
f 1471/1471 1468/1468 1552/1552
f 1471/1471 1552/1552 1557/1557
f 1474/1474 1473/1473 1559/1559
f 1474/1474 1559/1559 1561/1561
f 1461/1461 1457/1457 1565/1565
f 1461/1461 1565/1565 1555/1555
f 1458/1458 1452/1452 1568/1568
f 1458/1458 1568/1568 1566/1566
f 1453/1453 1450/1450 1574/1574
f 1453/1453 1574/1574 1569/1569
f 1448/1448 1476/1476 1562/1562
f 1448/1448 1562/1562 1572/1572
f 1550/1550 1546/1546 1576/1576
f 1550/1550 1576/1576 1579/1579
f 1548/1548 1554/1554 1583/1583
f 1548/1548 1583/1583 1578/1578
f 1556/1556 1551/1551 1580/1580
f 1556/1556 1580/1580 1584/1584
f 1560/1560 1558/1558 1586/1586
f 1560/1560 1586/1586 1588/1588
f 1554/1554 1564/1564 1592/1592
f 1554/1554 1592/1592 1583/1583
f 1567/1567 1571/1571 1598/1598
f 1567/1567 1598/1598 1594/1594
f 1570/1570 1575/1575 1602/1602
f 1570/1570 1602/1602 1597/1597
f 1573/1573 1563/1563 1591/1591
f 1573/1573 1591/1591 1600/1600
f 1581/1581 1577/1577 1603/1603
f 1578/1578 1583/1583 1606/1606
f 1585/1585 1582/1582 1604/1604
f 1589/1589 1587/1587 1605/1605
f 1583/1583 1592/1592 1606/1606
f 1593/1593 1596/1596 1609/1609
f 1595/1595 1601/1601 1608/1608
f 1599/1599 1590/1590 1607/1607
f 1496/1496 1492/1492 1610/1610
f 1496/1496 1610/1610 1616/1616
f 1493/1493 1489/1489 1621/1621
f 1493/1493 1621/1621 1613/1613
f 1503/1503 1501/1501 1624/1624
f 1503/1503 1624/1624 1626/1626
f 1499/1499 1497/1497 1617/1617
f 1499/1499 1617/1617 1622/1622
f 1487/1487 1481/1481 1632/1632
f 1487/1487 1632/1632 1639/1639
f 1489/1489 1485/1485 1637/1637
f 1489/1489 1637/1637 1621/1621
f 1482/1482 1479/1479 1643/1643
f 1482/1482 1643/1643 1633/1633
f 1478/1478 1505/1505 1629/1629
f 1478/1478 1629/1629 1641/1641
f 1618/1618 1611/1611 1645/1645
f 1612/1612 1620/1620 1648/1648
f 1612/1612 1648/1648 1646/1646
f 1627/1627 1625/1625 1653/1653
f 1627/1627 1653/1653 1655/1655
f 1623/1623 1619/1619 1651/1651
f 1638/1638 1630/1630 1660/1660
f 1620/1620 1636/1636 1658/1658
f 1620/1620 1658/1658 1648/1648
f 1631/1631 1642/1642 1664/1664
f 1640/1640 1628/1628 1656/1656
f 1640/1640 1656/1656 1662/1662
f 1614/1614 1644/1644 1666/1666
f 1614/1614 1666/1666 1670/1670
f 1647/1647 1649/1649 1675/1675
f 1647/1647 1675/1675 1669/1669
f 1654/1654 1652/1652 1678/1678
f 1654/1654 1678/1678 1680/1680
f 1650/1650 1615/1615 1671/1671
f 1650/1650 1671/1671 1676/1676
f 1661/1661 1635/1635 1687/1687
f 1661/1661 1687/1687 1691/1691
f 1649/1649 1659/1659 1689/1689
f 1649/1649 1689/1689 1675/1675
f 1634/1634 1665/1665 1695/1695
f 1634/1634 1695/1695 1686/1686
f 1663/1663 1657/1657 1683/1683
f 1663/1663 1683/1683 1693/1693
f 1672/1672 1667/1667 1696/1696
f 1668/1668 1674/1674 1699/1699
f 1681/1681 1679/1679 1698/1698
f 1677/1677 1673/1673 1697/1697
f 1690/1690 1685/1685 1702/1702
f 1674/1674 1688/1688 1699/1699
f 1684/1684 1694/1694 1701/1701
f 1692/1692 1682/1682 1700/1700
f 1703/1703 1704/1704 1705/1705
f 1703/1703 1705/1705 1706/1706
f 1704/1704 1707/1707 1708/1708
f 1704/1704 1708/1708 1705/1705
f 1709/1709 1710/1710 1711/1711
f 1709/1709 1711/1711 1712/1712
f 1710/1710 1713/1713 1714/1714
f 1710/1710 1714/1714 1711/1711
f 1705/1705 1708/1708 1713/1713
f 1705/1705 1713/1713 1710/1710
f 1706/1706 1705/1705 1710/1710
f 1706/1706 1710/1710 1709/1709
f 1715/1715 1716/1716 1717/1717
f 1715/1715 1717/1717 1718/1718
f 1716/1716 1719/1719 1720/1720
f 1716/1716 1720/1720 1717/1717
f 1721/1721 1722/1722 1723/1723
f 1721/1721 1723/1723 1724/1724
f 1722/1722 1725/1725 1726/1726
f 1722/1722 1726/1726 1723/1723
f 1717/1717 1720/1720 1725/1725
f 1717/1717 1725/1725 1722/1722
f 1718/1718 1717/1717 1722/1722
f 1718/1718 1722/1722 1721/1721
f 751/751 754/754 781/781
f 751/751 781/781 772/772
f 747/747 752/752 773/773
f 747/747 773/773 759/759
f 749/749 748/748 760/760
f 749/749 760/760 756/756
f 816/816 750/750 755/755
f 816/816 755/755 768/768
f 818/818 815/815 767/767
f 818/818 767/767 794/794
f 820/820 817/817 792/792
f 820/820 792/792 825/825
f 822/822 819/819 823/823
f 822/822 823/823 829/829
f 662/662 631/631 674/674
f 690/690 958/958 732/732
f 690/690 732/732 706/706
f 667/667 677/677 628/628
f 1727/1727 1728/1728 1729/1729
f 1727/1727 1729/1729 1730/1730
f 1730/1730 1729/1729 1731/1731
f 1730/1730 1731/1731 1732/1732
f 1733/1733 1734/1734 1735/1735
f 1733/1733 1735/1735 1736/1736
f 1736/1736 1735/1735 1737/1737
f 1736/1736 1737/1737 1738/1738
f 1729/1729 1736/1736 1738/1738
f 1729/1729 1738/1738 1731/1731
f 1728/1728 1733/1733 1736/1736
f 1728/1728 1736/1736 1729/1729
f 1739/1739 1740/1740 1741/1741
f 1739/1739 1741/1741 1742/1742
f 1742/1742 1741/1741 1743/1743
f 1742/1742 1743/1743 1744/1744
f 1745/1745 1746/1746 1747/1747
f 1745/1745 1747/1747 1748/1748
f 1748/1748 1747/1747 1749/1749
f 1748/1748 1749/1749 1750/1750
f 1741/1741 1748/1748 1750/1750
f 1741/1741 1750/1750 1743/1743
f 1740/1740 1745/1745 1748/1748
f 1740/1740 1748/1748 1741/1741
f 1751/1751 1752/1752 1753/1753
f 1751/1751 1753/1753 1754/1754
f 1754/1754 1753/1753 1755/1755
f 1754/1754 1755/1755 1756/1756
f 1757/1757 1758/1758 1759/1759
f 1757/1757 1759/1759 1760/1760
f 1760/1760 1759/1759 1761/1761
f 1760/1760 1761/1761 1762/1762
f 1753/1753 1760/1760 1762/1762
f 1753/1753 1762/1762 1755/1755
f 1752/1752 1757/1757 1760/1760
f 1752/1752 1760/1760 1753/1753
f 1763/1763 1764/1764 1765/1765
f 1763/1763 1765/1765 1766/1766
f 1766/1766 1765/1765 1767/1767
f 1766/1766 1767/1767 1768/1768
f 1764/1764 1769/1769 1770/1770
f 1764/1764 1770/1770 1765/1765
f 1765/1765 1770/1770 1771/1771
f 1765/1765 1771/1771 1767/1767
f 1772/1772 1773/1773 1774/1774
f 1772/1772 1774/1774 1775/1775
f 1775/1775 1774/1774 1777/1777
f 1775/1775 1777/1777 1778/1778
f 1773/1773 1779/1779 1780/1780
f 1773/1773 1780/1780 1774/1774
f 1774/1774 1780/1780 1781/1781
f 1774/1774 1781/1781 1777/1777
f 1782/1782 1784/1784 1785/1785
f 1782/1782 1785/1785 1787/1787
f 1787/1787 1785/1785 1789/1789
f 1787/1787 1789/1789 1791/1791
f 1784/1784 1792/1792 1793/1793
f 1784/1784 1793/1793 1785/1785
f 1785/1785 1793/1793 1794/1794
f 1785/1785 1794/1794 1789/1789
f 1786/1786 1803/1803 1808/1808
f 1786/1786 1808/1808 1783/1783
f 1790/1790 1817/1817 1799/1799
f 1790/1790 1799/1799 1788/1788
f 1819/1819 1776/1776 1821/1821
f 1819/1819 1821/1821 1823/1823
f 1823/1823 1821/1821 1825/1825
f 1823/1823 1825/1825 1827/1827
f 1776/1776 1828/1828 1829/1829
f 1776/1776 1829/1829 1821/1821
f 1821/1821 1829/1829 1830/1830
f 1821/1821 1830/1830 1825/1825
f 1822/1822 1801/1801 1806/1806
f 1822/1822 1806/1806 1820/1820
f 1826/1826 1815/1815 1797/1797
f 1826/1826 1797/1797 1824/1824
f 1809/1809 1831/1831 1832/1832
f 1809/1809 1832/1832 1804/1804
f 1795/1795 1832/1832 1833/1833
f 1795/1795 1833/1833 1813/1813
f 1834/1834 1835/1835 1836/1836
f 1834/1834 1836/1836 1837/1837
f 1837/1837 1836/1836 1838/1838
f 1837/1837 1838/1838 1839/1839
f 1832/1832 1837/1837 1839/1839
f 1832/1832 1839/1839 1833/1833
f 1831/1831 1834/1834 1837/1837
f 1831/1831 1837/1837 1832/1832
f 1840/1840 1842/1842 1848/1848
f 1840/1840 1848/1848 1852/1852
f 1843/1843 1853/1853 1858/1858
f 1843/1843 1858/1858 1849/1849
f 1854/1854 1860/1860 1866/1866
f 1854/1854 1866/1866 1859/1859
f 1861/1861 1868/1868 1874/1874
f 1861/1861 1874/1874 1867/1867
f 1869/1869 1876/1876 1882/1882
f 1869/1869 1882/1882 1873/1873
f 1851/1851 1886/1886 1888/1888
f 1851/1851 1888/1888 1841/1841
f 1884/1884 1893/1893 1898/1898
f 1884/1884 1898/1898 1889/1889
f 1847/1847 1903/1903 1908/1908
f 1847/1847 1908/1908 1852/1852
f 1911/1911 1914/1914 1917/1917
f 1911/1911 1917/1917 1920/1920
f 1915/1915 1925/1925 1929/1929
f 1915/1915 1929/1929 1918/1918
f 1926/1926 1932/1932 1936/1936
f 1926/1926 1936/1936 1930/1930
f 1928/1928 1940/1940 1947/1947
f 1928/1928 1947/1947 1918/1918
f 1935/1935 1950/1950 1941/1941
f 1935/1935 1941/1941 1930/1930
f 1945/1945 1955/1955 1922/1922
f 1945/1945 1922/1922 1919/1919
f 1865/1865 1871/1871 1958/1958
f 1865/1865 1958/1958 1912/1912
f 1909/1909 1957/1957 1961/1961
f 1909/1909 1961/1961 1913/1913
f 1916/1916 1963/1963 1965/1965
f 1916/1916 1965/1965 1924/1924
f 1927/1927 1968/1968 1970/1970
f 1927/1927 1970/1970 1931/1931
f 1850/1850 1907/1907 1974/1974
f 1850/1850 1974/1974 1885/1885
f 1856/1856 1976/1976 1845/1845
f 1954/1954 1982/1982 1986/1986
f 1954/1954 1986/1986 1921/1921
f 1923/1923 1987/1987 1902/1902
f 1923/1923 1902/1902 1979/1979
f 1891/1891 1989/1989 1981/1981
f 1981/1981 1953/1953 1995/1995
f 1981/1981 1995/1995 1891/1891
f 1990/1990 1894/1894 1884/1884
f 1990/1990 1884/1884 1974/1974
f 1901/1901 1998/1998 1905/1905
f 1906/1906 1999/1999 1973/1973
f 1983/1983 2000/2000 1988/1988
f 1985/1985 1997/1997 1900/1900
f 1992/1992 2002/2002 1984/1984
f 1975/1975 2001/2001 1991/1991
f 1840/1840 2003/2003 2006/2006
f 1840/1840 2006/2006 1844/1844
f 1843/1843 2005/2005 2008/2008
f 1843/1843 2008/2008 1855/1855
f 1854/1854 2007/2007 2010/2010
f 1854/1854 2010/2010 1862/1862
f 1861/1861 2009/2009 2012/2012
f 1861/1861 2012/2012 1870/1870
f 1869/1869 2011/2011 2013/2013
f 1869/1869 2013/2013 1877/1877
f 1887/1887 2017/2017 2004/2004
f 1887/1887 2004/2004 1841/1841
f 1897/1897 2020/2020 2018/2018
f 1897/1897 2018/2018 1889/1889
f 1956/1956 1946/1946 1996/1996
f 1863/1863 1977/1977 1857/1857
f 1980/1980 1904/1904 1846/1846
f 1892/1892 2026/2026 2029/2029
f 1892/1892 2029/2029 1896/1896
f 1939/1939 2032/2032 2038/2038
f 1939/1939 2038/2038 1944/1944
f 1949/1949 2044/2044 2035/2035
f 1949/1949 2035/2035 1942/1942
f 1994/1994 2049/2049 2023/2023
f 1994/1994 2023/2023 1890/1890
f 1943/1943 2036/2036 2047/2047
f 1943/1943 2047/2047 1993/1993
f 2025/2025 2052/2052 2053/2053
f 2025/2025 2053/2053 2028/2028
f 2033/2033 2055/2055 2057/2057
f 2033/2033 2057/2057 2039/2039
f 2043/2043 2060/2060 2056/2056
f 2043/2043 2056/2056 2034/2034
f 2050/2050 2063/2063 2051/2051
f 2050/2050 2051/2051 2024/2024
f 2031/2031 2054/2054 2064/2064
f 2031/2031 2064/2064 2066/2066
f 2037/2037 2069/2069 2062/2062
f 2037/2037 2062/2062 2048/2048
f 1933/1933 350/350 347/347
f 1933/1933 347/347 1938/1938
f 1937/1937 346/346 355/355
f 1937/1937 355/355 1952/1952
f 1972/1972 359/359 351/351
f 1972/1972 351/351 1934/1934
f 1951/1951 354/354 363/363
f 1951/1951 363/363 2046/2046
f 2045/2045 362/362 366/366
f 2045/2045 366/366 2061/2061
f 2011/2011 372/372 368/368
f 2011/2011 368/368 2013/2013
f 2009/2009 376/376 373/373
f 2009/2009 373/373 2012/2012
f 2007/2007 380/380 377/377
f 2007/2007 377/377 2010/2010
f 2005/2005 384/384 381/381
f 2005/2005 381/381 2008/2008
f 2003/2003 388/388 385/385
f 2003/2003 385/385 2006/2006
f 2017/2017 392/392 389/389
f 2017/2017 389/389 2004/2004
f 2020/2020 397/397 393/393
f 2020/2020 393/393 2018/2018
f 2068/2068 400/400 396/396
f 2068/2068 396/396 2022/2022
f 2064/2064 404/404 401/401
f 2064/2064 401/401 2066/2066
f 409/409 404/404 2064/2064
f 2054/2054 409/409 2064/2064
f 2052/2052 408/408 2053/2053
f 2063/2063 407/407 2051/2051
f 2069/2069 406/406 2062/2062
f 2055/2055 415/415 2057/2057
f 2060/2060 416/416 2056/2056
f 366/366 417/417 2061/2061
f 1948/1948 428/428 425/425
f 1948/1948 425/425 2041/2041
f 2042/2042 427/427 434/434
f 2042/2042 434/434 2071/2071
f 2070/2070 432/432 410/410
f 2059/2059 431/431 424/424
f 2059/2059 424/424 2040/2040
f 418/418 429/429 2058/2058
f 1872/1872 1880/1880 2074/2074
f 1872/1872 2074/2074 1960/1960
f 1959/1959 2072/2072 2076/2076
f 1959/1959 2076/2076 1962/1962
f 1964/1964 2078/2078 2080/2080
f 1964/1964 2080/2080 1966/1966
f 1967/1967 2082/2082 2084/2084
f 1967/1967 2084/2084 1969/1969
f 1971/1971 2087/2087 453/453
f 1971/1971 453/453 358/358
f 1875/1875 2089/2089 2095/2095
f 1875/1875 2095/2095 1883/1883
f 2014/2014 2097/2097 2100/2100
f 2014/2014 2100/2100 2102/2102
f 369/369 472/472 2098/2098
f 369/369 2098/2098 2015/2015
f 1881/1881 2093/2093 2107/2107
f 1881/1881 2107/2107 2075/2075
f 2073/2073 2105/2105 2109/2109
f 2073/2073 2109/2109 2077/2077
f 2079/2079 2110/2110 2112/2112
f 2079/2079 2112/2112 2081/2081
f 2083/2083 2114/2114 2116/2116
f 2083/2083 2116/2116 2085/2085
f 2086/2086 2119/2119 493/493
f 2086/2086 493/493 452/452
f 2088/2088 2121/2121 2126/2126
f 2088/2088 2126/2126 2094/2094
f 2096/2096 2128/2128 2132/2132
f 2096/2096 2132/2132 2101/2101
f 473/473 510/510 2130/2130
f 473/473 2130/2130 2099/2099
f 2092/2092 2124/2124 2136/2136
f 2092/2092 2136/2136 2106/2106
f 2104/2104 2134/2134 2138/2138
f 2104/2104 2138/2138 2108/2108
f 2111/2111 2140/2140 2142/2142
f 2111/2111 2142/2142 2113/2113
f 2115/2115 2143/2143 2145/2145
f 2115/2115 2145/2145 2117/2117
f 2118/2118 2148/2148 530/530
f 2118/2118 530/530 492/492
f 2120/2120 2149/2149 2155/2155
f 2120/2120 2155/2155 2125/2125
f 2159/2159 2163/2163 2131/2131
f 2159/2159 2131/2131 2127/2127
f 549/549 2161/2161 2129/2129
f 549/549 2129/2129 509/509
f 2123/2123 2154/2154 2167/2167
f 2123/2123 2167/2167 2135/2135
f 2133/2133 2164/2164 2168/2168
f 2133/2133 2168/2168 2137/2137
f 2139/2139 2170/2170 2172/2172
f 2139/2139 2172/2172 2141/2141
f 2144/2144 2174/2174 2176/2176
f 2144/2144 2176/2176 2146/2146
f 2147/2147 2178/2178 568/568
f 2147/2147 568/568 529/529
f 2150/2150 2181/2181 2188/2188
f 2150/2150 2188/2188 2156/2156
f 2153/2153 2186/2186 2192/2192
f 2153/2153 2192/2192 2166/2166
f 2165/2165 2189/2189 2193/2193
f 2165/2165 2193/2193 2169/2169
f 2171/2171 2195/2195 2197/2197
f 2171/2171 2197/2197 2173/2173
f 2175/2175 2200/2200 2202/2202
f 2175/2175 2202/2202 2177/2177
f 2179/2179 2203/2203 597/597
f 2179/2179 597/597 569/569
f 2180/2180 2206/2206 2212/2212
f 2180/2180 2212/2212 2187/2187
f 2157/2157 2214/2214 2208/2208
f 2157/2157 2208/2208 2183/2183
f 548/548 614/614 2216/2216
f 548/548 2216/2216 2160/2160
f 2185/2185 2209/2209 2218/2218
f 2185/2185 2218/2218 2191/2191
f 2190/2190 2217/2217 2221/2221
f 2190/2190 2221/2221 2194/2194
f 2196/2196 2224/2224 2226/2226
f 2196/2196 2226/2226 2198/2198
f 2199/2199 2227/2227 2229/2229
f 2199/2199 2229/2229 2201/2201
f 2204/2204 2231/2231 633/633
f 2204/2204 633/633 598/598
f 2205/2205 2234/2234 2240/2240
f 2205/2205 2240/2240 2211/2211
f 2213/2213 2242/2242 2236/2236
f 2213/2213 2236/2236 2207/2207
f 613/613 649/649 2243/2243
f 613/613 2243/2243 2215/2215
f 2210/2210 2238/2238 2245/2245
f 2210/2210 2245/2245 2219/2219
f 2220/2220 2246/2246 2250/2250
f 2220/2220 2250/2250 2222/2222
f 2228/2228 2255/2255 2258/2258
f 2228/2228 2258/2258 2230/2230
f 2232/2232 2260/2260 668/668
f 2232/2232 668/668 634/634
f 2225/2225 2223/2223 2252/2252
f 2225/2225 2252/2252 2268/2268
f 2261/2261 2271/2271 682/682
f 2261/2261 682/682 669/669
f 2251/2251 2247/2247 2275/2275
f 2251/2251 2275/2275 2266/2266
f 2270/2270 2281/2281 695/695
f 2270/2270 695/695 681/681
f 2248/2248 2289/2289 2290/2290
f 2248/2248 2290/2290 2276/2276
f 2280/2280 2295/2295 714/714
f 2280/2280 714/714 696/696
f 2288/2288 2301/2301 2303/2303
f 2288/2288 2303/2303 2291/2291
f 2293/2293 2304/2304 2308/2308
f 2293/2293 2308/2308 2313/2313
f 2311/2311 2307/2307 743/743
f 2311/2311 743/743 739/739
f 2299/2299 2316/2316 2317/2317
f 2299/2299 2317/2317 2302/2302
f 2305/2305 2318/2318 2319/2319
f 2305/2305 2319/2319 2306/2306
f 2309/2309 2320/2320 753/753
f 2309/2309 753/753 744/744
f 2321/2321 2324/2324 2328/2328
f 2321/2321 2328/2328 2332/2332
f 2335/2335 2331/2331 2340/2340
f 2335/2335 2340/2340 2344/2344
f 2345/2345 2341/2341 786/786
f 2345/2345 786/786 783/783
f 2327/2327 2347/2347 2351/2351
f 2327/2327 2351/2351 2330/2330
f 2329/2329 2350/2350 2336/2336
f 2338/2338 795/795 784/784
f 2241/2241 2354/2354 2360/2360
f 2241/2241 2360/2360 2235/2235
f 807/807 2355/2355 2244/2244
f 807/807 2244/2244 650/650
f 2239/2239 2233/2233 2358/2358
f 2239/2239 2358/2358 2364/2364
f 2287/2287 2237/2237 2362/2362
f 2287/2287 2362/2362 2300/2300
f 2357/2357 2365/2365 2368/2368
f 2357/2357 2368/2368 2363/2363
f 2353/2353 2369/2369 2366/2366
f 2353/2353 2366/2366 2359/2359
f 808/808 821/821 2370/2370
f 808/808 2370/2370 2356/2356
f 2361/2361 2367/2367 2315/2315
f 2361/2361 2315/2315 2298/2298
f 2237/2237 2286/2286 2249/2249
f 2372/2372 2337/2337 2352/2352
f 2372/2372 2352/2352 2348/2348
f 827/827 796/796 2339/2339
f 827/827 2339/2339 2373/2373
f 2016/2016 2103/2103 1878/1878
f 2182/2182 2162/2162 2158/2158
f 1879/1879 2377/2377 2379/2379
f 1879/1879 2379/2379 2090/2090
f 2385/2385 2386/2386 2388/2388
f 2390/2390 2387/2387 2392/2392
f 2390/2390 2392/2392 2375/2375
f 2380/2380 2151/2151 2122/2122
f 2380/2380 2122/2122 2091/2091
f 2152/2152 2381/2381 2396/2396
f 2152/2152 2396/2396 2184/2184
f 2182/2182 2395/2395 2397/2397
f 2182/2182 2397/2397 2162/2162
f 2163/2163 2398/2398 2131/2131
f 2385/2385 2401/2401 2403/2403
f 2385/2385 2403/2403 2386/2386
f 2387/2387 2405/2405 2407/2407
f 2387/2387 2407/2407 2392/2392
f 2393/2393 2408/2408 2410/2410
f 2393/2393 2410/2410 2382/2382
f 2395/2395 2412/2412 2416/2416
f 2395/2395 2416/2416 2397/2397
f 2398/2398 2415/2415 2385/2385
f 2415/2415 2401/2401 2385/2385
f 2400/2400 2420/2420 2425/2425
f 2400/2400 2425/2425 2402/2402
f 2404/2404 2426/2426 2406/2406
f 2409/2409 2427/2427 2423/2423
f 2409/2409 2423/2423 2411/2411
f 2413/2413 2430/2430 2417/2417
f 2414/2414 2428/2428 2419/2419
f 2414/2414 2419/2419 2399/2399
f 2384/2384 2101/2101 2132/2132
f 2384/2384 2132/2132 2398/2398
f 2100/2100 2385/2385 2389/2389
f 2100/2100 2389/2389 2102/2102
f 2103/2103 2391/2391 2376/2376
f 2103/2103 2376/2376 1878/1878
f 2378/2378 2394/2394 2383/2383
f 2422/2422 2429/2429 1807/1807
f 2422/2422 1807/1807 1802/1802
f 2421/2421 1796/1796 1814/1814
f 2436/2436 2433/2433 1816/1816
f 1816/1816 1798/1798 2434/2434
f 1816/1816 2434/2434 2436/2436
f 1810/1810 2437/2437 2435/2435
f 1810/1810 2435/2435 1805/1805
f 2436/2436 2434/2434 2438/2438
f 2436/2436 2438/2438 2440/2440
f 2437/2437 2441/2441 2439/2439
f 2437/2437 2439/2439 2435/2435
f 2424/2424 2418/2418 1812/1812
f 2424/2424 1812/1812 2432/2432
f 1800/1800 2442/2442 2443/2443
f 1800/1800 2443/2443 1818/1818
f 1811/1811 2443/2443 2444/2444
f 1811/1811 2444/2444 2431/2431
f 2445/2445 2446/2446 2447/2447
f 2445/2445 2447/2447 2448/2448
f 2448/2448 2447/2447 2449/2449
f 2448/2448 2449/2449 2450/2450
f 2443/2443 2448/2448 2450/2450
f 2443/2443 2450/2450 2444/2444
f 2442/2442 2445/2445 2448/2448
f 2442/2442 2448/2448 2443/2443
f 1899/1899 2452/2452 2456/2456
f 1899/1899 2456/2456 2019/2019
f 2021/2021 2458/2458 2462/2462
f 2021/2021 2462/2462 2067/2067
f 2065/2065 2460/2460 2464/2464
f 2065/2065 2464/2464 2030/2030
f 2027/2027 2463/2463 2451/2451
f 2027/2027 2451/2451 1895/1895
f 2453/2453 2469/2469 2457/2457
f 2455/2455 2467/2467 2459/2459
f 2461/2461 2468/2468 2465/2465
f 2466/2466 2470/2470 2454/2454
f 2471/2471 2472/2472 2473/2473
f 2471/2471 2473/2473 2474/2474
f 2474/2474 2473/2473 2475/2475
f 2474/2474 2475/2475 2476/2476
f 2472/2472 2477/2477 2478/2478
f 2472/2472 2478/2478 2473/2473
f 2473/2473 2478/2478 2479/2479
f 2473/2473 2479/2479 2475/2475
f 2480/2480 2481/2481 2482/2482
f 2480/2480 2482/2482 2483/2483
f 2483/2483 2482/2482 2484/2484
f 2483/2483 2484/2484 2485/2485
f 2486/2486 2487/2487 2488/2488
f 2486/2486 2488/2488 2489/2489
f 2489/2489 2488/2488 2490/2490
f 2489/2489 2490/2490 2491/2491
f 2482/2482 2489/2489 2491/2491
f 2482/2482 2491/2491 2484/2484
f 2481/2481 2486/2486 2489/2489
f 2481/2481 2489/2489 2482/2482
f 2494/2494 2277/2277 2497/2497
f 2494/2494 2497/2497 2500/2500
f 2285/2285 2505/2505 2273/2273
f 2285/2285 2273/2273 2509/2509
f 2507/2507 2272/2272 2264/2264
f 2507/2507 2264/2264 2513/2513
f 2511/2511 2263/2263 2259/2259
f 2511/2511 2259/2259 2517/2517
f 2515/2515 2257/2257 2256/2256
f 2515/2515 2256/2256 2520/2520
f 2518/2518 2254/2254 2267/2267
f 2518/2518 2267/2267 2524/2524
f 2522/2522 2265/2265 2274/2274
f 2522/2522 2274/2274 2493/2493
f 2527/2527 2528/2528 2532/2532
f 2533/2533 2528/2528 2527/2527
f 2537/2537 2528/2528 2533/2533
f 2540/2540 2528/2528 2537/2537
f 2544/2544 2528/2528 2540/2540
f 2545/2545 2528/2528 2544/2544
f 2549/2549 2528/2528 2545/2545
f 2532/2532 2528/2528 2549/2549
f 2501/2501 2550/2550 2556/2556
f 2501/2501 2556/2556 2495/2495
f 2283/2283 2559/2559 2553/2553
f 2283/2283 2553/2553 2503/2503
f 2508/2508 2565/2565 2561/2561
f 2508/2508 2561/2561 2284/2284
f 2512/2512 2568/2568 2562/2562
f 2512/2512 2562/2562 2506/2506
f 2516/2516 2573/2573 2567/2567
f 2516/2516 2567/2567 2510/2510
f 2521/2521 2577/2577 2571/2571
f 2521/2521 2571/2571 2514/2514
f 2525/2525 2579/2579 2574/2574
f 2525/2525 2574/2574 2519/2519
f 2492/2492 2554/2554 2578/2578
f 2492/2492 2578/2578 2523/2523
f 2551/2551 2582/2582 2585/2585
f 2551/2551 2585/2585 2557/2557
f 2558/2558 2586/2586 2583/2583
f 2558/2558 2583/2583 2552/2552
f 2563/2563 2589/2589 2587/2587
f 2563/2563 2587/2587 2560/2560
f 2569/2569 2591/2591 2588/2588
f 2569/2569 2588/2588 2564/2564
f 2572/2572 2593/2593 2590/2590
f 2572/2572 2590/2590 2566/2566
f 2576/2576 2595/2595 2592/2592
f 2576/2576 2592/2592 2570/2570
f 2580/2580 2597/2597 2594/2594
f 2580/2580 2594/2594 2575/2575
f 2555/2555 2584/2584 2596/2596
f 2555/2555 2596/2596 2581/2581
f 2582/2582 2598/2598 2601/2601
f 2582/2582 2601/2601 2585/2585
f 2586/2586 2602/2602 2599/2599
f 2586/2586 2599/2599 2583/2583
f 2589/2589 2605/2605 2603/2603
f 2589/2589 2603/2603 2587/2587
f 2591/2591 2607/2607 2604/2604
f 2591/2591 2604/2604 2588/2588
f 2593/2593 2609/2609 2606/2606
f 2593/2593 2606/2606 2590/2590
f 2595/2595 2611/2611 2608/2608
f 2595/2595 2608/2608 2592/2592
f 2597/2597 2613/2613 2610/2610
f 2597/2597 2610/2610 2594/2594
f 2584/2584 2600/2600 2612/2612
f 2584/2584 2612/2612 2596/2596
f 2598/2598 2614/2614 2617/2617
f 2598/2598 2617/2617 2601/2601
f 2602/2602 2618/2618 2615/2615
f 2602/2602 2615/2615 2599/2599
f 2605/2605 2620/2620 2619/2619
f 2605/2605 2619/2619 2603/2603
f 2607/2607 2623/2623 2621/2621
f 2607/2607 2621/2621 2604/2604
f 2609/2609 2625/2625 2622/2622
f 2609/2609 2622/2622 2606/2606
f 2611/2611 2627/2627 2624/2624
f 2611/2611 2624/2624 2608/2608
f 2613/2613 2629/2629 2626/2626
f 2613/2613 2626/2626 2610/2610
f 2600/2600 2616/2616 2628/2628
f 2600/2600 2628/2628 2612/2612
f 2614/2614 2631/2631 2638/2638
f 2614/2614 2638/2638 2617/2617
f 2618/2618 2639/2639 2632/2632
f 2618/2618 2632/2632 2615/2615
f 2620/2620 2644/2644 2643/2643
f 2620/2620 2643/2643 2619/2619
f 2623/2623 2651/2651 2645/2645
f 2623/2623 2645/2645 2621/2621
f 2625/2625 2656/2656 2649/2649
f 2625/2625 2649/2649 2622/2622
f 2627/2627 2660/2660 2653/2653
f 2627/2627 2653/2653 2624/2624
f 2629/2629 2665/2665 2657/2657
f 2629/2629 2657/2657 2626/2626
f 2616/2616 2635/2635 2664/2664
f 2616/2616 2664/2664 2628/2628
f 2655/2655 2668/2668 2672/2672
f 2655/2655 2672/2672 2648/2648
f 2674/2674 2677/2677 2681/2681
f 2674/2674 2681/2681 2541/2541
f 2539/2539 2683/2683 2684/2684
f 2539/2539 2684/2684 2543/2543
f 2686/2686 2667/2667 2654/2654
f 2686/2686 2654/2654 2661/2661
f 2543/2543 2684/2684 2691/2691
f 2543/2543 2691/2691 2546/2546
f 2692/2692 2696/2696 2700/2700
f 2692/2692 2700/2700 2703/2703
f 2630/2630 2704/2704 2707/2707
f 2630/2630 2707/2707 2637/2637
f 2709/2709 2710/2710 2711/2711
f 2709/2709 2711/2711 2530/2530
f 2531/2531 2712/2712 2713/2713
f 2531/2531 2713/2713 2526/2526
f 2640/2640 2714/2714 2705/2705
f 2640/2640 2705/2705 2633/2633
f 2526/2526 2713/2713 2716/2716
f 2526/2526 2716/2716 2534/2534
f 2536/2536 2717/2717 2718/2718
f 2536/2536 2718/2718 2720/2720
f 2704/2704 2721/2721 2724/2724
f 2704/2704 2724/2724 2707/2707
f 2714/2714 2725/2725 2722/2722
f 2714/2714 2722/2722 2705/2705
f 2717/2717 2728/2728 2729/2729
f 2717/2717 2729/2729 2718/2718
f 2713/2713 2731/2731 2727/2727
f 2713/2713 2727/2727 2716/2716
f 2712/2712 2733/2733 2730/2730
f 2712/2712 2730/2730 2713/2713
f 2734/2734 2732/2732 2711/2711
f 2734/2734 2711/2711 2710/2710
f 2721/2721 2735/2735 2741/2741
f 2721/2721 2741/2741 2724/2724
f 2725/2725 2744/2744 2738/2738
f 2725/2725 2738/2738 2722/2722
f 2728/2728 2750/2750 2752/2752
f 2728/2728 2752/2752 2729/2729
f 2731/2731 2755/2755 2747/2747
f 2731/2731 2747/2747 2727/2727
f 2733/2733 2760/2760 2754/2754
f 2733/2733 2754/2754 2730/2730
f 2734/2734 2761/2761 2757/2757
f 2734/2734 2757/2757 2732/2732
f 2736/2736 2764/2764 2770/2770
f 2736/2736 2770/2770 2742/2742
f 2762/2762 2773/2773 2775/2775
f 2762/2762 2775/2775 2758/2758
f 2759/2759 2777/2777 2779/2779
f 2759/2759 2779/2779 2753/2753
f 2743/2743 2782/2782 2765/2765
f 2743/2743 2765/2765 2737/2737
f 2756/2756 2780/2780 2786/2786
f 2756/2756 2786/2786 2748/2748
f 2749/2749 2788/2788 2790/2790
f 2749/2749 2790/2790 2751/2751
f 2636/2636 2706/2706 2710/2710
f 2636/2636 2710/2710 2709/2709
f 2703/2703 2700/2700 2794/2794
f 2703/2703 2794/2794 2659/2659
f 2650/2650 2799/2799 2677/2677
f 2650/2650 2677/2677 2674/2674
f 2718/2718 2715/2715 2641/2641
f 2718/2718 2641/2641 2720/2720
f 2729/2729 2726/2726 2715/2715
f 2729/2729 2715/2715 2718/2718
f 2752/2752 2746/2746 2726/2726
f 2752/2752 2726/2726 2729/2729
f 2790/2790 2784/2784 2745/2745
f 2790/2790 2745/2745 2751/2751
f 2740/2740 2768/2768 2773/2773
f 2740/2740 2773/2773 2762/2762
f 2723/2723 2739/2739 2761/2761
f 2723/2723 2761/2761 2734/2734
f 2706/2706 2723/2723 2734/2734
f 2706/2706 2734/2734 2710/2710
f 2804/2804 2808/2808 2812/2812
f 2815/2815 2809/2809 2817/2817
f 2822/2822 2810/2810 2828/2828
f 2819/2819 2811/2811 2824/2824
f 2825/2825 2807/2807 2831/2831
f 2829/2829 2806/2806 2802/2802
f 2763/2763 2826/2826 2832/2832
f 2763/2763 2832/2832 2769/2769
f 2783/2783 2821/2821 2827/2827
f 2783/2783 2827/2827 2766/2766
f 2791/2791 2818/2818 2823/2823
f 2791/2791 2823/2823 2785/2785
f 2789/2789 2820/2820 2792/2792
f 2781/2781 2814/2814 2816/2816
f 2781/2781 2816/2816 2787/2787
f 2776/2776 2805/2805 2813/2813
f 2776/2776 2813/2813 2778/2778
f 2771/2771 2801/2801 2774/2774
f 2767/2767 2830/2830 2803/2803
f 2767/2767 2803/2803 2772/2772
f 2833/2833 2834/2834 2836/2836
f 2833/2833 2836/2836 2838/2838
f 2839/2839 2841/2841 2833/2833
f 2839/2839 2833/2833 2838/2838
f 2844/2844 2845/2845 2842/2842
f 2844/2844 2842/2842 2840/2840
f 2846/2846 2848/2848 2845/2845
f 2846/2846 2845/2845 2843/2843
f 2850/2850 2851/2851 2849/2849
f 2850/2850 2849/2849 2847/2847
f 2853/2853 2855/2855 2851/2851
f 2853/2853 2851/2851 2850/2850
f 2857/2857 2859/2859 2854/2854
f 2857/2857 2854/2854 2852/2852
f 2837/2837 2835/2835 2858/2858
f 2837/2837 2858/2858 2856/2856
f 2686/2686 2861/2861 2862/2862
f 2686/2686 2862/2862 2667/2667
f 2864/2864 2860/2860 2685/2685
f 2864/2864 2685/2685 2868/2868
f 2690/2690 2872/2872 2865/2865
f 2690/2690 2865/2865 2869/2869
f 2684/2684 2879/2879 2875/2875
f 2684/2684 2875/2875 2691/2691
f 2683/2683 2882/2882 2877/2877
f 2683/2683 2877/2877 2684/2684
f 2673/2673 2895/2895 2893/2893
f 2673/2673 2893/2893 2888/2888
f 2668/2668 2863/2863 2894/2894
f 2668/2668 2894/2894 2672/2672
f 2851/2851 2897/2897 2901/2901
f 2851/2851 2901/2901 2849/2849
f 2848/2848 2899/2899 2904/2904
f 2848/2848 2904/2904 2845/2845
f 2845/2845 2904/2904 2909/2909
f 2845/2845 2909/2909 2842/2842
f 2841/2841 2907/2907 2911/2911
f 2841/2841 2911/2911 2833/2833
f 2835/2835 2916/2916 2918/2918
f 2835/2835 2918/2918 2858/2858
f 2833/2833 2911/2911 2914/2914
f 2833/2833 2914/2914 2834/2834
f 2859/2859 2919/2919 2921/2921
f 2859/2859 2921/2921 2854/2854
f 2855/2855 2923/2923 2897/2897
f 2855/2855 2897/2897 2851/2851
f 2898/2898 2926/2926 2902/2902
f 2900/2900 2925/2925 2927/2927
f 2900/2900 2927/2927 2903/2903
f 2905/2905 2928/2928 2930/2930
f 2905/2905 2930/2930 2908/2908
f 2906/2906 2929/2929 2910/2910
f 2708/2708 2529/2529 2548/2548
f 2708/2708 2548/2548 2932/2932
f 2675/2675 2542/2542 2538/2538
f 2675/2675 2538/2538 2933/2933
f 2646/2646 2652/2652 2675/2675
f 2646/2646 2675/2675 2933/2933
f 2663/2663 2634/2634 2708/2708
f 2663/2663 2708/2708 2932/2932
f 2666/2666 2931/2931 2702/2702
f 2666/2666 2702/2702 2658/2658
f 2547/2547 2693/2693 2702/2702
f 2547/2547 2702/2702 2931/2931
f 2646/2646 2933/2933 2719/2719
f 2646/2646 2719/2719 2642/2642
f 2538/2538 2535/2535 2719/2719
f 2538/2538 2719/2719 2933/2933
f 2691/2691 2934/2934 2936/2936
f 2691/2691 2936/2936 2546/2546
f 2662/2662 2796/2796 2937/2937
f 2662/2662 2937/2937 2687/2687
f 2545/2545 2935/2935 2695/2695
f 2545/2545 2695/2695 2549/2549
f 2867/2867 2940/2940 2942/2942
f 2867/2867 2942/2942 2876/2876
f 2873/2873 2941/2941 2943/2943
f 2873/2873 2943/2943 2944/2944
f 2945/2945 2947/2947 2949/2949
f 2945/2945 2949/2949 2951/2951
f 2954/2954 2956/2956 2939/2939
f 2954/2954 2939/2939 2866/2866
f 2952/2952 2950/2950 2957/2957
f 2952/2952 2957/2957 2959/2959
f 2961/2961 2962/2962 2955/2955
f 2961/2961 2955/2955 2953/2953
f 2539/2539 2679/2679 2963/2963
f 2539/2539 2963/2963 2683/2683
f 2671/2671 2965/2965 2647/2647
f 2965/2965 2797/2797 2647/2647
f 2881/2881 2966/2966 2969/2969
f 2881/2881 2969/2969 2890/2890
f 2971/2971 2973/2973 2975/2975
f 2971/2971 2975/2975 2977/2977
f 2976/2976 2974/2974 2978/2978
f 2976/2976 2978/2978 2979/2979
f 2891/2891 2968/2968 2980/2980
f 2891/2891 2980/2980 2983/2983
f 2985/2985 2986/2986 2987/2987
f 2985/2985 2987/2987 2989/2989
f 2990/2990 2988/2988 2972/2972
f 2990/2990 2972/2972 2970/2970
f 2950/2950 2992/2992 2995/2995
f 2950/2950 2995/2995 2957/2957
f 2947/2947 2999/2999 2991/2991
f 2947/2947 2991/2991 2949/2949
f 2941/2941 3004/3004 3008/3008
f 2941/2941 3008/3008 2943/2943
f 2940/2940 3012/3012 3006/3006
f 2940/2940 3006/3006 2942/2942
f 2956/2956 3016/3016 3011/3011
f 2956/2956 3011/3011 2939/2939
f 2962/2962 3018/3018 3014/3014
f 2962/2962 3014/3014 2955/2955
f 2968/2968 3021/3021 3024/3024
f 2968/2968 3024/3024 2980/2980
f 2966/2966 3028/3028 3020/3020
f 2966/2966 3020/3020 2969/2969
f 2974/2974 3032/3032 3036/3036
f 2974/2974 3036/3036 2978/2978
f 2973/2973 3041/3041 3035/3035
f 2973/2973 3035/3035 2975/2975
f 2988/2988 3044/3044 3038/3038
f 2988/2988 3038/3038 2972/2972
f 2986/2986 3047/3047 3042/3042
f 2986/2986 3042/3042 2987/2987
f 2934/2934 2698/2698 2694/2694
f 2934/2934 2694/2694 2936/2936
f 2943/2943 2948/2948 2946/2946
f 2943/2943 2946/2946 2944/2944
f 3008/3008 3002/3002 2948/2948
f 3008/3008 2948/2948 2943/2943
f 2958/2958 2997/2997 3018/3018
f 2958/2958 3018/3018 2962/2962
f 2960/2960 2958/2958 2962/2962
f 2960/2960 2962/2962 2961/2961
f 2979/2979 2978/2978 2967/2967
f 2979/2979 2967/2967 2884/2884
f 3036/3036 3030/3030 2967/2967
f 3036/3036 2967/2967 2978/2978
f 2981/2981 3027/3027 3047/3047
f 2981/2981 3047/3047 2986/2986
f 2984/2984 2981/2981 2986/2986
f 2984/2984 2986/2986 2985/2985
f 2861/2861 2837/2837 2856/2856
f 2861/2861 2856/2856 2862/2862
f 2838/2838 2836/2836 2860/2860
f 2838/2838 2860/2860 2864/2864
f 2871/2871 2839/2839 2838/2838
f 2871/2871 2838/2838 2864/2864
f 2879/2879 2844/2844 2840/2840
f 2879/2879 2840/2840 2875/2875
f 2883/2883 2846/2846 2843/2843
f 2883/2883 2843/2843 2878/2878
f 2893/2893 2850/2850 2847/2847
f 2893/2893 2847/2847 2885/2885
f 2895/2895 2853/2853 2850/2850
f 2895/2895 2850/2850 2893/2893
f 2863/2863 2857/2857 2852/2852
f 2863/2863 2852/2852 2894/2894
f 2938/2938 2961/2961 2953/2953
f 2938/2938 2953/2953 2688/2688
f 2689/2689 2954/2954 2866/2866
f 2689/2689 2866/2866 2870/2870
f 2691/2691 2874/2874 2944/2944
f 2691/2691 2944/2944 2934/2934
f 2946/2946 2698/2698 2934/2934
f 2946/2946 2934/2934 2944/2944
f 2697/2697 2945/2945 2951/2951
f 2697/2697 2951/2951 2699/2699
f 2701/2701 2952/2952 2959/2959
f 2701/2701 2959/2959 2793/2793
f 2795/2795 2960/2960 2961/2961
f 2795/2795 2961/2961 2938/2938
f 2964/2964 2985/2985 2989/2989
f 2964/2964 2989/2989 2798/2798
f 2800/2800 2990/2990 2970/2970
f 2800/2800 2970/2970 2676/2676
f 2678/2678 2971/2971 2977/2977
f 2678/2678 2977/2977 2680/2680
f 2679/2679 2976/2976 2979/2979
f 2679/2679 2979/2979 2963/2963
f 2963/2963 2979/2979 2884/2884
f 2963/2963 2884/2884 2683/2683
f 2682/2682 2880/2880 2889/2889
f 2682/2682 2889/2889 2886/2886
f 2887/2887 2892/2892 2982/2982
f 2887/2887 2982/2982 2669/2669
f 2670/2670 2984/2984 2985/2985
f 2670/2670 2985/2985 2964/2964
f 3051/3051 3060/3060 3063/3063
f 3061/3061 3056/3056 3065/3065
f 3068/3068 3057/3057 3072/3072
f 3070/3070 3053/3053 3074/3074
f 3079/3079 3055/3055 3081/3081
f 3075/3075 3054/3054 3077/3077
f 3084/3084 3058/3058 3086/3086
f 3088/3088 3059/3059 3050/3050
f 2912/2912 3076/3076 3078/3078
f 2912/2912 3078/3078 2913/2913
f 2929/2929 3069/3069 3073/3073
f 2929/2929 3073/3073 2910/2910
f 2928/2928 3067/3067 3071/3071
f 2928/2928 3071/3071 2930/2930
f 2925/2925 3062/3062 3066/3066
f 2925/2925 3066/3066 2927/2927
f 2898/2898 3052/3052 3064/3064
f 2898/2898 3064/3064 2926/2926
f 2924/2924 3087/3087 3049/3049
f 2924/2924 3049/3049 2896/2896
f 2920/2920 3083/3083 3085/3085
f 2920/2920 3085/3085 2922/2922
f 2915/2915 3080/3080 3082/3082
f 2915/2915 3082/3082 2917/2917
f 3009/3009 3089/3089 3095/3095
f 3009/3009 3095/3095 3005/3005
f 3003/3003 3093/3093 3097/3097
f 3003/3003 3097/3097 3007/3007
f 3015/3015 3101/3101 3090/3090
f 3015/3015 3090/3090 3010/3010
f 3019/3019 3105/3105 3099/3099
f 3019/3019 3099/3099 3013/3013
f 3007/3007 3097/3097 3109/3109
f 3007/3007 3109/3109 3001/3001
f 3000/3000 3108/3108 3114/3114
f 3000/3000 3114/3114 2994/2994
f 2993/2993 3113/3113 3116/3116
f 2993/2993 3116/3116 2996/2996
f 2998/2998 3118/3118 3104/3104
f 2998/2998 3104/3104 3017/3017
f 3092/3092 3122/3122 3125/3125
f 3092/3092 3125/3125 3096/3096
f 3094/3094 3123/3123 3126/3126
f 3094/3094 3126/3126 3098/3098
f 3102/3102 3130/3130 3121/3121
f 3102/3102 3121/3121 3091/3091
f 3106/3106 3134/3134 3128/3128
f 3106/3106 3128/3128 3100/3100
f 3098/3098 3126/3126 3137/3137
f 3098/3098 3137/3137 3110/3110
f 3107/3107 3135/3135 3138/3138
f 3107/3107 3138/3138 3111/3111
f 3112/3112 3139/3139 3142/3142
f 3112/3112 3142/3142 3115/3115
f 3117/3117 3144/3144 3131/3131
f 3117/3117 3131/3131 3103/3103
f 3120/3120 3152/3152 3124/3124
f 3123/3123 3149/3149 3126/3126
f 3129/3129 3151/3151 3119/3119
f 3133/3133 3150/3150 3127/3127
f 3126/3126 3149/3149 3137/3137
f 3136/3136 3146/3146 3140/3140
f 3141/3141 3147/3147 3143/3143
f 3145/3145 3148/3148 3132/3132
f 3040/3040 3156/3156 3162/3162
f 3040/3040 3162/3162 3034/3034
f 3033/3033 3159/3159 3163/3163
f 3033/3033 3163/3163 3037/3037
f 3048/3048 3168/3168 3170/3170
f 3048/3048 3170/3170 3043/3043
f 3045/3045 3172/3172 3155/3155
f 3045/3045 3155/3155 3039/3039
f 3029/3029 3173/3173 3180/3180
f 3029/3029 3180/3180 3023/3023
f 3037/3037 3163/3163 3175/3175
f 3037/3037 3175/3175 3031/3031
f 3022/3022 3179/3179 3183/3183
f 3022/3022 3183/3183 3025/3025
f 3026/3026 3185/3185 3165/3165
f 3026/3026 3165/3165 3046/3046
f 3154/3154 3189/3189 3161/3161
f 3160/3160 3188/3188 3192/3192
f 3160/3160 3192/3192 3164/3164
f 3167/3167 3195/3195 3197/3197
f 3167/3167 3197/3197 3169/3169
f 3171/3171 3199/3199 3153/3153
f 3174/3174 3202/3202 3182/3182
f 3164/3164 3192/3192 3204/3204
f 3164/3164 3204/3204 3176/3176
f 3181/3181 3206/3206 3184/3184
f 3186/3186 3208/3208 3194/3194
f 3186/3186 3194/3194 3166/3166
f 3158/3158 3212/3212 3216/3216
f 3158/3158 3216/3216 3190/3190
f 3187/3187 3213/3213 3217/3217
f 3187/3187 3217/3217 3191/3191
f 3196/3196 3222/3222 3224/3224
f 3196/3196 3224/3224 3198/3198
f 3200/3200 3226/3226 3211/3211
f 3200/3200 3211/3211 3157/3157
f 3201/3201 3227/3227 3231/3231
f 3201/3201 3231/3231 3177/3177
f 3191/3191 3217/3217 3229/3229
f 3191/3191 3229/3229 3203/3203
f 3178/3178 3232/3232 3235/3235
f 3178/3178 3235/3235 3205/3205
f 3207/3207 3237/3237 3219/3219
f 3207/3207 3219/3219 3193/3193
f 3210/3210 3245/3245 3215/3215
f 3214/3214 3242/3242 3218/3218
f 3221/3221 3243/3243 3223/3223
f 3225/3225 3244/3244 3209/3209
f 3228/3228 3239/3239 3233/3233
f 3218/3218 3242/3242 3230/3230
f 3234/3234 3240/3240 3236/3236
f 3238/3238 3241/3241 3220/3220
f 3246/3246 3247/3247 3248/3248
f 3246/3246 3248/3248 3249/3249
f 3249/3249 3248/3248 3250/3250
f 3249/3249 3250/3250 3251/3251
f 3252/3252 3253/3253 3254/3254
f 3252/3252 3254/3254 3255/3255
f 3255/3255 3254/3254 3256/3256
f 3255/3255 3256/3256 3257/3257
f 3248/3248 3255/3255 3257/3257
f 3248/3248 3257/3257 3250/3250
f 3247/3247 3252/3252 3255/3255
f 3247/3247 3255/3255 3248/3248
f 3258/3258 3259/3259 3260/3260
f 3258/3258 3260/3260 3261/3261
f 3261/3261 3260/3260 3262/3262
f 3261/3261 3262/3262 3263/3263
f 3264/3264 3265/3265 3266/3266
f 3264/3264 3266/3266 3267/3267
f 3267/3267 3266/3266 3268/3268
f 3267/3267 3268/3268 3269/3269
f 3260/3260 3267/3267 3269/3269
f 3260/3260 3269/3269 3262/3262
f 3259/3259 3264/3264 3267/3267
f 3259/3259 3267/3267 3260/3260
f 2320/2320 2343/2343 782/782
f 2320/2320 782/782 753/753
f 2318/2318 2334/2334 2342/2342
f 2318/2318 2342/2342 2319/2319
f 2316/2316 2322/2322 2333/2333
f 2316/2316 2333/2333 2317/2317
f 2367/2367 2325/2325 2323/2323
f 2367/2367 2323/2323 2315/2315
f 2365/2365 2346/2346 2326/2326
f 2365/2365 2326/2326 2368/2368
f 2369/2369 2371/2371 2349/2349
f 2369/2369 2349/2349 2366/2366
f 821/821 828/828 2374/2374
f 821/821 2374/2374 2370/2370
f 2258/2258 2262/2262 2230/2230
f 2278/2278 2292/2292 2312/2312
f 2278/2278 2312/2312 2498/2498
f 2253/2253 2225/2225 2268/2268
f 1920/1920 1978/1978 1864/1864
f 1920/1920 1864/1864 1910/1910
f 3270/3270 3271/3271 3272/3272
f 3270/3270 3272/3272 3273/3273
f 3271/3271 3274/3274 3275/3275
f 3271/3271 3275/3275 3272/3272
f 3276/3276 3277/3277 3278/3278
f 3276/3276 3278/3278 3279/3279
f 3277/3277 3280/3280 3281/3281
f 3277/3277 3281/3281 3278/3278
f 3272/3272 3275/3275 3280/3280
f 3272/3272 3280/3280 3277/3277
f 3273/3273 3272/3272 3277/3277
f 3273/3273 3277/3277 3276/3276
f 3282/3282 3283/3283 3284/3284
f 3282/3282 3284/3284 3285/3285
f 3283/3283 3286/3286 3287/3287
f 3283/3283 3287/3287 3284/3284
f 3288/3288 3289/3289 3290/3290
f 3288/3288 3290/3290 3291/3291
f 3289/3289 3292/3292 3293/3293
f 3289/3289 3293/3293 3290/3290
f 3284/3284 3287/3287 3292/3292
f 3284/3284 3292/3292 3289/3289
f 3285/3285 3284/3284 3289/3289
f 3285/3285 3289/3289 3288/3288
f 3294/3294 3295/3295 3296/3296
f 3294/3294 3296/3296 3297/3297
f 3295/3295 3298/3298 3299/3299
f 3295/3295 3299/3299 3296/3296
f 3300/3300 3301/3301 3302/3302
f 3300/3300 3302/3302 3303/3303
f 3301/3301 3304/3304 3305/3305
f 3301/3301 3305/3305 3302/3302
f 3296/3296 3299/3299 3304/3304
f 3296/3296 3304/3304 3301/3301
f 3297/3297 3296/3296 3301/3301
f 3297/3297 3301/3301 3300/3300
f 3306/3306 3307/3307 3308/3308
f 3306/3306 3308/3308 3309/3309
f 3307/3307 3310/3310 3311/3311
f 3307/3307 3311/3311 3308/3308
f 3312/3312 3313/3313 3314/3314
f 3312/3312 3314/3314 3315/3315
f 3313/3313 3316/3316 3317/3317
f 3313/3313 3317/3317 3314/3314
f 3308/3308 3311/3311 3316/3316
f 3308/3308 3316/3316 3313/3313
f 3309/3309 3308/3308 3313/3313
f 3309/3309 3313/3313 3312/3312
f 3318/3318 3319/3319 3320/3320
f 3318/3318 3320/3320 3321/3321
f 3319/3319 3322/3322 3323/3323
f 3319/3319 3323/3323 3320/3320
f 3324/3324 3325/3325 3326/3326
f 3324/3324 3326/3326 3327/3327
f 3325/3325 3328/3328 3329/3329
f 3325/3325 3329/3329 3326/3326
f 3320/3320 3323/3323 3328/3328
f 3320/3320 3328/3328 3325/3325
f 3321/3321 3320/3320 3325/3325
f 3321/3321 3325/3325 3324/3324
f 3330/3330 3331/3331 3332/3332
f 3330/3330 3332/3332 3333/3333
f 3331/3331 3334/3334 3335/3335
f 3331/3331 3335/3335 3332/3332
f 3336/3336 3337/3337 3338/3338
f 3336/3336 3338/3338 3339/3339
f 3337/3337 3340/3340 3341/3341
f 3337/3337 3341/3341 3338/3338
f 3332/3332 3335/3335 3340/3340
f 3332/3332 3340/3340 3337/3337
f 3333/3333 3332/3332 3337/3337
f 3333/3333 3337/3337 3336/3336
f 3342/3342 3343/3343 3344/3344
f 3342/3342 3344/3344 3345/3345
f 3343/3343 3346/3346 3347/3347
f 3343/3343 3347/3347 3344/3344
f 3348/3348 3349/3349 3350/3350
f 3348/3348 3350/3350 3351/3351
f 3349/3349 3352/3352 3353/3353
f 3349/3349 3353/3353 3350/3350
f 3344/3344 3347/3347 3352/3352
f 3344/3344 3352/3352 3349/3349
f 3345/3345 3344/3344 3349/3349
f 3345/3345 3349/3349 3348/3348
f 3354/3354 3355/3355 3356/3356
f 3354/3354 3356/3356 3357/3357
f 3355/3355 3358/3358 3359/3359
f 3355/3355 3359/3359 3356/3356
f 3360/3360 3361/3361 3362/3362
f 3360/3360 3362/3362 3363/3363
f 3361/3361 3364/3364 3365/3365
f 3361/3361 3365/3365 3362/3362
f 3356/3356 3359/3359 3364/3364
f 3356/3356 3364/3364 3361/3361
f 3357/3357 3356/3356 3361/3361
f 3357/3357 3361/3361 3360/3360
f 3366/3366 3367/3367 3368/3368
f 3366/3366 3368/3368 3369/3369
f 3367/3367 3370/3370 3371/3371
f 3367/3367 3371/3371 3368/3368
f 3372/3372 3373/3373 3374/3374
f 3372/3372 3374/3374 3375/3375
f 3373/3373 3376/3376 3377/3377
f 3373/3373 3377/3377 3374/3374
f 3368/3368 3371/3371 3376/3376
f 3368/3368 3376/3376 3373/3373
f 3369/3369 3368/3368 3373/3373
f 3369/3369 3373/3373 3372/3372
f 3378/3378 3379/3379 3380/3380
f 3378/3378 3380/3380 3381/3381
f 3379/3379 3382/3382 3383/3383
f 3379/3379 3383/3383 3380/3380
f 3384/3384 3385/3385 3386/3386
f 3384/3384 3386/3386 3387/3387
f 3385/3385 3388/3388 3389/3389
f 3385/3385 3389/3389 3386/3386
f 3380/3380 3383/3383 3388/3388
f 3380/3380 3388/3388 3385/3385
f 3381/3381 3380/3380 3385/3385
f 3381/3381 3385/3385 3384/3384
f 3390/3390 3391/3391 3392/3392
f 3390/3390 3392/3392 3393/3393
f 3391/3391 3394/3394 3395/3395
f 3391/3391 3395/3395 3392/3392
f 3396/3396 3397/3397 3398/3398
f 3396/3396 3398/3398 3399/3399
f 3397/3397 3400/3400 3401/3401
f 3397/3397 3401/3401 3398/3398
f 3392/3392 3395/3395 3400/3400
f 3392/3392 3400/3400 3397/3397
f 3393/3393 3392/3392 3397/3397
f 3393/3393 3397/3397 3396/3396
f 3402/3402 3403/3403 3404/3404
f 3402/3402 3404/3404 3405/3405
f 3403/3403 3406/3406 3407/3407
f 3403/3403 3407/3407 3404/3404
f 3408/3408 3409/3409 3410/3410
f 3408/3408 3410/3410 3411/3411
f 3409/3409 3412/3412 3413/3413
f 3409/3409 3413/3413 3410/3410
f 3404/3404 3407/3407 3412/3412
f 3404/3404 3412/3412 3409/3409
f 3405/3405 3404/3404 3409/3409
f 3405/3405 3409/3409 3408/3408
f 3414/3414 3415/3415 3416/3416
f 3414/3414 3416/3416 3417/3417
f 3415/3415 3418/3418 3419/3419
f 3415/3415 3419/3419 3416/3416
f 3420/3420 3421/3421 3422/3422
f 3420/3420 3422/3422 3423/3423
f 3421/3421 3424/3424 3425/3425
f 3421/3421 3425/3425 3422/3422
f 3416/3416 3419/3419 3424/3424
f 3416/3416 3424/3424 3421/3421
f 3417/3417 3416/3416 3421/3421
f 3417/3417 3421/3421 3420/3420
f 3426/3426 3427/3427 3428/3428
f 3426/3426 3428/3428 3429/3429
f 3427/3427 3430/3430 3431/3431
f 3427/3427 3431/3431 3428/3428
f 3432/3432 3433/3433 3434/3434
f 3432/3432 3434/3434 3435/3435
f 3433/3433 3436/3436 3437/3437
f 3433/3433 3437/3437 3434/3434
f 3428/3428 3431/3431 3436/3436
f 3428/3428 3436/3436 3433/3433
f 3429/3429 3428/3428 3433/3433
f 3429/3429 3433/3433 3432/3432
f 966/966 689/689 705/705
f 740/740 730/730 3438/3438
f 740/740 3438/3438 3443/3443
f 2269/2269 2504/2504 2279/2279
f 2314/2314 741/741 3446/3446
f 2314/2314 3446/3446 3451/3451
f 3455/3455 3458/3458 3461/3461
f 3455/3455 3461/3461 3465/3465
f 3466/3466 3452/3452 3462/3462
f 3466/3466 3462/3462 3469/3469
f 3445/3445 3439/3439 3456/3456
f 3445/3445 3456/3456 3454/3454
f 3441/3441 721/721 3460/3460
f 3441/3441 3460/3460 3457/3457
f 719/719 716/716 3464/3464
f 719/719 3464/3464 3459/3459
f 3450/3450 3444/3444 3468/3468
f 3444/3444 3453/3453 3468/3468
f 715/715 2296/2296 3471/3471
f 715/715 3471/3471 3463/3463
f 2294/2294 3448/3448 3467/3467
f 2294/2294 3467/3467 3470/3470
f 734/734 960/960 957/957
f 734/734 957/957 3442/3442
f 2496/2496 2310/2310 3447/3447
f 2496/2496 3447/3447 2499/2499
f 702/702 718/718 3440/3440
f 702/702 3440/3440 954/954
f 2282/2282 2502/2502 3449/3449
f 2282/2282 3449/3449 2297/2297

